ID,Category,Channel,Title,URL,Duration,Views,Explanation_Type,Visuals,Examples,Analogies,Real_Life,Quality,Creator_Takeaways,duration_seconds,views_numeric,combined_text,has_analogy,has_example,has_visual,has_math,has_code,has_application
VID-001,Machine Learning (ML),3Blue1Brown,But what is a neural network? | Deep learning chapter 1,http://www.youtube.com/watch?v=aircAruvnKk,18:40,24.2M+,Mathematical & Geometric Intuition,Custom Manim animations; dynamic 28x28 pixel grid activations; colored weight synapses (green/red); layered node transformations.,MNIST handwritten digit recognition focusing on handwritten '3's vs other digits.,Biological neurons firing vs mathematical dials/weights (0 to 1); layered abstraction hierarchy (pixels -> edges -> loops -> digits).,Human visual cortex processing; speech recognition acoustic decomposition; YouTube recommendation algorithms.,"Pristine studio acoustics; calm, deliberate cadence (~130 wpm); subtle musical scoring; 1080p razor-sharp vector graphics.",Hook with an intuitive mystery; never introduce formulas before visual intuition; break black boxes into modular components.,1120,24200000.0,"Title: But what is a neural network? | Deep learning chapter 1
Explanation: Mathematical & Geometric Intuition
Visuals: Custom Manim animations; dynamic 28x28 pixel grid activations; colored weight synapses (green/red); layered node transformations.
Examples: MNIST handwritten digit recognition focusing on handwritten '3's vs other digits.
Analogies: Biological neurons firing vs mathematical dials/weights (0 to 1); layered abstraction hierarchy (pixels -> edges -> loops -> digits).
Applications: Human visual cortex processing; speech recognition acoustic decomposition; YouTube recommendation algorithms.
Quality: Pristine studio acoustics; calm, deliberate cadence (~130 wpm); subtle musical scoring; 1080p razor-sharp vector graphics.
Takeaway: Hook with an intuitive mystery; never introduce formulas before visual intuition; break black boxes into modular components.",1,1,1,1,0,1
VID-002,Machine Learning (ML),3Blue1Brown,"Gradient descent, how neural networks learn | Deep Learning Chapter 2",http://www.youtube.com/watch?v=IHZwWFHWa-w,20:33,9.5M+,Mathematical Optimization & Geometry,3D loss landscape topography; rolling ball physics simulation; negative gradient step vectors.,"Minimizing cost over 13,000 weights and biases on MNIST digits.",A hiker descending a mountainous terrain in dense fog by feeling the local slope beneath their feet.,"Autonomous vehicle path optimization, facial recognition feature convergence.","Contemplative, clear voiceover; studio sound isolation; fluid 60fps vector graphics.",Ground high-dimensional multivariable calculus using tangible physical/spatial analogies (foggy mountain descent).,1233,9500000.0,"Title: Gradient descent, how neural networks learn | Deep Learning Chapter 2
Explanation: Mathematical Optimization & Geometry
Visuals: 3D loss landscape topography; rolling ball physics simulation; negative gradient step vectors.
Examples: Minimizing cost over 13,000 weights and biases on MNIST digits.
Analogies: A hiker descending a mountainous terrain in dense fog by feeling the local slope beneath their feet.
Applications: Autonomous vehicle path optimization, facial recognition feature convergence.
Quality: Contemplative, clear voiceover; studio sound isolation; fluid 60fps vector graphics.
Takeaway: Ground high-dimensional multivariable calculus using tangible physical/spatial analogies (foggy mountain descent).",1,1,1,1,0,1
VID-003,Machine Learning (ML),StatQuest with Josh Starmer,A Gentle Introduction to Machine Learning,http://www.youtube.com/watch?v=Gv9_4yMHFhI,12:45,1.6M+,Pedagogical First-Principles Breakdown,Clean 2D scatter plots; color-coded training vs testing points (red vs blue dots); cartoon decision trees.,Predicting love for StatQuest via decision trees; sprint speed vs yam consumption (Usain Bolt).,Contrasting a straight linear trendline with an overfitted 'green squiggle' (Bias-Variance tradeoff).,"Athletic performance testing, clinical drug trials.","Warm, energetic delivery; trademark acoustic jingles; celebratory catchphrases ('BAM!').",Use silly/approachable toy examples to eliminate intimidation before defining technical jargon.,765,1600000.0,"Title: A Gentle Introduction to Machine Learning
Explanation: Pedagogical First-Principles Breakdown
Visuals: Clean 2D scatter plots; color-coded training vs testing points (red vs blue dots); cartoon decision trees.
Examples: Predicting love for StatQuest via decision trees; sprint speed vs yam consumption (Usain Bolt).
Analogies: Contrasting a straight linear trendline with an overfitted 'green squiggle' (Bias-Variance tradeoff).
Applications: Athletic performance testing, clinical drug trials.
Quality: Warm, energetic delivery; trademark acoustic jingles; celebratory catchphrases ('BAM!').
Takeaway: Use silly/approachable toy examples to eliminate intimidation before defining technical jargon.",1,1,1,0,1,1
VID-004,Machine Learning (ML),StatQuest with Josh Starmer,Machine Learning Fundamentals: Bias and Variance,http://www.youtube.com/watch?v=EuBBz3bI-aA,06:36,1.7M+,Visual Error Decomposition,Side-by-side curve fitting comparison; animated residual error lines on test dots.,Mouse weight vs mouse size prediction; straight line vs high-degree polynomial.,Underfitting is stubbornness (high bias); Overfitting is memorization without generalization (high variance).,Students memorizing past exam questions verbatim vs understanding underlying concepts.,High-contrast minimalist slides; crisp voiceover; zero audio distractions.,Keep foundational concept videos under 7 minutes; highlight visual contrast between failure modes.,396,1700000.0,"Title: Machine Learning Fundamentals: Bias and Variance
Explanation: Visual Error Decomposition
Visuals: Side-by-side curve fitting comparison; animated residual error lines on test dots.
Examples: Mouse weight vs mouse size prediction; straight line vs high-degree polynomial.
Analogies: Underfitting is stubbornness (high bias); Overfitting is memorization without generalization (high variance).
Applications: Students memorizing past exam questions verbatim vs understanding underlying concepts.
Quality: High-contrast minimalist slides; crisp voiceover; zero audio distractions.
Takeaway: Keep foundational concept videos under 7 minutes; highlight visual contrast between failure modes.",1,1,1,0,0,1
VID-005,Machine Learning (ML),StatQuest with Josh Starmer,Machine Learning Fundamentals: Cross Validation,http://www.youtube.com/watch?v=fSytzGwwBVw,06:05,1.5M+,Step-by-Step Methodological Walkthrough,Color-coded 10-fold data partition blocks; animated sliding validation window.,Evaluating model fit across patient health metrics without data leakage.,Rotational jury duty: giving every data partition an equal turn at evaluating the model.,Financial credit risk modeling across fluctuating market cycles.,Engaging conversational pacing; clean visual cards; clear vocal inflection.,Show algorithmic progression sequentially rather than showing the final partition all at once.,365,1500000.0,"Title: Machine Learning Fundamentals: Cross Validation
Explanation: Step-by-Step Methodological Walkthrough
Visuals: Color-coded 10-fold data partition blocks; animated sliding validation window.
Examples: Evaluating model fit across patient health metrics without data leakage.
Analogies: Rotational jury duty: giving every data partition an equal turn at evaluating the model.
Applications: Financial credit risk modeling across fluctuating market cycles.
Quality: Engaging conversational pacing; clean visual cards; clear vocal inflection.
Takeaway: Show algorithmic progression sequentially rather than showing the final partition all at once.",1,1,1,0,1,1
VID-006,Machine Learning (ML),StatQuest with Josh Starmer,Machine Learning Fundamentals: The Confusion Matrix,http://www.youtube.com/watch?v=Kdsp6soqA7o,07:13,979K+,Analytical Metric Derivation,"2x2 contingency table with color-coded True Positives, False Positives, and Residuals.",Heart disease diagnosis classification on patient clinical records.,The Boy Who Cried Wolf: False Positive (crying wolf when none exists) vs False Negative (sleeping during attack).,"Cancer diagnostic screenings, airport security contraband alarms.",Clear studio audio; structured tabular slides; consistent vocal presence.,Walk through 2x2 confusion grids one quadrant at a time with realistic counts to build intuition.,433,979000.0,"Title: Machine Learning Fundamentals: The Confusion Matrix
Explanation: Analytical Metric Derivation
Visuals: 2x2 contingency table with color-coded True Positives, False Positives, and Residuals.
Examples: Heart disease diagnosis classification on patient clinical records.
Analogies: The Boy Who Cried Wolf: False Positive (crying wolf when none exists) vs False Negative (sleeping during attack).
Applications: Cancer diagnostic screenings, airport security contraband alarms.
Quality: Clear studio audio; structured tabular slides; consistent vocal presence.
Takeaway: Walk through 2x2 confusion grids one quadrant at a time with realistic counts to build intuition.",1,1,1,1,1,1
VID-007,Machine Learning (ML),StatQuest with Josh Starmer,"Decision and Classification Trees, Clearly Explained!!!",http://www.youtube.com/watch?v=_L39rN6gz7Y,18:08,1.3M+,Hierarchical Logic & Splitting Math,Branching decision trees; on-screen Gini impurity formula substitutions; threshold comparisons.,"Chest pain, blood circulation, and blocked arteries determining heart disease risk.",Playing the game '20 Questions' where the algorithm selects questions that maximize information gain.,"Emergency room triage protocols, automated loan approval engines.",Pristine audio recording; hand-drawn digital diagram aesthetic; rhythmic vocal cadence.,Show how the algorithm calculates the mathematically optimal split so automation doesn't feel arbitrary.,1088,1300000.0,"Title: Decision and Classification Trees, Clearly Explained!!!
Explanation: Hierarchical Logic & Splitting Math
Visuals: Branching decision trees; on-screen Gini impurity formula substitutions; threshold comparisons.
Examples: Chest pain, blood circulation, and blocked arteries determining heart disease risk.
Analogies: Playing the game '20 Questions' where the algorithm selects questions that maximize information gain.
Applications: Emergency room triage protocols, automated loan approval engines.
Quality: Pristine audio recording; hand-drawn digital diagram aesthetic; rhythmic vocal cadence.
Takeaway: Show how the algorithm calculates the mathematically optimal split so automation doesn't feel arbitrary.",1,1,1,1,0,1
VID-008,Machine Learning (ML),StatQuest with Josh Starmer,StatQuest: Logistic Regression,http://www.youtube.com/watch?v=yIYKR4sgzI8,08:48,2.8M+,Probabilistic Curve Fitting,Sigmoid S-curve fitted over discrete binary data points (0 and 1).,Mouse weight predicting clinical obesity classification.,Squishing an infinite linear axis into a strictly bounded 0-to-1 probability range.,"Spam classification probability, customer subscription churn forecasting.",High vocal clarity; enthusiastic presentation; focused slide animations.,Demonstrate linear regression's inability to model probabilities before introducing the sigmoid curve.,528,2800000.0,"Title: StatQuest: Logistic Regression
Explanation: Probabilistic Curve Fitting
Visuals: Sigmoid S-curve fitted over discrete binary data points (0 and 1).
Examples: Mouse weight predicting clinical obesity classification.
Analogies: Squishing an infinite linear axis into a strictly bounded 0-to-1 probability range.
Applications: Spam classification probability, customer subscription churn forecasting.
Quality: High vocal clarity; enthusiastic presentation; focused slide animations.
Takeaway: Demonstrate linear regression's inability to model probabilities before introducing the sigmoid curve.",1,1,1,0,0,1
VID-009,Machine Learning (ML),StatQuest with Josh Starmer,"StatQuest: Random Forests Part 1 - Building, Using and Evaluating",http://www.youtube.com/watch?v=J4Wdy0Wc_xQ,09:54,1.5M+,Ensemble Learning & Bagging,Multiple mini decision trees aggregating into a voting booth; bootstrap sample tables.,"Predicting patient health outcomes from diet, exercise, and blood pressure using a forest.",Wisdom of the crowd: a council of diverse experts whose consensus outvotes any single flawed opinion.,"Credit card fraud prevention ensembles, credit risk scoring.",Friendly instructional tone; trademark audio branding; high-legibility infographics.,Explain bagging (bootstrap aggregating) with simple cards before introducing the forest concept.,594,1500000.0,"Title: StatQuest: Random Forests Part 1 - Building, Using and Evaluating
Explanation: Ensemble Learning & Bagging
Visuals: Multiple mini decision trees aggregating into a voting booth; bootstrap sample tables.
Examples: Predicting patient health outcomes from diet, exercise, and blood pressure using a forest.
Analogies: Wisdom of the crowd: a council of diverse experts whose consensus outvotes any single flawed opinion.
Applications: Credit card fraud prevention ensembles, credit risk scoring.
Quality: Friendly instructional tone; trademark audio branding; high-legibility infographics.
Takeaway: Explain bagging (bootstrap aggregating) with simple cards before introducing the forest concept.",1,1,1,0,0,1
VID-010,Machine Learning (ML),StatQuest with Josh Starmer,StatQuest: K-means clustering,http://www.youtube.com/watch?v=4b5d3muPQmA,08:30,2.2M+,Iterative Clustering Algorithm,2D plane with roaming cluster centroids; Euclidean dashed distance lines recalculating iteratively.,Grouping patients by gene expression levels without prior medical labels.,Politicians moving campaign headquarters to the center of voter clusters until positions stabilize.,"Customer market segmentation, image compression palette reduction.",Energetic vocal delivery; distinct visual colors; dynamic step animations.,Animate the iterative two-step loop (assign points -> update centroid) until visual convergence occurs.,510,2200000.0,"Title: StatQuest: K-means clustering
Explanation: Iterative Clustering Algorithm
Visuals: 2D plane with roaming cluster centroids; Euclidean dashed distance lines recalculating iteratively.
Examples: Grouping patients by gene expression levels without prior medical labels.
Analogies: Politicians moving campaign headquarters to the center of voter clusters until positions stabilize.
Applications: Customer market segmentation, image compression palette reduction.
Quality: Energetic vocal delivery; distinct visual colors; dynamic step animations.
Takeaway: Animate the iterative two-step loop (assign points -> update centroid) until visual convergence occurs.",1,1,1,0,0,1
VID-011,Machine Learning (ML),Fireship,Machine Learning Explained in 100 Seconds,http://www.youtube.com/watch?v=PeMlggyqz0Y,02:35,1.1M+,High-Velocity Developer Micro-Overview,Kinetic typography; rapid code snippets (Python/Scikit-learn); terminal UI; meme iconography.,"Cat vs dog image classification, bread price inflation forecasting.",Hardcoded if-else logic vs organic experiential learning; model files as compiled binary artifacts.,"Autonomous driving obstacle perception, medical oncology scans.",Compressed broadcast voice; ~180 wpm delivery; synthwave soundtrack; visual cut every 1-2s.,Cut all introductory filler; pair every single technical noun with an on-screen visual element.,155,1100000.0,"Title: Machine Learning Explained in 100 Seconds
Explanation: High-Velocity Developer Micro-Overview
Visuals: Kinetic typography; rapid code snippets (Python/Scikit-learn); terminal UI; meme iconography.
Examples: Cat vs dog image classification, bread price inflation forecasting.
Analogies: Hardcoded if-else logic vs organic experiential learning; model files as compiled binary artifacts.
Applications: Autonomous driving obstacle perception, medical oncology scans.
Quality: Compressed broadcast voice; ~180 wpm delivery; synthwave soundtrack; visual cut every 1-2s.
Takeaway: Cut all introductory filler; pair every single technical noun with an on-screen visual element.",1,1,1,0,1,1
VID-012,Machine Learning (ML),IBM Technology,"AI, Machine Learning, Deep Learning and Generative AI Explained",http://www.youtube.com/watch?v=qYNweeDHiyU,10:01,3.5M+,Conversational Lightboard Lecture & Taxonomy,Live glowing neon marker drawings on an illuminated glass lightboard; Venn diagrams; timelines.,"Geometric pattern sequence prediction puzzles, history of Lisp/Prolog expert systems.",Russian Nesting Dolls hierarchy; GenAI as musical composition recombining pre-existing notes.,"Enterprise IT anomaly detection, voice cloning parodies.",Crisp lapel mic; 4K camera through glass; zero reflections; professional executive delivery.,Draw live while talking to keep visual attention glued; address common community misunderstandings.,601,3500000.0,"Title: AI, Machine Learning, Deep Learning and Generative AI Explained
Explanation: Conversational Lightboard Lecture & Taxonomy
Visuals: Live glowing neon marker drawings on an illuminated glass lightboard; Venn diagrams; timelines.
Examples: Geometric pattern sequence prediction puzzles, history of Lisp/Prolog expert systems.
Analogies: Russian Nesting Dolls hierarchy; GenAI as musical composition recombining pre-existing notes.
Applications: Enterprise IT anomaly detection, voice cloning parodies.
Quality: Crisp lapel mic; 4K camera through glass; zero reflections; professional executive delivery.
Takeaway: Draw live while talking to keep visual attention glued; address common community misunderstandings.",1,1,1,0,0,1
VID-013,Machine Learning (ML),IBM Technology,Supervised vs. Unsupervised Learning,http://www.youtube.com/watch?v=W01tIRP_Rqs,07:08,383K+,Taxonomic Comparison & Structural Contrast,Split-screen lightboard diagram comparing labeled input-output pairs against unlabeled data clusters.,Housing price prediction based on square footage (Supervised) vs customer discovery (Unsupervised).,Classroom student with a teacher checking answers vs explorer mapping an uncharted island.,"Credit card fraud detection, e-commerce customer cohort grouping.",Evenly modulated broadcast vocals; vibrant neon diagrams against pitch-black backdrop.,Use split-screen visual parallelism to contrast complementary paradigms side by side.,428,383000.0,"Title: Supervised vs. Unsupervised Learning
Explanation: Taxonomic Comparison & Structural Contrast
Visuals: Split-screen lightboard diagram comparing labeled input-output pairs against unlabeled data clusters.
Examples: Housing price prediction based on square footage (Supervised) vs customer discovery (Unsupervised).
Analogies: Classroom student with a teacher checking answers vs explorer mapping an uncharted island.
Applications: Credit card fraud detection, e-commerce customer cohort grouping.
Quality: Evenly modulated broadcast vocals; vibrant neon diagrams against pitch-black backdrop.
Takeaway: Use split-screen visual parallelism to contrast complementary paradigms side by side.",1,1,1,0,0,1
VID-014,Machine Learning (ML),IBM Technology,Neural Networks Explained in 5 minutes,http://www.youtube.com/watch?v=jmmW0F0biz0,04:32,746K+,Rapid Architecture Breakdown,"Input, hidden, and output layer node connection drawings with weighted line thickness variations.",Recognizing shapes and handwritten letters from raw pixel inputs.,Passing messages through an assembly line of specialized factory workers.,"Smartphone face unlock, automated driving vision systems.",High-fidelity studio recording; concise script delivery; zero hesitation.,Limit architectural overviews to five core minutes by focusing strictly on input-hidden-output data flow.,272,746000.0,"Title: Neural Networks Explained in 5 minutes
Explanation: Rapid Architecture Breakdown
Visuals: Input, hidden, and output layer node connection drawings with weighted line thickness variations.
Examples: Recognizing shapes and handwritten letters from raw pixel inputs.
Analogies: Passing messages through an assembly line of specialized factory workers.
Applications: Smartphone face unlock, automated driving vision systems.
Quality: High-fidelity studio recording; concise script delivery; zero hesitation.
Takeaway: Limit architectural overviews to five core minutes by focusing strictly on input-hidden-output data flow.",1,1,1,0,0,1
VID-015,Machine Learning (ML),Simplilearn,Machine Learning | What Is Machine Learning? | Introduction To Machine Learning,http://www.youtube.com/watch?v=ukzFI9rgwfU,07:52,5.5M+,Narrative Motion-Graphic Character Storytelling,2D cartoon character animation ('Paul'); coordinate grids with circular decision boundaries.,Paul's song preferences (tempo vs intensity); sorting coins by weight; clustering cricket players.,Teaching a child through positive and negative feedback loops (reinforcement learning).,Uber real-time dynamic surge pricing; Netflix recommendations; Facebook photo tag tagging.,Neutral corporate voiceover; upbeat commercial soundtrack; fluid vector keyframing.,Anchor algorithms in a named character persona ('Paul') with an immediate relatable dilemma.,472,5500000.0,"Title: Machine Learning | What Is Machine Learning? | Introduction To Machine Learning
Explanation: Narrative Motion-Graphic Character Storytelling
Visuals: 2D cartoon character animation ('Paul'); coordinate grids with circular decision boundaries.
Examples: Paul's song preferences (tempo vs intensity); sorting coins by weight; clustering cricket players.
Analogies: Teaching a child through positive and negative feedback loops (reinforcement learning).
Applications: Uber real-time dynamic surge pricing; Netflix recommendations; Facebook photo tag tagging.
Quality: Neutral corporate voiceover; upbeat commercial soundtrack; fluid vector keyframing.
Takeaway: Anchor algorithms in a named character persona ('Paul') with an immediate relatable dilemma.",1,1,1,0,0,1
VID-016,Machine Learning (ML),freeCodeCamp.org,Machine Learning for Everybody – Full Course,http://www.youtube.com/watch?v=i_LwzRVP7bg,03:53:53,10.5M+,Comprehensive Hands-on Code-Along Tutorial,Jupyter Notebook screencasts; Python/pandas code execution; matplotlib scatter plots; terminal logs.,Predicting diabetes diagnoses from patient clinical health metrics; wine quality classification.,Mathematical models as customizable recipes adjusted according to taste test results.,"Healthcare diagnosis pipelines, automated banking customer verification.",Clear direct-to-cardioid microphone; screen captures rendered in full 1080p with enlarged IDE font.,Ensure all code displayed on screen is copy-paste reproducible with zero missing dependencies.,14033,10500000.0,"Title: Machine Learning for Everybody – Full Course
Explanation: Comprehensive Hands-on Code-Along Tutorial
Visuals: Jupyter Notebook screencasts; Python/pandas code execution; matplotlib scatter plots; terminal logs.
Examples: Predicting diabetes diagnoses from patient clinical health metrics; wine quality classification.
Analogies: Mathematical models as customizable recipes adjusted according to taste test results.
Applications: Healthcare diagnosis pipelines, automated banking customer verification.
Quality: Clear direct-to-cardioid microphone; screen captures rendered in full 1080p with enlarged IDE font.
Takeaway: Ensure all code displayed on screen is copy-paste reproducible with zero missing dependencies.",1,1,1,1,1,1
VID-017,Machine Learning (ML),freeCodeCamp.org,Essential Machine Learning and AI Concepts Animated,http://www.youtube.com/watch?v=PcbuKRNtCUc,27:52:00,342K+,Comprehensive Animated Lexicon & Glossary,Minimalist 2D motion graphics; formula highlights; loss landscape valleys; coordinate transforms.,Manhattan taxi distance vs Euclidean straight line; SVM maximum-margin hyperplane.,Manhattan distance as driving a city grid vs Euclidean as flying like a crow.,"Urban GPS navigation, medical imaging anomaly detection, cosine text matching.",Consistent studio narration; balanced audio leveling; modular indexed chapter breaks.,Standardize the visual design language across all definitions to minimize cognitive fatigue.,100320,342000.0,"Title: Essential Machine Learning and AI Concepts Animated
Explanation: Comprehensive Animated Lexicon & Glossary
Visuals: Minimalist 2D motion graphics; formula highlights; loss landscape valleys; coordinate transforms.
Examples: Manhattan taxi distance vs Euclidean straight line; SVM maximum-margin hyperplane.
Analogies: Manhattan distance as driving a city grid vs Euclidean as flying like a crow.
Applications: Urban GPS navigation, medical imaging anomaly detection, cosine text matching.
Quality: Consistent studio narration; balanced audio leveling; modular indexed chapter breaks.
Takeaway: Standardize the visual design language across all definitions to minimize cognitive fatigue.",1,1,1,1,0,1
VID-018,Machine Learning (ML),Visually Explained,Support Vector Machine (SVM) in 2 minutes,http://www.youtube.com/watch?v=_YPScrckx28,02:19,952K+,Ultra-Dense Geometric Micro-Animation,Slick 2D/3D hyperplane animations; margin street boundaries; support vector highlight lines.,Classifying two distinct clusters of colored points with maximum separating distance.,Building a wide highway between two conflicting rival cities so they have maximum separation buffer.,"Face detection boundary boxes, protein classification in bioinformatics.","Deep, calm, studio-mastered voiceover; rhythmic editing synchronized to visual rotations.",Strip out all spoken filler; let mathematical animation do the heavy lifting in under 150 seconds.,139,952000.0,"Title: Support Vector Machine (SVM) in 2 minutes
Explanation: Ultra-Dense Geometric Micro-Animation
Visuals: Slick 2D/3D hyperplane animations; margin street boundaries; support vector highlight lines.
Examples: Classifying two distinct clusters of colored points with maximum separating distance.
Analogies: Building a wide highway between two conflicting rival cities so they have maximum separation buffer.
Applications: Face detection boundary boxes, protein classification in bioinformatics.
Quality: Deep, calm, studio-mastered voiceover; rhythmic editing synchronized to visual rotations.
Takeaway: Strip out all spoken filler; let mathematical animation do the heavy lifting in under 150 seconds.",1,1,1,1,0,1
VID-019,Machine Learning (ML),Normalized Nerd,Decision Tree Classification Clearly Explained!,http://www.youtube.com/watch?v=ZVR2Way4nwQ,10:33,946K+,Mathematical Intuition with Step-by-step Math,Hand-animated digital whiteboard; stepwise Gini Impurity and Entropy formulas solved step by step.,"Deciding whether to play tennis based on weather outlook, humidity, and wind speed.",Purifying a messy mixture: measuring how clean each separation scoop makes the remaining liquid.,"Sports match weather cancellations, automated loan approval engines.","Warm, educational Indian accent with clear articulation; clean tablet screencast.",Work through concrete arithmetic calculations on screen so viewers see where abstract numbers come from.,633,946000.0,"Title: Decision Tree Classification Clearly Explained!
Explanation: Mathematical Intuition with Step-by-step Math
Visuals: Hand-animated digital whiteboard; stepwise Gini Impurity and Entropy formulas solved step by step.
Examples: Deciding whether to play tennis based on weather outlook, humidity, and wind speed.
Analogies: Purifying a messy mixture: measuring how clean each separation scoop makes the remaining liquid.
Applications: Sports match weather cancellations, automated loan approval engines.
Quality: Warm, educational Indian accent with clear articulation; clean tablet screencast.
Takeaway: Work through concrete arithmetic calculations on screen so viewers see where abstract numbers come from.",1,1,1,1,0,1
VID-020,Machine Learning (ML),CrashCourse,Neural Networks and Deep Learning: Crash Course AI #3,http://www.youtube.com/watch?v=oV3ZY6tJiA0,12:23,411K+,Entertaining Cultural & Conceptual Education,ThoughtBubble custom character animations; historical archival photos; dynamic infographics.,Training a neural network to recognize pictures of cats versus muffins and Chihuahuas.,"A team of detectives where each detective specializes in one clue (whiskers, ears, fur).","Photo search engines, self-driving vision systems.",High-production TV studio lighting; multi-camera angles; rapid comedic and educational delivery.,Interweave cultural humor and historical anecdotes to keep broad non-technical audiences invested.,743,411000.0,"Title: Neural Networks and Deep Learning: Crash Course AI #3
Explanation: Entertaining Cultural & Conceptual Education
Visuals: ThoughtBubble custom character animations; historical archival photos; dynamic infographics.
Examples: Training a neural network to recognize pictures of cats versus muffins and Chihuahuas.
Analogies: A team of detectives where each detective specializes in one clue (whiskers, ears, fur).
Applications: Photo search engines, self-driving vision systems.
Quality: High-production TV studio lighting; multi-camera angles; rapid comedic and educational delivery.
Takeaway: Interweave cultural humor and historical anecdotes to keep broad non-technical audiences invested.",1,1,1,0,0,1
VID-021,Machine Learning (ML),codebasics,"Neural Network Simply Explained | Deep Learning Tutorial 4 (Tensorflow2.0, Keras & Python)",http://www.youtube.com/watch?v=ER2It2mIagI,11:01,655K+,Applied Engineering & Spreadsheet Math,Excel spreadsheet calculations of weighted sums alongside interactive neuron diagrams.,"Predicting whether someone will buy insurance based on age, affordability, and credit score.",Neuron as a digital voting booth where each voter's ballot has a different weight.,"Insurance premium pricing, retail loan eligibility.",Engaging conversational Indian English; crystal-clear tablet drawing and screen capture.,Prototype the neural network calculation inside a familiar spreadsheet (Excel) before moving to Python code.,661,655000.0,"Title: Neural Network Simply Explained | Deep Learning Tutorial 4 (Tensorflow2.0, Keras & Python)
Explanation: Applied Engineering & Spreadsheet Math
Visuals: Excel spreadsheet calculations of weighted sums alongside interactive neuron diagrams.
Examples: Predicting whether someone will buy insurance based on age, affordability, and credit score.
Analogies: Neuron as a digital voting booth where each voter's ballot has a different weight.
Applications: Insurance premium pricing, retail loan eligibility.
Quality: Engaging conversational Indian English; crystal-clear tablet drawing and screen capture.
Takeaway: Prototype the neural network calculation inside a familiar spreadsheet (Excel) before moving to Python code.",1,1,1,0,1,1
VID-022,Machine Learning (ML),IBM Technology,What are Convolutional Neural Networks (CNNs)?,http://www.youtube.com/watch?v=QzY57FaENXg,06:21,875K+,Computer Vision Lightboard Breakdown,Sliding kernel filter matrices moving across pixel grids on lightboard; feature maps; pooling layers.,"Detecting edges, vertical lines, and curves to recognize motorbikes and cars in pictures.",Looking through a tiny magnifying glass sliding across a jigsaw puzzle to identify small pieces.,"Medical MRI scanning, autonomous vehicle obstacle segmentation.",Ultra-sharp 4K video; vibrant lightboard sketches; seamless speaker delivery.,Physically illustrate how the kernel window shifts one pixel at a time to demystify convolution.,381,875000.0,"Title: What are Convolutional Neural Networks (CNNs)?
Explanation: Computer Vision Lightboard Breakdown
Visuals: Sliding kernel filter matrices moving across pixel grids on lightboard; feature maps; pooling layers.
Examples: Detecting edges, vertical lines, and curves to recognize motorbikes and cars in pictures.
Analogies: Looking through a tiny magnifying glass sliding across a jigsaw puzzle to identify small pieces.
Applications: Medical MRI scanning, autonomous vehicle obstacle segmentation.
Quality: Ultra-sharp 4K video; vibrant lightboard sketches; seamless speaker delivery.
Takeaway: Physically illustrate how the kernel window shifts one pixel at a time to demystify convolution.",1,1,1,0,0,1
VID-023,Machine Learning (ML),deeplizard,Convolutional Neural Networks (CNNs) explained,http://www.youtube.com/watch?v=YRhxdVk_sIs,08:37,1.5M+,Structured Visual Curriculum Lecture,Color-coded kernel dot product matrices; max pooling 2x2 grids; flattened dense layers.,Classifying images of cats vs dogs using pixel activation grids.,Max pooling as a summarizer that keeps only the loudest voice in the room and discards the rest.,"Mobile photo face tagging, quality inspection on factory conveyor belts.",Polished audio with noise gating; smooth animated transitions; consistent pastel slide deck.,Combine visual matrix multiplications with color-matching to make arithmetic tracking effortless.,517,1500000.0,"Title: Convolutional Neural Networks (CNNs) explained
Explanation: Structured Visual Curriculum Lecture
Visuals: Color-coded kernel dot product matrices; max pooling 2x2 grids; flattened dense layers.
Examples: Classifying images of cats vs dogs using pixel activation grids.
Analogies: Max pooling as a summarizer that keeps only the loudest voice in the room and discards the rest.
Applications: Mobile photo face tagging, quality inspection on factory conveyor belts.
Quality: Polished audio with noise gating; smooth animated transitions; consistent pastel slide deck.
Takeaway: Combine visual matrix multiplications with color-matching to make arithmetic tracking effortless.",1,1,1,0,1,1
VID-024,Machine Learning (ML),IBM Technology,The Power of Recurrent Neural Networks (RNN),http://www.youtube.com/watch?v=Gafjk7_w1i8,07:47,96K+,Sequential Architecture Walkthrough,Unfolded timeline diagram of neural network loop states from time step t-1 to t+1.,Predicting the next word in a sentence; stock market price fluctuations.,Short-term human working memory: retaining what was said in the first sentence to understand the second.,"Audio transcription services, financial ticker trend analysis.",Clear lightboard presentation; impeccable vocal articulation; high visual contrast.,Unfold loop diagrams across horizontal time steps so sequential memory becomes visually obvious.,467,96000.0,"Title: The Power of Recurrent Neural Networks (RNN)
Explanation: Sequential Architecture Walkthrough
Visuals: Unfolded timeline diagram of neural network loop states from time step t-1 to t+1.
Examples: Predicting the next word in a sentence; stock market price fluctuations.
Analogies: Short-term human working memory: retaining what was said in the first sentence to understand the second.
Applications: Audio transcription services, financial ticker trend analysis.
Quality: Clear lightboard presentation; impeccable vocal articulation; high visual contrast.
Takeaway: Unfold loop diagrams across horizontal time steps so sequential memory becomes visually obvious.",1,1,1,0,0,1
VID-025,Machine Learning (ML),StatQuest with Josh Starmer,"Long Short-Term Memory (LSTM), Clearly Explained",http://www.youtube.com/watch?v=YCzL96nL7j0,20:45,1.0M+,Cell Gate Mechanics & Internal Intuition,"Cell memory pipeline with Forget Gate, Input Gate, and Output Gate valves illustrated with math.",Predicting word sequences across paragraphs where early context changes later meaning.,A high-school student reading a textbook with a highlighter (input gate) and an eraser (forget gate).,"Language translation, long-horizon weather forecasting.",Enthusiastic pedagogical delivery; acoustic guitar interludes; clean minimalist vector graphics.,Deconstruct complex multi-gate architectures into isolated one-valve operations before combining them.,1245,1000000.0,"Title: Long Short-Term Memory (LSTM), Clearly Explained
Explanation: Cell Gate Mechanics & Internal Intuition
Visuals: Cell memory pipeline with Forget Gate, Input Gate, and Output Gate valves illustrated with math.
Examples: Predicting word sequences across paragraphs where early context changes later meaning.
Analogies: A high-school student reading a textbook with a highlighter (input gate) and an eraser (forget gate).
Applications: Language translation, long-horizon weather forecasting.
Quality: Enthusiastic pedagogical delivery; acoustic guitar interludes; clean minimalist vector graphics.
Takeaway: Deconstruct complex multi-gate architectures into isolated one-valve operations before combining them.",1,1,1,0,0,1
VID-026,Machine Learning (ML),3-Minute Data Science,Linear Regression in 3 Minutes,http://www.youtube.com/watch?v=3dhcmeOTZ_Q,03:55,384K+,Fast Micro-Derivation,2D scatter plane with animated slope and intercept adjusting to minimize sum of squared errors.,Predicting apartment rental price based on square footage.,Adjusting a taut rubber band between scattered pins until total tension is minimized.,"Real estate appraisal formulas, temperature forecasting.","Rapid, clear vocal delivery; high-contrast minimalist diagrams; zero fluff.",Visualize the line rotating to minimize residual squares before stating y = mx + b.,235,384000.0,"Title: Linear Regression in 3 Minutes
Explanation: Fast Micro-Derivation
Visuals: 2D scatter plane with animated slope and intercept adjusting to minimize sum of squared errors.
Examples: Predicting apartment rental price based on square footage.
Analogies: Adjusting a taut rubber band between scattered pins until total tension is minimized.
Applications: Real estate appraisal formulas, temperature forecasting.
Quality: Rapid, clear vocal delivery; high-contrast minimalist diagrams; zero fluff.
Takeaway: Visualize the line rotating to minimize residual squares before stating y = mx + b.",1,1,1,1,0,1
VID-027,Machine Learning (ML),IBM Technology,Why Linear regression for Machine Learning?,http://www.youtube.com/watch?v=qxo8p8PtFeA,03:59,97K+,Lightboard Foundational Rationale,Trendline on lightboard illustrating interpretability vs black-box complexity.,Predicting car fuel efficiency from vehicle weight.,A glass clock where every gear is visible versus an opaque digital watch.,Regulatory compliance in banking where decisions must be legally explainable.,High-clarity studio microphone; luminous marker contrast; steady cadence.,Highlight interpretability as linear regression's superpower in production.,239,97000.0,"Title: Why Linear regression for Machine Learning?
Explanation: Lightboard Foundational Rationale
Visuals: Trendline on lightboard illustrating interpretability vs black-box complexity.
Examples: Predicting car fuel efficiency from vehicle weight.
Analogies: A glass clock where every gear is visible versus an opaque digital watch.
Applications: Regulatory compliance in banking where decisions must be legally explainable.
Quality: High-clarity studio microphone; luminous marker contrast; steady cadence.
Takeaway: Highlight interpretability as linear regression's superpower in production.",1,1,1,0,0,1
VID-028,Machine Learning (ML),3-Minute Data Science,Logistic Regression in 3 Minutes,http://www.youtube.com/watch?v=EKm0spFxFG4,03:48,233K+,Rapid Geometric Derivation,Sigmoid S-curve bounding probabilities between 0 and 1; decision threshold boundary at 0.5.,Predicting whether an email is spam (1) or not spam (0) based on keyword count.,A dimmer switch that smoothly transitions from total darkness to full brightness.,"Credit default screening, disease presence indicators.",Brisk pacing; clean audio capture; crisp vector slides.,Show how probability outputs allow setting custom decision thresholds based on risk tolerance.,228,233000.0,"Title: Logistic Regression in 3 Minutes
Explanation: Rapid Geometric Derivation
Visuals: Sigmoid S-curve bounding probabilities between 0 and 1; decision threshold boundary at 0.5.
Examples: Predicting whether an email is spam (1) or not spam (0) based on keyword count.
Analogies: A dimmer switch that smoothly transitions from total darkness to full brightness.
Applications: Credit default screening, disease presence indicators.
Quality: Brisk pacing; clean audio capture; crisp vector slides.
Takeaway: Show how probability outputs allow setting custom decision thresholds based on risk tolerance.",1,1,1,1,0,1
VID-029,Machine Learning (ML),Google for Developers,Machine Learning Crash Course: Gradient Descent,http://www.youtube.com/watch?v=QoK1nNAURw4,02:12,201K+,Official Curriculum Micro-Animation,Parabolic loss bowl with step-size learning rate vectors (overshooting vs converging).,Calibrating weights for click-through rate prediction on web ads.,Taking strides down a hill: too big and you leap over the valley; too small and it takes years to reach bottom.,"Ad click prediction, self-driving sensor calibration.",Pristine Google developer production; balanced audio normalization; smooth animations.,Visually demonstrate learning rate extremes (divergence vs stagnation) side-by-side.,132,201000.0,"Title: Machine Learning Crash Course: Gradient Descent
Explanation: Official Curriculum Micro-Animation
Visuals: Parabolic loss bowl with step-size learning rate vectors (overshooting vs converging).
Examples: Calibrating weights for click-through rate prediction on web ads.
Analogies: Taking strides down a hill: too big and you leap over the valley; too small and it takes years to reach bottom.
Applications: Ad click prediction, self-driving sensor calibration.
Quality: Pristine Google developer production; balanced audio normalization; smooth animations.
Takeaway: Visually demonstrate learning rate extremes (divergence vs stagnation) side-by-side.",1,1,1,1,0,1
VID-030,Machine Learning (ML),IBM Technology,What is Random Forest?,http://www.youtube.com/watch?v=gkXX4h3qYm4,05:21,323K+,Lightboard Ensemble Breakdown,Drawing individual tree branches and showing bootstrap sampling of data and features.,"Predicting loan default based on income, debt, and payment history.",Asking 100 diverse specialists for medical advice instead of relying on a single general practitioner.,"Credit scoring systems, insurance underwriting risk models.",4K studio lightboard; crystal-clear audio; dynamic presentation tempo.,Emphasize feature bagging (random subspace method) as the secret behind tree diversity.,321,323000.0,"Title: What is Random Forest?
Explanation: Lightboard Ensemble Breakdown
Visuals: Drawing individual tree branches and showing bootstrap sampling of data and features.
Examples: Predicting loan default based on income, debt, and payment history.
Analogies: Asking 100 diverse specialists for medical advice instead of relying on a single general practitioner.
Applications: Credit scoring systems, insurance underwriting risk models.
Quality: 4K studio lightboard; crystal-clear audio; dynamic presentation tempo.
Takeaway: Emphasize feature bagging (random subspace method) as the secret behind tree diversity.",1,1,1,0,0,1
VID-031,Natural Language Processing (NLP),Simplilearn,Natural Language Processing In 5 Minutes | What Is NLP And How Does It Work?,http://www.youtube.com/watch?v=CMrHM8a3hqw,05:29,860K+,Broad Executive Overview,2D animated characters; pipeline cards for Syntax vs Semantics; parsing tree diagrams.,Analyzing customer reviews for product sentiment; smart email spam filters.,"Teaching an extraterrestrial the rules of grammar, tone, and sarcasm from scratch.","Siri and Alexa smart assistants, Grammarly writing enhancement.",Professional voice talent; upbeat corporate sound design; smooth character vector tweens.,"Begin with the human difficulty of language (ambiguity, sarcasm) before showing algorithmic pipelines.",329,860000.0,"Title: Natural Language Processing In 5 Minutes | What Is NLP And How Does It Work?
Explanation: Broad Executive Overview
Visuals: 2D animated characters; pipeline cards for Syntax vs Semantics; parsing tree diagrams.
Examples: Analyzing customer reviews for product sentiment; smart email spam filters.
Analogies: Teaching an extraterrestrial the rules of grammar, tone, and sarcasm from scratch.
Applications: Siri and Alexa smart assistants, Grammarly writing enhancement.
Quality: Professional voice talent; upbeat corporate sound design; smooth character vector tweens.
Takeaway: Begin with the human difficulty of language (ambiguity, sarcasm) before showing algorithmic pipelines.",1,1,1,0,0,1
VID-032,Natural Language Processing (NLP),IBM Technology,What is NLP (Natural Language Processing)?,http://www.youtube.com/watch?v=fLvJ8VdHLA0,09:38,547K+,Taxonomic Lightboard Explanation,Live lightboard sketching breaking NLP down into NLU (Understanding) and NLG (Generation).,Parsing the sentence 'The bank is by the river' vs 'I deposited money in the bank'.,Reading comprehension (NLU) vs writing an essay (NLG).,"Enterprise document processing, legal contract review, search engine query resolution.",Studio-level audio clarity; balanced dynamic range; clear handwriting on glass.,Use polysemous word examples ('bank') to demonstrate why context is everything in NLP.,578,547000.0,"Title: What is NLP (Natural Language Processing)?
Explanation: Taxonomic Lightboard Explanation
Visuals: Live lightboard sketching breaking NLP down into NLU (Understanding) and NLG (Generation).
Examples: Parsing the sentence 'The bank is by the river' vs 'I deposited money in the bank'.
Analogies: Reading comprehension (NLU) vs writing an essay (NLG).
Applications: Enterprise document processing, legal contract review, search engine query resolution.
Quality: Studio-level audio clarity; balanced dynamic range; clear handwriting on glass.
Takeaway: Use polysemous word examples ('bank') to demonstrate why context is everything in NLP.",1,1,1,0,0,1
VID-033,Natural Language Processing (NLP),TensorFlow,Natural Language Processing - Tokenization (NLP Zero to Hero - Part 1),http://www.youtube.com/watch?v=fNxaJsNG3-s,04:39,543K+,Hands-on Developer Introduction,Word-to-integer dictionary tables; Keras Tokenizer code snippets; sentence index arrays.,I love my dog' and 'I love my cat' mapped into numeric vectors.,Giving every student in a school a unique student ID badge number.,Converting customer support tickets into tensors for sentiment classifiers.,Crisp developer voiceover; high-contrast code displays; efficient 4-minute runtime.,Show immediate code output side-by-side with the text sentence to make integer mapping tangible.,279,543000.0,"Title: Natural Language Processing - Tokenization (NLP Zero to Hero - Part 1)
Explanation: Hands-on Developer Introduction
Visuals: Word-to-integer dictionary tables; Keras Tokenizer code snippets; sentence index arrays.
Examples: I love my dog' and 'I love my cat' mapped into numeric vectors.
Analogies: Giving every student in a school a unique student ID badge number.
Applications: Converting customer support tickets into tensors for sentiment classifiers.
Quality: Crisp developer voiceover; high-contrast code displays; efficient 4-minute runtime.
Takeaway: Show immediate code output side-by-side with the text sentence to make integer mapping tangible.",1,1,1,0,1,1
VID-034,Natural Language Processing (NLP),Annie Sexton,Tokens vs Embeddings – what are they + how are they different?,http://www.youtube.com/watch?v=izbifbq3-eI,06:52,50K+,Clear Conceptual Distinction,Cut-up paper text tokens; multi-dimensional coordinate space vector clouds; fruit clusters.,Tokenizing sub-words like 'unbelievable' into 'un-believe-able'; plotting 'apple' near 'banana'.,Tokens are vocabulary index cards; Embeddings are GPS coordinates describing word personalities.,"LLM API billing (tokens per million), semantic search engines (embeddings similarity).","Warm, authentic personal presentation; high-definition camera; clean graphics overlay.",Directly address the #1 point of confusion beginners have between two easily conflated terms.,412,50000.0,"Title: Tokens vs Embeddings – what are they + how are they different?
Explanation: Clear Conceptual Distinction
Visuals: Cut-up paper text tokens; multi-dimensional coordinate space vector clouds; fruit clusters.
Examples: Tokenizing sub-words like 'unbelievable' into 'un-believe-able'; plotting 'apple' near 'banana'.
Analogies: Tokens are vocabulary index cards; Embeddings are GPS coordinates describing word personalities.
Applications: LLM API billing (tokens per million), semantic search engines (embeddings similarity).
Quality: Warm, authentic personal presentation; high-definition camera; clean graphics overlay.
Takeaway: Directly address the #1 point of confusion beginners have between two easily conflated terms.",1,1,1,0,0,1
VID-035,Natural Language Processing (NLP),StatQuest with Josh Starmer,"Word Embedding and Word2Vec, Clearly Explained!!!",http://www.youtube.com/watch?v=viZrOnJclY0,16:12,597K+,First-Principles Visual Vector Math,2D vector planes; King - Man + Woman = Queen vector arithmetic arrows; neural network weights.,"Mapping relationships between royalty and gender words (King, Queen, Man, Woman, Prince).","Describing people using personality sliders (troll to giant, sad to happy).","Recommendation systems linking related items, automated translation between languages.",Signature upbeat pacing; crystal-clear voice recording; dynamic slide animations.,Use the iconic King-Queen vector math visualization to prove how geometry captures semantics.,972,597000.0,"Title: Word Embedding and Word2Vec, Clearly Explained!!!
Explanation: First-Principles Visual Vector Math
Visuals: 2D vector planes; King - Man + Woman = Queen vector arithmetic arrows; neural network weights.
Examples: Mapping relationships between royalty and gender words (King, Queen, Man, Woman, Prince).
Analogies: Describing people using personality sliders (troll to giant, sad to happy).
Applications: Recommendation systems linking related items, automated translation between languages.
Quality: Signature upbeat pacing; crystal-clear voice recording; dynamic slide animations.
Takeaway: Use the iconic King-Queen vector math visualization to prove how geometry captures semantics.",1,1,1,1,0,1
VID-036,Natural Language Processing (NLP),Jay Alammar,The Illustrated Word2vec - A Gentle Intro to Word Embeddings in Machine Learning,http://www.youtube.com/watch?v=ISPId9Lhc1g,08:44,80K+,Visual Diagrammatic Storytelling,Acclaimed custom 2D illustrations; color-coded vector arrays; sliding context windows.,Predicting neighbor words using Skip-Gram and Continuous Bag of Words (CBOW).,Knowing a person by the company they keep (J.R. Firth linguistic principle).,"Search autocomplete, content recommendation clustering.","Gentle, clear voiceover; gorgeous cohesive illustration style; perfectly timed animations.","Invest in a unique, beautiful illustration style; diagrammatic clarity creates evergreen educational assets.",524,80000.0,"Title: The Illustrated Word2vec - A Gentle Intro to Word Embeddings in Machine Learning
Explanation: Visual Diagrammatic Storytelling
Visuals: Acclaimed custom 2D illustrations; color-coded vector arrays; sliding context windows.
Examples: Predicting neighbor words using Skip-Gram and Continuous Bag of Words (CBOW).
Analogies: Knowing a person by the company they keep (J.R. Firth linguistic principle).
Applications: Search autocomplete, content recommendation clustering.
Quality: Gentle, clear voiceover; gorgeous cohesive illustration style; perfectly timed animations.
Takeaway: Invest in a unique, beautiful illustration style; diagrammatic clarity creates evergreen educational assets.",1,1,1,0,1,1
VID-037,Natural Language Processing (NLP),codebasics,"What is Word2Vec? A Simple Explanation | Deep Learning Tutorial 41 (Tensorflow, Keras & Python)",http://www.youtube.com/watch?v=hQwFeIupNP0,18:28,242K+,Intuitive Engineering Walkthrough,Digital pen sketches comparing One-Hot Encoding sparsity against dense embedding vectors.,"Representing a dictionary of 10,000 words in 300 continuous dimensions.",One-hot encoding as a massive wasteful row of light switches where only one is flipped on.,"Spam filtering, product category classification in large retail databases.",Clear spoken English; conversational tempo; responsive whiteboard interaction.,Demonstrate the mathematical curse of dimensionality with One-Hot encoding before revealing dense embeddings.,1108,242000.0,"Title: What is Word2Vec? A Simple Explanation | Deep Learning Tutorial 41 (Tensorflow, Keras & Python)
Explanation: Intuitive Engineering Walkthrough
Visuals: Digital pen sketches comparing One-Hot Encoding sparsity against dense embedding vectors.
Examples: Representing a dictionary of 10,000 words in 300 continuous dimensions.
Analogies: One-hot encoding as a massive wasteful row of light switches where only one is flipped on.
Applications: Spam filtering, product category classification in large retail databases.
Quality: Clear spoken English; conversational tempo; responsive whiteboard interaction.
Takeaway: Demonstrate the mathematical curse of dimensionality with One-Hot encoding before revealing dense embeddings.",1,1,1,1,1,1
VID-038,Natural Language Processing (NLP),IBM Technology,What are Transformers (Machine Learning Model)?,http://www.youtube.com/watch?v=ZXiruGOCn9s,05:51,801K+,Architectural Lightboard Overview,Encoder-Decoder block diagrams; self-attention matrix arrows drawn in glowing neon marker.,Translating English sentences to French; contrasting sequential RNN processing with parallel Transformers.,Reading a whole paragraph at a single glance versus reading one word at a time through a peephole.,"ChatGPT foundation, Google Translate, GitHub Copilot coding models.",High-end corporate studio fidelity; clear lightboard contrast; engaging presenter delivery.,Emphasize parallelization as the breakthrough innovation that unlocked modern AI scaling.,351,801000.0,"Title: What are Transformers (Machine Learning Model)?
Explanation: Architectural Lightboard Overview
Visuals: Encoder-Decoder block diagrams; self-attention matrix arrows drawn in glowing neon marker.
Examples: Translating English sentences to French; contrasting sequential RNN processing with parallel Transformers.
Analogies: Reading a whole paragraph at a single glance versus reading one word at a time through a peephole.
Applications: ChatGPT foundation, Google Translate, GitHub Copilot coding models.
Quality: High-end corporate studio fidelity; clear lightboard contrast; engaging presenter delivery.
Takeaway: Emphasize parallelization as the breakthrough innovation that unlocked modern AI scaling.",1,1,1,0,1,1
VID-039,Natural Language Processing (NLP),3Blue1Brown,"Transformers, the tech behind LLMs | Deep Learning Chapter 5",http://www.youtube.com/watch?v=wjZofJX0v4M,27:14:00,11.1M+,Rigorous Mathematical Deconstruction,Custom Manim animations of high-dimensional embedding spaces; softmax probability heatmaps.,Resolving the word 'mole' in 'take a biopsy of that mole' vs 'a mole burrowing in the ground'.,Words having conversation parties where context vectors pass notes to refine word meanings.,"How ChatGPT, Claude, and Gemini understand linguistic ambiguity.",Master-class audio delivery; calming orchestral underscore; razor-sharp 4K geometric graphics.,"Treat the audience to true mathematical depth; viewers appreciate thorough, uncompromising rigor.",98040,11100000.0,"Title: Transformers, the tech behind LLMs | Deep Learning Chapter 5
Explanation: Rigorous Mathematical Deconstruction
Visuals: Custom Manim animations of high-dimensional embedding spaces; softmax probability heatmaps.
Examples: Resolving the word 'mole' in 'take a biopsy of that mole' vs 'a mole burrowing in the ground'.
Analogies: Words having conversation parties where context vectors pass notes to refine word meanings.
Applications: How ChatGPT, Claude, and Gemini understand linguistic ambiguity.
Quality: Master-class audio delivery; calming orchestral underscore; razor-sharp 4K geometric graphics.
Takeaway: Treat the audience to true mathematical depth; viewers appreciate thorough, uncompromising rigor.",1,1,1,1,0,1
VID-040,Natural Language Processing (NLP),3Blue1Brown,"Attention in transformers, step-by-step | Deep Learning Chapter 6",http://www.youtube.com/watch?v=eMlx5fFNoYc,26:10:00,4.5M+,Step-by-Step Matrix Calculus Intuition,"Query, Key, and Value vector matrices interacting visually; dot product attention heatmaps.",Adjective-noun agreement and pronoun resolution ('The animal didn't cross the street because it was too tired').,"Query as a dating profile search query, Key as personal description, Value as actual conversation payload.","Machine translation systems, document summarization engines.",Flawless studio acoustic treatment; meditative voiceover cadence; fluid visual transitions.,Use the Query-Key-Value database/dating metaphor to make abstract dot products intuitive.,94200,4500000.0,"Title: Attention in transformers, step-by-step | Deep Learning Chapter 6
Explanation: Step-by-Step Matrix Calculus Intuition
Visuals: Query, Key, and Value vector matrices interacting visually; dot product attention heatmaps.
Examples: Adjective-noun agreement and pronoun resolution ('The animal didn't cross the street because it was too tired').
Analogies: Query as a dating profile search query, Key as personal description, Value as actual conversation payload.
Applications: Machine translation systems, document summarization engines.
Quality: Flawless studio acoustic treatment; meditative voiceover cadence; fluid visual transitions.
Takeaway: Use the Query-Key-Value database/dating metaphor to make abstract dot products intuitive.",1,1,1,1,0,1
VID-041,Natural Language Processing (NLP),Google Cloud Tech,"Transformers, explained: Understand the model behind GPT, BERT, and T5",http://www.youtube.com/watch?v=SZorAJ4I-sA,09:11,1.2M+,Model Landscape Overview,"Diagrams comparing encoder-only (BERT), decoder-only (GPT), and encoder-decoder (T5) setups.",Masked language modeling predictions vs next-token generative autoregression.,"A Swiss Army Knife with interchangeable blades suited for classification, generation, or translation.","Google Search query understanding, Gmail Smart Compose.",Crisp corporate production; modern Google graphics aesthetic; balanced audio.,Clearly categorize model families (BERT vs GPT vs T5) by their architecture and primary use cases.,551,1200000.0,"Title: Transformers, explained: Understand the model behind GPT, BERT, and T5
Explanation: Model Landscape Overview
Visuals: Diagrams comparing encoder-only (BERT), decoder-only (GPT), and encoder-decoder (T5) setups.
Examples: Masked language modeling predictions vs next-token generative autoregression.
Analogies: A Swiss Army Knife with interchangeable blades suited for classification, generation, or translation.
Applications: Google Search query understanding, Gmail Smart Compose.
Quality: Crisp corporate production; modern Google graphics aesthetic; balanced audio.
Takeaway: Clearly categorize model families (BERT vs GPT vs T5) by their architecture and primary use cases.",1,1,1,0,1,1
VID-042,Natural Language Processing (NLP),ByteByteGo,Transformers Step-by-Step Explained (Attention Is All You Need),http://www.youtube.com/watch?v=avjX3QrYkls,10:04,124K+,Engineering Architecture Flowchart,Hand-drawn digital architecture diagrams; color-coded block pipelines; data flow indicators.,"Walking token tensors through Positional Encoding, Multi-Head Attention, Add & Norm, and Feed Forward layers.",An ultra-efficient multi-stage water filtration and enrichment plant.,Modern enterprise generative AI backbones.,Clear concise voiceover; distinctive hand-drawn diagram animation style; steady pacing.,Break paper architecture down into an explicit top-to-bottom flowchart with clean visual grouping.,604,124000.0,"Title: Transformers Step-by-Step Explained (Attention Is All You Need)
Explanation: Engineering Architecture Flowchart
Visuals: Hand-drawn digital architecture diagrams; color-coded block pipelines; data flow indicators.
Examples: Walking token tensors through Positional Encoding, Multi-Head Attention, Add & Norm, and Feed Forward layers.
Analogies: An ultra-efficient multi-stage water filtration and enrichment plant.
Applications: Modern enterprise generative AI backbones.
Quality: Clear concise voiceover; distinctive hand-drawn diagram animation style; steady pacing.
Takeaway: Break paper architecture down into an explicit top-to-bottom flowchart with clean visual grouping.",1,1,1,0,1,1
VID-043,Natural Language Processing (NLP),CodeEmporium,BERT Neural Network - EXPLAINED!,http://www.youtube.com/watch?v=xI0HHN5XKDo,11:37,505K+,Pre-training Objective Deep Dive,Whiteboard animation of Masked Language Model (MLM) and Next Sentence Prediction (NSP).,Predicting '[MASK]' in 'The man went to the [MASK] to buy a gallon of milk.',Filling in blanks on a high-school reading comprehension exam.,Google search query ranking improvements (bidirectional understanding).,Crisp energetic delivery; clean whiteboard style with highlighted code and architecture.,Explain pre-training objectives (Masked LM) explicitly before explaining downstream fine-tuning.,697,505000.0,"Title: BERT Neural Network - EXPLAINED!
Explanation: Pre-training Objective Deep Dive
Visuals: Whiteboard animation of Masked Language Model (MLM) and Next Sentence Prediction (NSP).
Examples: Predicting '[MASK]' in 'The man went to the [MASK] to buy a gallon of milk.'
Analogies: Filling in blanks on a high-school reading comprehension exam.
Applications: Google search query ranking improvements (bidirectional understanding).
Quality: Crisp energetic delivery; clean whiteboard style with highlighted code and architecture.
Takeaway: Explain pre-training objectives (Masked LM) explicitly before explaining downstream fine-tuning.",1,1,1,0,1,1
VID-044,Natural Language Processing (NLP),StatQuest with Josh Starmer,"Attention for Neural Networks, Clearly Explained!!!",http://www.youtube.com/watch?v=PSs6nxngL6k,15:51,464K+,Stepwise Mathematical Intuition,Animated softmax equations; color-coded attention weight bars adjusting dynamically across words.,Translating the phrase 'bank of the river' into Spanish and focusing attention on 'river'.,Spotlight operators illuminating the most relevant actor on a crowded theater stage.,"Multilingual document translation, automated legal contract summarization.","Energetic, clear acoustic setup; trademark mnemonics and celebration sound bites.",Show how attention scores are calculated using simple unnormalized dot products before showing softmax.,951,464000.0,"Title: Attention for Neural Networks, Clearly Explained!!!
Explanation: Stepwise Mathematical Intuition
Visuals: Animated softmax equations; color-coded attention weight bars adjusting dynamically across words.
Examples: Translating the phrase 'bank of the river' into Spanish and focusing attention on 'river'.
Analogies: Spotlight operators illuminating the most relevant actor on a crowded theater stage.
Applications: Multilingual document translation, automated legal contract summarization.
Quality: Energetic, clear acoustic setup; trademark mnemonics and celebration sound bites.
Takeaway: Show how attention scores are calculated using simple unnormalized dot products before showing softmax.",1,1,1,1,1,1
VID-045,Natural Language Processing (NLP),Data Science Garage,Calculate TF-IDF in NLP (Simple Example),http://www.youtube.com/watch?v=vZAXpvHhQow,08:22,143K+,Manual Calculation & Formula Breakdown,Document term tables; step-by-step arithmetic substitution into TF and IDF formulas.,"Three mini-documents comparing frequency of common words ('the', 'is') vs rare words ('algorithm').",A filter that mutes white noise while amplifying rare musical notes.,"Information retrieval in search engines, legal e-discovery keyword search.",Clear instructional voiceover; full-screen formula breakdowns; focused instructional delivery.,Manually compute the numbers for a 3-sentence corpus so viewers understand why common words get penalized.,502,143000.0,"Title: Calculate TF-IDF in NLP (Simple Example)
Explanation: Manual Calculation & Formula Breakdown
Visuals: Document term tables; step-by-step arithmetic substitution into TF and IDF formulas.
Examples: Three mini-documents comparing frequency of common words ('the', 'is') vs rare words ('algorithm').
Analogies: A filter that mutes white noise while amplifying rare musical notes.
Applications: Information retrieval in search engines, legal e-discovery keyword search.
Quality: Clear instructional voiceover; full-screen formula breakdowns; focused instructional delivery.
Takeaway: Manually compute the numbers for a 3-sentence corpus so viewers understand why common words get penalized.",1,1,1,1,0,1
VID-046,Natural Language Processing (NLP),CodeCraft Academy,NLP Basics Explained: Tokenization & Embeddings,http://www.youtube.com/watch?v=TlflB-3Xd-4,07:16,809,Beginner Conceptual Stepping-Stone,Text sentence breaking into colored token blocks; numeric vectors mapped to semantic axes.,Converting 'AI is amazing' into word IDs and embedding coordinates.,Translating spoken language into musical notes that an automated player piano can read.,"Search bar query completion, chat filter moderation.",Warm voiceover; clean slide cards; well-paced delivery.,Avoid introducing complex math in beginner videos; emphasize input-transformation-output flow.,436,809.0,"Title: NLP Basics Explained: Tokenization & Embeddings
Explanation: Beginner Conceptual Stepping-Stone
Visuals: Text sentence breaking into colored token blocks; numeric vectors mapped to semantic axes.
Examples: Converting 'AI is amazing' into word IDs and embedding coordinates.
Analogies: Translating spoken language into musical notes that an automated player piano can read.
Applications: Search bar query completion, chat filter moderation.
Quality: Warm voiceover; clean slide cards; well-paced delivery.
Takeaway: Avoid introducing complex math in beginner videos; emphasize input-transformation-output flow.",1,1,1,0,0,1
VID-047,Natural Language Processing (NLP),IBM Technology,What are Word Embeddings?,http://www.youtube.com/watch?v=wgfSDrqYMJ4,08:38,277K+,Semantic Space Lightboard Lecture,3D coordinate axes drawn on lightboard with words positioned by semantic proximity.,"Plotting 'coffee', 'tea', 'cup', and 'mug' in one cluster, and 'rocket', 'moon', 'star' in another.","Arranging grocery items in supermarket aisles: dairy products grouped together, hardware elsewhere.","E-commerce related search suggestions, multilingual translation engines.",Studio-level audio clarity; balanced dynamic range; clear handwriting on glass.,Plot familiar word clusters on a whiteboard to make n-dimensional vector geometry feel intuitive.,518,277000.0,"Title: What are Word Embeddings?
Explanation: Semantic Space Lightboard Lecture
Visuals: 3D coordinate axes drawn on lightboard with words positioned by semantic proximity.
Examples: Plotting 'coffee', 'tea', 'cup', and 'mug' in one cluster, and 'rocket', 'moon', 'star' in another.
Analogies: Arranging grocery items in supermarket aisles: dairy products grouped together, hardware elsewhere.
Applications: E-commerce related search suggestions, multilingual translation engines.
Quality: Studio-level audio clarity; balanced dynamic range; clear handwriting on glass.
Takeaway: Plot familiar word clusters on a whiteboard to make n-dimensional vector geometry feel intuitive.",1,1,1,1,0,1
VID-048,Natural Language Processing (NLP),Krish Naik,Word Embedding - Natural Language Processing,http://www.youtube.com/watch?v=pO_6Jk0QtKw,15:10,219K+,Curriculum-Aligned Technical Lecture,Handwritten digital notes; vector dimensionality reduction formulas; feature representation matrices.,"Representing vocabulary in a 300-dimension vector matrix with gender, age, and nobility features.",Giving words a detailed resume with scores across hundreds of character traits.,"Document classification in legal firms, sentiment scoring of financial filings.",Clear conversational Indian English; detailed tablet writing; focused and thorough.,"Show concrete feature labels (e.g. 'Gender', 'Royalty', 'Food') on initial embedding matrix columns.",910,219000.0,"Title: Word Embedding - Natural Language Processing
Explanation: Curriculum-Aligned Technical Lecture
Visuals: Handwritten digital notes; vector dimensionality reduction formulas; feature representation matrices.
Examples: Representing vocabulary in a 300-dimension vector matrix with gender, age, and nobility features.
Analogies: Giving words a detailed resume with scores across hundreds of character traits.
Applications: Document classification in legal firms, sentiment scoring of financial filings.
Quality: Clear conversational Indian English; detailed tablet writing; focused and thorough.
Takeaway: Show concrete feature labels (e.g. 'Gender', 'Royalty', 'Food') on initial embedding matrix columns.",1,1,1,1,0,1
VID-049,Natural Language Processing (NLP),CodeEmporium,BERT vs GPT,http://www.youtube.com/watch?v=BEt_BACGw6g,01:00,449K+,60-Second Rapid Architectural Contrast,Split-screen comparing Bidirectional Encoder (BERT) looking both ways vs Autoregressive Decoder (GPT) looking left.,BERT solving sentence classification vs GPT generating the next sentence.,A reader inspecting an entire historical sentence vs a writer composing word-by-word into the future.,Search query classification (BERT) vs chatbot conversation generation (GPT).,High-energy voiceover; rapid text and graphic animations; zero silence.,Focus on the single core distinction (Bidirectional vs Unidirectional) in under 60 seconds.,60,449000.0,"Title: BERT vs GPT
Explanation: 60-Second Rapid Architectural Contrast
Visuals: Split-screen comparing Bidirectional Encoder (BERT) looking both ways vs Autoregressive Decoder (GPT) looking left.
Examples: BERT solving sentence classification vs GPT generating the next sentence.
Analogies: A reader inspecting an entire historical sentence vs a writer composing word-by-word into the future.
Applications: Search query classification (BERT) vs chatbot conversation generation (GPT).
Quality: High-energy voiceover; rapid text and graphic animations; zero silence.
Takeaway: Focus on the single core distinction (Bidirectional vs Unidirectional) in under 60 seconds.",1,1,1,0,1,1
VID-050,Natural Language Processing (NLP),Jay Alammar,Language Processing with BERT: The 3 Minute Intro,http://www.youtube.com/watch?v=ioGry-89gqE,06:10,109K+,Illustrated Concept Primer,Acclaimed visual book illustrations; token embedding stacks; transformer block flow.,Fine-tuning BERT for spam vs non-spam email classification with a single extra output layer.,Hiring a genius who has read every book in the world and training them for 10 minutes on your company's email sorting.,"Customer sentiment routing, intent classification in contact centers.","Gentle, authoritative voiceover; exquisite illustration aesthetics; peaceful background.",Use the 'transfer learning: pre-trained generalist + lightweight task head' visual metaphor.,370,109000.0,"Title: Language Processing with BERT: The 3 Minute Intro
Explanation: Illustrated Concept Primer
Visuals: Acclaimed visual book illustrations; token embedding stacks; transformer block flow.
Examples: Fine-tuning BERT for spam vs non-spam email classification with a single extra output layer.
Analogies: Hiring a genius who has read every book in the world and training them for 10 minutes on your company's email sorting.
Applications: Customer sentiment routing, intent classification in contact centers.
Quality: Gentle, authoritative voiceover; exquisite illustration aesthetics; peaceful background.
Takeaway: Use the 'transfer learning: pre-trained generalist + lightweight task head' visual metaphor.",1,1,1,0,0,1
VID-051,Natural Language Processing (NLP),AssemblyAI,What is BERT and how does it work?,http://www.youtube.com/watch?v=6ahxPTLZxU8,08:56,87K+,Developer Motion Graphics,Animated transformer encoders; masking probability distributions; next sentence labels.,Masking 15% of tokens in Wikipedia sentences during pre-training.,A student practicing fill-in-the-blank language quizzes to achieve native fluency.,"Named Entity Recognition (NER), question answering over technical documentation.",Clean studio microphone; upbeat tech pacing; professional motion design.,"Clearly explain the 15% masking rule (80% [MASK], 10% random, 10% original) to demystify pre-training.",536,87000.0,"Title: What is BERT and how does it work?
Explanation: Developer Motion Graphics
Visuals: Animated transformer encoders; masking probability distributions; next sentence labels.
Examples: Masking 15% of tokens in Wikipedia sentences during pre-training.
Analogies: A student practicing fill-in-the-blank language quizzes to achieve native fluency.
Applications: Named Entity Recognition (NER), question answering over technical documentation.
Quality: Clean studio microphone; upbeat tech pacing; professional motion design.
Takeaway: Clearly explain the 15% masking rule (80% [MASK], 10% random, 10% original) to demystify pre-training.",1,1,1,0,1,1
VID-052,Natural Language Processing (NLP),Under The Hood,How Attention Mechanism Works in Transformer Architecture,http://www.youtube.com/watch?v=KMHkbXzHn7s,22:10,139K+,In-Depth Matrix Derivation,Scaled dot product formulas; dimension normalization factors (1/sqrt(dk)); multi-head split projections.,Computing attention between words in a 5-word sentence with explicit 4x4 matrix multiplications.,Scaling variance like adjusting a microscope lens so extreme values don't push gradients into flat sigmoid zones.,High-accuracy sentence translation in international diplomacy and commerce.,"Measured, calm academic voiceover; detailed digital chalkboard calculations.",Explain WHY the scaling factor sqrt(dk) is necessary (preventing vanishing gradients in softmax).,1330,139000.0,"Title: How Attention Mechanism Works in Transformer Architecture
Explanation: In-Depth Matrix Derivation
Visuals: Scaled dot product formulas; dimension normalization factors (1/sqrt(dk)); multi-head split projections.
Examples: Computing attention between words in a 5-word sentence with explicit 4x4 matrix multiplications.
Analogies: Scaling variance like adjusting a microscope lens so extreme values don't push gradients into flat sigmoid zones.
Applications: High-accuracy sentence translation in international diplomacy and commerce.
Quality: Measured, calm academic voiceover; detailed digital chalkboard calculations.
Takeaway: Explain WHY the scaling factor sqrt(dk) is necessary (preventing vanishing gradients in softmax).",1,1,1,1,0,1
VID-053,Natural Language Processing (NLP),Hex,Word Embeddings: TF-IDF,http://www.youtube.com/watch?v=x1u5TotQ0G0,05:26,17K+,Pragmatic Data Science Tutorial,Term count tables; log inverse curve graphs; sparse matrix visualizations.,Finding the most unique search terms in a collection of data science articles.,A metal detector that ignores common iron nails to beep only for rare gold coins.,"Search engine relevancy ranking, automated keyword tagging.",Crisp developer voiceover; high-contrast dark theme visuals; focused 5-minute pacing.,Keep the mathematical explanation grounded in a 3-document comparison table.,326,17000.0,"Title: Word Embeddings: TF-IDF
Explanation: Pragmatic Data Science Tutorial
Visuals: Term count tables; log inverse curve graphs; sparse matrix visualizations.
Examples: Finding the most unique search terms in a collection of data science articles.
Analogies: A metal detector that ignores common iron nails to beep only for rare gold coins.
Applications: Search engine relevancy ranking, automated keyword tagging.
Quality: Crisp developer voiceover; high-contrast dark theme visuals; focused 5-minute pacing.
Takeaway: Keep the mathematical explanation grounded in a 3-document comparison table.",1,1,1,1,0,1
VID-054,Natural Language Processing (NLP),DataMListic,Term Frequency Inverse Document Frequency (TF-IDF) Explained,http://www.youtube.com/watch?v=zLMEnNbdh4Q,08:59,43K+,Educational Formula Walkthrough,Stepwise math animations calculating log(N/df) for common vs rare terms.,"Filtering stop words ('the', 'a') and prioritizing domain terms ('quantum', 'cryptography').",Turning down the background static on a radio to hear the emergency broadcast clearly.,"Email spam filtering, topic modeling in news feeds.",Balanced audio; clear step-by-step mathematical slides; steady tempo.,Explain why the logarithm is applied to inverse frequency (dampening effect of huge document counts).,539,43000.0,"Title: Term Frequency Inverse Document Frequency (TF-IDF) Explained
Explanation: Educational Formula Walkthrough
Visuals: Stepwise math animations calculating log(N/df) for common vs rare terms.
Examples: Filtering stop words ('the', 'a') and prioritizing domain terms ('quantum', 'cryptography').
Analogies: Turning down the background static on a radio to hear the emergency broadcast clearly.
Applications: Email spam filtering, topic modeling in news feeds.
Quality: Balanced audio; clear step-by-step mathematical slides; steady tempo.
Takeaway: Explain why the logarithm is applied to inverse frequency (dampening effect of huge document counts).",1,1,1,1,0,1
VID-055,Natural Language Processing (NLP),StatQuest with Josh Starmer,Sequence-to-Sequence (seq2seq) Encoder-Decoder Neural Networks,http://www.youtube.com/watch?v=L8HKweZIOmg,16:50,374K+,Pedagogical Pipeline Walkthrough,Encoder RNN condensing sentence into a context vector; Decoder RNN generating output tokens.,Translating 'How are you?' into Spanish '¿Cómo estás?'.,"A translator listening to an entire foreign sentence, summarizing the thought in their head, then speaking.","Voice transcription, closed-captioning generation.",Energetic and friendly tone; acoustic guitar breaks; colorful slide layout.,Show how the fixed-length context vector bottleneck created the need for the Attention mechanism.,1010,374000.0,"Title: Sequence-to-Sequence (seq2seq) Encoder-Decoder Neural Networks
Explanation: Pedagogical Pipeline Walkthrough
Visuals: Encoder RNN condensing sentence into a context vector; Decoder RNN generating output tokens.
Examples: Translating 'How are you?' into Spanish '¿Cómo estás?'.
Analogies: A translator listening to an entire foreign sentence, summarizing the thought in their head, then speaking.
Applications: Voice transcription, closed-captioning generation.
Quality: Energetic and friendly tone; acoustic guitar breaks; colorful slide layout.
Takeaway: Show how the fixed-length context vector bottleneck created the need for the Attention mechanism.",1,1,1,0,1,1
VID-056,Large Language Models (LLM),3Blue1Brown,Large Language Models explained briefly,http://www.youtube.com/watch?v=LPZh9BOjkQs,07:58,7.5M+,Conceptual & Philosophical Deconstruction,Token probability distribution towers; vector space text morphing; animated connection graphs.,Predicting the next token following 'The first person to walk on the moon was...',An unimaginably sophisticated autocomplete engine that internalized a simulation of human knowledge.,"ChatGPT, automated coding assistants, AI creative writing engines.",Unrivaled vocal intimacy and acoustic polish; elegant 60fps Manim vector transitions.,Frame LLMs as next-token predictors before addressing emergent reasoning capabilities.,478,7500000.0,"Title: Large Language Models explained briefly
Explanation: Conceptual & Philosophical Deconstruction
Visuals: Token probability distribution towers; vector space text morphing; animated connection graphs.
Examples: Predicting the next token following 'The first person to walk on the moon was...'
Analogies: An unimaginably sophisticated autocomplete engine that internalized a simulation of human knowledge.
Applications: ChatGPT, automated coding assistants, AI creative writing engines.
Quality: Unrivaled vocal intimacy and acoustic polish; elegant 60fps Manim vector transitions.
Takeaway: Frame LLMs as next-token predictors before addressing emergent reasoning capabilities.",1,1,1,0,0,1
VID-057,Large Language Models (LLM),Andrej Karpathy,[1hr Talk] Intro to Large Language Models,http://www.youtube.com/watch?v=zjkBMFhNj_g,59:48:00,4.1M+,Masterclass Systems Engineering,Slide deck with internet-scale data compression statistics; GPU cluster photos; security jailbreak slides.,LLaMA-2 70B parameter file footprint; Llama prompt hacking and prompt injections.,LLM as the kernel process of an emerging operating system; pretraining as lossy zip compression of the web.,"Autonomous coding, enterprise AI workflows, LLM cybersecurity vulnerabilities.",Crisp podcast-grade Shure microphone audio; calm authoritative presentation; readable slides.,"Use the 'LLM as an Operating System' mental model to help viewers conceptualize RAM, CPU, and disk equivalents.",215280,4099999.9999999995,"Title: [1hr Talk] Intro to Large Language Models
Explanation: Masterclass Systems Engineering
Visuals: Slide deck with internet-scale data compression statistics; GPU cluster photos; security jailbreak slides.
Examples: LLaMA-2 70B parameter file footprint; Llama prompt hacking and prompt injections.
Analogies: LLM as the kernel process of an emerging operating system; pretraining as lossy zip compression of the web.
Applications: Autonomous coding, enterprise AI workflows, LLM cybersecurity vulnerabilities.
Quality: Crisp podcast-grade Shure microphone audio; calm authoritative presentation; readable slides.
Takeaway: Use the 'LLM as an Operating System' mental model to help viewers conceptualize RAM, CPU, and disk equivalents.",1,1,1,0,0,1
VID-058,Large Language Models (LLM),Andrej Karpathy,Deep Dive into LLMs like ChatGPT,http://www.youtube.com/watch?v=7xTGNNLPyMI,03:31:24,9.4M+,Exhaustive End-to-End Technical Deep Dive,Detailed slides; live terminal tokenization outputs; pretraining loss curves; reinforcement learning diagrams.,"Building and training a GPT from scratch; step-by-step training stages (Pre-training, SFT, RLHF).",Pretraining is reading billions of books; Fine-tuning is learning how to be a helpful customer support agent.,"State-of-the-art commercial AI products (ChatGPT, Claude, Gemini).",Impeccable acoustic setup; ultra-clear screen capture; transparent and engaging pedagogy.,Segment monumental multi-hour topics into crystal-clear developmental stages (Pretraining -> SFT -> RLHF).,12684,9400000.0,"Title: Deep Dive into LLMs like ChatGPT
Explanation: Exhaustive End-to-End Technical Deep Dive
Visuals: Detailed slides; live terminal tokenization outputs; pretraining loss curves; reinforcement learning diagrams.
Examples: Building and training a GPT from scratch; step-by-step training stages (Pre-training, SFT, RLHF).
Analogies: Pretraining is reading billions of books; Fine-tuning is learning how to be a helpful customer support agent.
Applications: State-of-the-art commercial AI products (ChatGPT, Claude, Gemini).
Quality: Impeccable acoustic setup; ultra-clear screen capture; transparent and engaging pedagogy.
Takeaway: Segment monumental multi-hour topics into crystal-clear developmental stages (Pretraining -> SFT -> RLHF).",1,1,1,0,1,1
VID-059,Large Language Models (LLM),IBM Technology,How Large Language Models Work,http://www.youtube.com/watch?v=5sLYAQS9sWQ,05:34,1.6M+,Concise Conceptual Lightboard Lecture,Lightboard diagram showing the pipeline from massive text corpus to embeddings and prediction layers.,Predicting the word 'bark' given the context of 'The dog started to...'.,Super-powered smartphone autocomplete that understands context across hundreds of pages.,"Customer support chatbots, automated email composition tools.",Studio 4K video; crisp lapel microphone; luminous marker contrast on black background.,Deliver a complete end-to-end overview in 5 minutes for busy professionals and junior engineers.,334,1600000.0,"Title: How Large Language Models Work
Explanation: Concise Conceptual Lightboard Lecture
Visuals: Lightboard diagram showing the pipeline from massive text corpus to embeddings and prediction layers.
Examples: Predicting the word 'bark' given the context of 'The dog started to...'.
Analogies: Super-powered smartphone autocomplete that understands context across hundreds of pages.
Applications: Customer support chatbots, automated email composition tools.
Quality: Studio 4K video; crisp lapel microphone; luminous marker contrast on black background.
Takeaway: Deliver a complete end-to-end overview in 5 minutes for busy professionals and junior engineers.",1,1,1,0,0,1
VID-060,Large Language Models (LLM),freeCodeCamp.org,Prompt Engineering Tutorial – Master ChatGPT and LLM Responses,http://www.youtube.com/watch?v=_ZvnD73m40o,41:36:00,2.8M+,Tactical Hands-on Implementation Guide,Real-time OpenAI playground prompt trials; side-by-side prompt output comparisons; markdown templates.,Few-shot prompting for legal text summarization; Chain-of-Thought (CoT) prompting for math puzzles.,"Directing an extremely intelligent intern who needs crystal-clear, structured instructions to do great work.","Automating customer support drafting, code generation pipelines, structured JSON data extraction.",Professional screencast audio; clean high-contrast web UI text; paced instructional progression.,Show 'Bad Prompt vs Good Prompt' side-by-side to visibly prove the performance gap.,149760,2800000.0,"Title: Prompt Engineering Tutorial – Master ChatGPT and LLM Responses
Explanation: Tactical Hands-on Implementation Guide
Visuals: Real-time OpenAI playground prompt trials; side-by-side prompt output comparisons; markdown templates.
Examples: Few-shot prompting for legal text summarization; Chain-of-Thought (CoT) prompting for math puzzles.
Analogies: Directing an extremely intelligent intern who needs crystal-clear, structured instructions to do great work.
Applications: Automating customer support drafting, code generation pipelines, structured JSON data extraction.
Quality: Professional screencast audio; clean high-contrast web UI text; paced instructional progression.
Takeaway: Show 'Bad Prompt vs Good Prompt' side-by-side to visibly prove the performance gap.",1,1,1,0,1,1
VID-061,Large Language Models (LLM),Tina Huang,Google's 9 Hour AI Prompt Engineering Course In 20 Minutes,http://www.youtube.com/watch?v=p09yRj47kNM,20:17,2.1M+,Curriculum Synthesis & Study Guide,Clean Notion-style slides; graphic cards summarizing prompt frameworks; live test demonstrations.,"Zero-shot, Few-shot, Role prompting, and ReAct prompt structures applied to marketing and analytics.",Prompting frameworks as structured recipe cards that prevent the model from hallucinating ingredients.,"Workplace productivity, automated report generation, market research synthesis.",Studio lighting; pleasing aesthetic desk setup; crisp vocal capture; animated bullet summaries.,Package lengthy official corporate courses into high-density 20-minute distillations.,1217,2100000.0,"Title: Google's 9 Hour AI Prompt Engineering Course In 20 Minutes
Explanation: Curriculum Synthesis & Study Guide
Visuals: Clean Notion-style slides; graphic cards summarizing prompt frameworks; live test demonstrations.
Examples: Zero-shot, Few-shot, Role prompting, and ReAct prompt structures applied to marketing and analytics.
Analogies: Prompting frameworks as structured recipe cards that prevent the model from hallucinating ingredients.
Applications: Workplace productivity, automated report generation, market research synthesis.
Quality: Studio lighting; pleasing aesthetic desk setup; crisp vocal capture; animated bullet summaries.
Takeaway: Package lengthy official corporate courses into high-density 20-minute distillations.",1,1,1,0,0,1
VID-062,Large Language Models (LLM),Matt Williams,Optimize Your AI - Quantization Explained,http://www.youtube.com/watch?v=K75j8MkwgJ0,12:10,528K+,Hardware & Model Compression Breakdown,Visual number lines comparing 32-bit floating point precision against 8-bit and 4-bit integers.,Fitting a 70B parameter model on consumer GPUs with FP16 vs INT4 quantization.,Converting an uncompressed high-definition audio file to an efficient MP3 that sounds almost identical.,Running LLMs locally on MacBooks and mobile edge devices without cloud costs.,Rich microphone presence; crisp software screencasts; clean animated graphs.,Explain the tradeoff between VRAM reduction and minor perplexity loss using visual precision grids.,730,528000.0,"Title: Optimize Your AI - Quantization Explained
Explanation: Hardware & Model Compression Breakdown
Visuals: Visual number lines comparing 32-bit floating point precision against 8-bit and 4-bit integers.
Examples: Fitting a 70B parameter model on consumer GPUs with FP16 vs INT4 quantization.
Analogies: Converting an uncompressed high-definition audio file to an efficient MP3 that sounds almost identical.
Applications: Running LLMs locally on MacBooks and mobile edge devices without cloud costs.
Quality: Rich microphone presence; crisp software screencasts; clean animated graphs.
Takeaway: Explain the tradeoff between VRAM reduction and minor perplexity loss using visual precision grids.",1,1,1,0,0,1
VID-063,Large Language Models (LLM),ByteByteGo,How ChatGPT Works Technically | ChatGPT Architecture,http://www.youtube.com/watch?v=bSvTVREwSNw,07:54,948K+,System Architecture Animation,"Animated step-by-step block diagrams of Pre-training, Supervised Fine-Tuning, Reward Modeling, and PPO.",Human annotators ranking multiple model completions to train the reward model.,Pre-training is earning a college degree; SFT is job training; RLHF is learning company etiquette.,"Commercial conversational agents, safety alignment filters in modern AI.",Clean voiceover; consistent brand aesthetic; signature hand-drawn technical diagrams.,Use the three-stage training framework (Pretrain -> Fine-tune -> Align) to structure complex AI discussions.,474,948000.0,"Title: How ChatGPT Works Technically | ChatGPT Architecture
Explanation: System Architecture Animation
Visuals: Animated step-by-step block diagrams of Pre-training, Supervised Fine-Tuning, Reward Modeling, and PPO.
Examples: Human annotators ranking multiple model completions to train the reward model.
Analogies: Pre-training is earning a college degree; SFT is job training; RLHF is learning company etiquette.
Applications: Commercial conversational agents, safety alignment filters in modern AI.
Quality: Clean voiceover; consistent brand aesthetic; signature hand-drawn technical diagrams.
Takeaway: Use the three-stage training framework (Pretrain -> Fine-tune -> Align) to structure complex AI discussions.",1,1,1,0,0,1
VID-064,Large Language Models (LLM),IBM Technology,What is Mixture of Experts?,http://www.youtube.com/watch?v=sYDlVVyJYn4,07:58,68K+,Sparse Architecture & Router Network,Gating router network diagrams directing incoming tokens to specialized expert sub-networks on lightboard.,Routing coding tokens to a coding expert and medical tokens to a biology expert in Mixtral 8x7B.,A hospital reception desk directing patients immediately to specialized doctors instead of generalists.,"High-throughput, cost-efficient LLM serving in commercial APIs (e.g. GPT-4, Mixtral).",Excellent studio acoustics; crisp marker diagramming; engaging and fluid explanation.,Distinguish active parameters per token from total model parameters to clear up efficiency confusion.,478,68000.0,"Title: What is Mixture of Experts?
Explanation: Sparse Architecture & Router Network
Visuals: Gating router network diagrams directing incoming tokens to specialized expert sub-networks on lightboard.
Examples: Routing coding tokens to a coding expert and medical tokens to a biology expert in Mixtral 8x7B.
Analogies: A hospital reception desk directing patients immediately to specialized doctors instead of generalists.
Applications: High-throughput, cost-efficient LLM serving in commercial APIs (e.g. GPT-4, Mixtral).
Quality: Excellent studio acoustics; crisp marker diagramming; engaging and fluid explanation.
Takeaway: Distinguish active parameters per token from total model parameters to clear up efficiency confusion.",1,1,1,0,0,1
VID-065,Large Language Models (LLM),StatQuest with Josh Starmer,"Reinforcement Learning with Human Feedback (RLHF), Clearly Explained!!!",http://www.youtube.com/watch?v=qPN_XZcJf_s,18:02,69K+,Probabilistic Alignment Walkthrough,Reward model scoring plots; human ranking cards; PPO policy shift arrows.,"Rewarding a chatbot for helpful, safe answers and penalizing harmful or toxic completions.",Dog obedience training using treats for good behavior and gentle redirection for bad behavior.,Making ChatGPT polite and safe for public consumer use.,Enthusiastic vocal dynamics; warm audio capture; colorful clear slide illustrations.,Explain why human feedback is necessary because loss functions cannot measure subjective helpfulness.,1082,69000.0,"Title: Reinforcement Learning with Human Feedback (RLHF), Clearly Explained!!!
Explanation: Probabilistic Alignment Walkthrough
Visuals: Reward model scoring plots; human ranking cards; PPO policy shift arrows.
Examples: Rewarding a chatbot for helpful, safe answers and penalizing harmful or toxic completions.
Analogies: Dog obedience training using treats for good behavior and gentle redirection for bad behavior.
Applications: Making ChatGPT polite and safe for public consumer use.
Quality: Enthusiastic vocal dynamics; warm audio capture; colorful clear slide illustrations.
Takeaway: Explain why human feedback is necessary because loss functions cannot measure subjective helpfulness.",1,1,1,0,0,1
VID-066,Large Language Models (LLM),IBM Technology,How KV Cache Speeds Up LLMs for Faster AI Models on GPUs,http://www.youtube.com/watch?v=o0gkdZBtwEg,11:15,153K+,Inference Optimization & Memory Footprint,Token-by-token sequence generation on lightboard showing recomputation waste vs KV memory storage.,"Generating a 1,000-token response and saving GPU matrix multiplications by storing key-value vectors.",Writing down your math scratchwork so you don't have to re-solve previous equations for the next step.,Real-time streaming text generation speed in AI chat interfaces.,High-definition lightboard recording; balanced studio sound; engaging speaker cadence.,Directly calculate the redundant compute saved to demonstrate why KV caching is universally implemented.,675,153000.0,"Title: How KV Cache Speeds Up LLMs for Faster AI Models on GPUs
Explanation: Inference Optimization & Memory Footprint
Visuals: Token-by-token sequence generation on lightboard showing recomputation waste vs KV memory storage.
Examples: Generating a 1,000-token response and saving GPU matrix multiplications by storing key-value vectors.
Analogies: Writing down your math scratchwork so you don't have to re-solve previous equations for the next step.
Applications: Real-time streaming text generation speed in AI chat interfaces.
Quality: High-definition lightboard recording; balanced studio sound; engaging speaker cadence.
Takeaway: Directly calculate the redundant compute saved to demonstrate why KV caching is universally implemented.",1,1,1,1,0,1
VID-067,Large Language Models (LLM),Jeff Su,"AI Agents, Clearly Explained",http://www.youtube.com/watch?v=FwOTs4UxQS4,10:09,4.9M+,Workflow Analysis & Framework Guide,Modern motion graphics showing the Perception -> Planning -> Tool Execution -> Reflection loop.,Booking a complete vacation flight and hotel itinerary autonomously using web tools.,"A static chatbot is a brain in a jar; an AI agent is a person given hands, eyes, and a smartphone.","Automated sales prospecting, automated software debugging agents, autonomous research assistants.",Aesthetic studio lighting; pristine audio compression; kinetic motion typography; flawless pacing.,Use the 'Brain vs Hands' analogy to instantly explain the leap from basic LLMs to autonomous agents.,609,4900000.0,"Title: AI Agents, Clearly Explained
Explanation: Workflow Analysis & Framework Guide
Visuals: Modern motion graphics showing the Perception -> Planning -> Tool Execution -> Reflection loop.
Examples: Booking a complete vacation flight and hotel itinerary autonomously using web tools.
Analogies: A static chatbot is a brain in a jar; an AI agent is a person given hands, eyes, and a smartphone.
Applications: Automated sales prospecting, automated software debugging agents, autonomous research assistants.
Quality: Aesthetic studio lighting; pristine audio compression; kinetic motion typography; flawless pacing.
Takeaway: Use the 'Brain vs Hands' analogy to instantly explain the leap from basic LLMs to autonomous agents.",1,1,1,0,0,1
VID-068,Large Language Models (LLM),Rabbitmetrics,LangChain Explained in 13 Minutes | QuickStart Tutorial for Beginners,http://www.youtube.com/watch?v=aywZrzNaKjs,12:44,1.1M+,Framework Architecture & Quickstart,"Modular component diagrams (Prompts, Models, Output Parsers, Chains, Memory); VS Code demo.",Connecting an LLM to a live weather API and parsing the output into a clean JSON response.,"LEGO building blocks that snap LLMs, data stores, and third-party APIs together.",Building customized internal company AI tools and enterprise chatbots.,Clear voice recording; enlarged code IDE; concise and practical instructional flow.,Introduce one framework component at a time before chaining them together into a complete pipeline.,764,1100000.0,"Title: LangChain Explained in 13 Minutes | QuickStart Tutorial for Beginners
Explanation: Framework Architecture & Quickstart
Visuals: Modular component diagrams (Prompts, Models, Output Parsers, Chains, Memory); VS Code demo.
Examples: Connecting an LLM to a live weather API and parsing the output into a clean JSON response.
Analogies: LEGO building blocks that snap LLMs, data stores, and third-party APIs together.
Applications: Building customized internal company AI tools and enterprise chatbots.
Quality: Clear voice recording; enlarged code IDE; concise and practical instructional flow.
Takeaway: Introduce one framework component at a time before chaining them together into a complete pipeline.",1,1,1,0,1,1
VID-069,Large Language Models (LLM),codebasics,LangChain Crash Course For Beginners | LangChain Tutorial,http://www.youtube.com/watch?v=nAmC7SoVLd8,46:07:00,703K+,Comprehensive Project Tutorial,Architecture slides paired with live Python code development in Jupyter Notebooks.,Building a Restaurant Name & Menu Item Generator based on selected cuisine.,Chaining together specialized factory conveyor belts where each worker performs one task.,"Automated marketing content generators, multi-step customer inquiries.","Warm, engaging vocal delivery; crisp screencast quality; clear repository links provided.","Anchor framework learning in a fun, tangible project (restaurant generator) that outputs results immediately.",166020,703000.0,"Title: LangChain Crash Course For Beginners | LangChain Tutorial
Explanation: Comprehensive Project Tutorial
Visuals: Architecture slides paired with live Python code development in Jupyter Notebooks.
Examples: Building a Restaurant Name & Menu Item Generator based on selected cuisine.
Analogies: Chaining together specialized factory conveyor belts where each worker performs one task.
Applications: Automated marketing content generators, multi-step customer inquiries.
Quality: Warm, engaging vocal delivery; crisp screencast quality; clear repository links provided.
Takeaway: Anchor framework learning in a fun, tangible project (restaurant generator) that outputs results immediately.",1,1,1,0,1,1
VID-070,Large Language Models (LLM),AI Coffee Break with Letitia,Positional embeddings in transformers EXPLAINED | Demystifying positional encodings.,http://www.youtube.com/watch?v=1biZfFLPRSY,09:40,95K+,Mathematical Intuition & Curves,Animated sinusoidal sine and cosine wave frequencies; binary counter comparison tables.,Differentiating 'Dog bites man' from 'Man bites dog' when self-attention processes words in parallel.,Clock hands rotating at different speeds to pinpoint the exact time of day.,Preserving word order in document translation and legal contract parsing.,"Gentle, precise articulation; pleasing aesthetic visual identity; clean formula animations.",Explain why transformers have no inherent sense of order before introducing sinusoidal clock wave solutions.,580,95000.0,"Title: Positional embeddings in transformers EXPLAINED | Demystifying positional encodings.
Explanation: Mathematical Intuition & Curves
Visuals: Animated sinusoidal sine and cosine wave frequencies; binary counter comparison tables.
Examples: Differentiating 'Dog bites man' from 'Man bites dog' when self-attention processes words in parallel.
Analogies: Clock hands rotating at different speeds to pinpoint the exact time of day.
Applications: Preserving word order in document translation and legal contract parsing.
Quality: Gentle, precise articulation; pleasing aesthetic visual identity; clean formula animations.
Takeaway: Explain why transformers have no inherent sense of order before introducing sinusoidal clock wave solutions.",1,1,1,1,0,1
VID-071,Large Language Models (LLM),codebasics,LLM Explained | What is LLM,http://www.youtube.com/watch?v=67_aMPDk2zw,04:17,461K+,High-Level Conceptual Summary,"Interactive whiteboard sketches connecting massive training data, transformer backbones, and chat apps.",Asking an LLM to draft a formal leave letter or generate Python code.,A super-librarian who has memorized every book in the world and answers questions instantly.,"Office productivity, virtual coding assistants, creative brainstorming tools.",Crisp conversational Indian English; clean tablet drawings; fast 4-minute runtime.,Provide a simple 4-minute introductory video for non-technical viewers before diving into transformers.,257,461000.0,"Title: LLM Explained | What is LLM
Explanation: High-Level Conceptual Summary
Visuals: Interactive whiteboard sketches connecting massive training data, transformer backbones, and chat apps.
Examples: Asking an LLM to draft a formal leave letter or generate Python code.
Analogies: A super-librarian who has memorized every book in the world and answers questions instantly.
Applications: Office productivity, virtual coding assistants, creative brainstorming tools.
Quality: Crisp conversational Indian English; clean tablet drawings; fast 4-minute runtime.
Takeaway: Provide a simple 4-minute introductory video for non-technical viewers before diving into transformers.",1,1,1,0,1,1
VID-072,Large Language Models (LLM),Matthew Berman,Everything You Need To Know About Large Language Models (LLMs),http://www.youtube.com/watch?v=osKyvYJ3PRM,25:20:00,514K+,Industry Landscape Review,Model leaderboard benchmarks; open-source vs proprietary charts; architecture diagrams.,"Comparing Llama 3, Claude 3.5 Sonnet, and GPT-4o on coding and reasoning benchmarks.",Choosing a car: commercial luxury sedan with driver (API) vs customizable race car you tune yourself (open source).,"Choosing enterprise AI infrastructure, startup tech stack decisions.",Studio Shure microphone; dynamic on-screen graphics; charismatic creator presence.,"Compare open-source vs closed-source models across price, privacy, and performance parameters.",91200,514000.0,"Title: Everything You Need To Know About Large Language Models (LLMs)
Explanation: Industry Landscape Review
Visuals: Model leaderboard benchmarks; open-source vs proprietary charts; architecture diagrams.
Examples: Comparing Llama 3, Claude 3.5 Sonnet, and GPT-4o on coding and reasoning benchmarks.
Analogies: Choosing a car: commercial luxury sedan with driver (API) vs customizable race car you tune yourself (open source).
Applications: Choosing enterprise AI infrastructure, startup tech stack decisions.
Quality: Studio Shure microphone; dynamic on-screen graphics; charismatic creator presence.
Takeaway: Compare open-source vs closed-source models across price, privacy, and performance parameters.",1,1,1,0,0,1
VID-073,Large Language Models (LLM),Shaw Talebi,Fine-tuning Large Language Models (LLMs) | w/ Example Code,http://www.youtube.com/watch?v=eC6Hd1hFvos,28:18:00,576K+,Applied Code & Theory Workshop,Clean slide diagrams illustrating LoRA adapter matrices alongside Python code in Google Colab.,Fine-tuning an open-source LLM on custom medical dialogue pairs to adopt clinical tone.,Adding a specialized attachment to a kitchen stand mixer rather than forging a new motor from scratch.,"Healthcare chatbot fine-tuning, specialized financial analyst assistants.","Gentle, polished vocal delivery; beautiful dark-mode slides; high-resolution IDE text.",Show the training loss curve dropping during the Colab run to prove the model is actually learning.,101880,576000.0,"Title: Fine-tuning Large Language Models (LLMs) | w/ Example Code
Explanation: Applied Code & Theory Workshop
Visuals: Clean slide diagrams illustrating LoRA adapter matrices alongside Python code in Google Colab.
Examples: Fine-tuning an open-source LLM on custom medical dialogue pairs to adopt clinical tone.
Analogies: Adding a specialized attachment to a kitchen stand mixer rather than forging a new motor from scratch.
Applications: Healthcare chatbot fine-tuning, specialized financial analyst assistants.
Quality: Gentle, polished vocal delivery; beautiful dark-mode slides; high-resolution IDE text.
Takeaway: Show the training loss curve dropping during the Colab run to prove the model is actually learning.",1,1,1,0,1,1
VID-074,Large Language Models (LLM),Matt Wolfe,How To Fine-Tune A Large Language Model (Step-By-Step),http://www.youtube.com/watch?v=pddeyCqevnw,28:20:00,40K+,Creator-Friendly Practical Guide,Browser-based fine-tuning UI walkthroughs; JSONL dataset formatting examples; test generation prompts.,Formatting training data into prompt-completion JSONL pairs and uploading to fine-tuning endpoints.,Training an actor on a specific theater script after they already know how to act.,"Customizing brand voice for marketing agencies, domain-specific support bots.",High-end creator studio lighting; warm podcast vocal presence; crisp screencast capture.,Walk through preparing the JSONL training file row by row to prevent data formatting errors.,102000,40000.0,"Title: How To Fine-Tune A Large Language Model (Step-By-Step)
Explanation: Creator-Friendly Practical Guide
Visuals: Browser-based fine-tuning UI walkthroughs; JSONL dataset formatting examples; test generation prompts.
Examples: Formatting training data into prompt-completion JSONL pairs and uploading to fine-tuning endpoints.
Analogies: Training an actor on a specific theater script after they already know how to act.
Applications: Customizing brand voice for marketing agencies, domain-specific support bots.
Quality: High-end creator studio lighting; warm podcast vocal presence; crisp screencast capture.
Takeaway: Walk through preparing the JSONL training file row by row to prevent data formatting errors.",1,1,1,0,0,1
VID-075,Large Language Models (LLM),Tech With Tim,Prompt Engineering Full Course,http://www.youtube.com/watch?v=2BpCk4d2Cc0,37:44:00,298K+,Developer Coding Masterclass,Python scripting with OpenAI API; markdown system prompt templates; output validation schemas.,Building automated customer service agents with Pydantic output parsing and temperature tuning.,Writing clear technical specifications for a contractor: ambiguity leads to flawed construction.,"Automated data extraction from invoices, enterprise API integrations.",Professional developer audio; clean code editor; methodical and engaging cadence.,Teach Pydantic/JSON structured outputs rather than unstructured free-form text completions.,135840,298000.0,"Title: Prompt Engineering Full Course
Explanation: Developer Coding Masterclass
Visuals: Python scripting with OpenAI API; markdown system prompt templates; output validation schemas.
Examples: Building automated customer service agents with Pydantic output parsing and temperature tuning.
Analogies: Writing clear technical specifications for a contractor: ambiguity leads to flawed construction.
Applications: Automated data extraction from invoices, enterprise API integrations.
Quality: Professional developer audio; clean code editor; methodical and engaging cadence.
Takeaway: Teach Pydantic/JSON structured outputs rather than unstructured free-form text completions.",1,1,1,0,1,1
VID-076,Large Language Models (LLM),Julia Turc,How LLMs survive in low precision | Quantization Fundamentals,http://www.youtube.com/watch?v=qoQJq5UwV1c,20:34,72K+,Hardware & Mathematical Engineering,"Floating point bit layouts (sign, exponent, mantissa); symmetric vs asymmetric quantization math.",Compressing 16-bit float weight tensors into 4-bit integers (AWQ and GPTQ).,"Rounding currency to the nearest cent: pennies matter for accounting, but fractions of a penny are negligible.","Running 70B parameter models on single-GPU servers, cutting cloud inference costs by 75%.",Pristine studio audio; razor-sharp technical diagrams; exceptional clarity.,Explain the IEEE 754 floating-point structure before showing how quantization clamps values into integer buckets.,1234,72000.0,"Title: How LLMs survive in low precision | Quantization Fundamentals
Explanation: Hardware & Mathematical Engineering
Visuals: Floating point bit layouts (sign, exponent, mantissa); symmetric vs asymmetric quantization math.
Examples: Compressing 16-bit float weight tensors into 4-bit integers (AWQ and GPTQ).
Analogies: Rounding currency to the nearest cent: pennies matter for accounting, but fractions of a penny are negligible.
Applications: Running 70B parameter models on single-GPU servers, cutting cloud inference costs by 75%.
Quality: Pristine studio audio; razor-sharp technical diagrams; exceptional clarity.
Takeaway: Explain the IEEE 754 floating-point structure before showing how quantization clamps values into integer buckets.",1,1,1,1,0,1
VID-077,Large Language Models (LLM),Kyle Hill,ChatGPT Explained Completely.,http://www.youtube.com/watch?v=-4Oso9-9KTQ,27:39:00,1.4M+,Documentary-Style Narrative,Cinematic visual effects; neural network cosmos animations; pop-culture movie clips.,From Markov chains and Eliza to Transformers and emergent multi-step reasoning in ChatGPT.,The Chinese Room argument; autocomplete that read the entire Library of Alexandria.,"The future of labor, creative arts disruption, Turing test obsolescence.",Hollywood-grade sound mix; broadcast television lighting; charismatic delivery.,Weave philosophical questions (Can machines think?) into technical explanations to maximize engagement.,99540,1400000.0,"Title: ChatGPT Explained Completely.
Explanation: Documentary-Style Narrative
Visuals: Cinematic visual effects; neural network cosmos animations; pop-culture movie clips.
Examples: From Markov chains and Eliza to Transformers and emergent multi-step reasoning in ChatGPT.
Analogies: The Chinese Room argument; autocomplete that read the entire Library of Alexandria.
Applications: The future of labor, creative arts disruption, Turing test obsolescence.
Quality: Hollywood-grade sound mix; broadcast television lighting; charismatic delivery.
Takeaway: Weave philosophical questions (Can machines think?) into technical explanations to maximize engagement.",1,1,1,0,0,1
VID-078,Large Language Models (LLM),Maarten Grootendorst,A Visual Guide to Mixture of Experts (MoE) in LLMs,http://www.youtube.com/watch?v=sOPDGQjFcuM,19:44,69K+,Visual Diagrammatic Guide,Custom diagrams showing token dispatch to Top-K expert Feed-Forward blocks.,Mixtral 8x7B activating only 2 out of 8 experts per token (13B active vs 47B total parameters).,Consulting two specialists on a panel of eight doctors for each symptom.,State-of-the-art open-source LLM efficiency in server clusters.,"Calm, precise narration; elegant custom color palette; smooth animations.",Provide visual architecture diagrams that viewers can screenshot and use as mental models.,1184,69000.0,"Title: A Visual Guide to Mixture of Experts (MoE) in LLMs
Explanation: Visual Diagrammatic Guide
Visuals: Custom diagrams showing token dispatch to Top-K expert Feed-Forward blocks.
Examples: Mixtral 8x7B activating only 2 out of 8 experts per token (13B active vs 47B total parameters).
Analogies: Consulting two specialists on a panel of eight doctors for each symptom.
Applications: State-of-the-art open-source LLM efficiency in server clusters.
Quality: Calm, precise narration; elegant custom color palette; smooth animations.
Takeaway: Provide visual architecture diagrams that viewers can screenshot and use as mental models.",1,1,1,0,0,1
VID-079,Large Language Models (LLM),IBM Technology,Reinforcement Learning from Human Feedback (RLHF) Explained,http://www.youtube.com/watch?v=T_X4XFwKX8k,11:29,100K+,Alignment Lightboard Architecture,"Step-by-step lightboard diagram of the three phases: SFT, Reward Model training, and PPO alignment.","Training an AI to politely decline dangerous instructions (e.g., 'How to pick a lock').",Teaching a child manners and ethics after they have already learned how to read and speak.,"AI safety benchmarks, commercial enterprise compliance in LLM deployments.",Top-tier studio recording; vibrant marker contrast; articulate presentation.,Contrast the Reward Model's loss curve with standard language modeling loss.,689,100000.0,"Title: Reinforcement Learning from Human Feedback (RLHF) Explained
Explanation: Alignment Lightboard Architecture
Visuals: Step-by-step lightboard diagram of the three phases: SFT, Reward Model training, and PPO alignment.
Examples: Training an AI to politely decline dangerous instructions (e.g., 'How to pick a lock').
Analogies: Teaching a child manners and ethics after they have already learned how to read and speak.
Applications: AI safety benchmarks, commercial enterprise compliance in LLM deployments.
Quality: Top-tier studio recording; vibrant marker contrast; articulate presentation.
Takeaway: Contrast the Reward Model's loss curve with standard language modeling loss.",1,1,1,0,0,1
VID-080,Large Language Models (LLM),Efficient NLP,The KV Cache: Memory Usage in Transformers,http://www.youtube.com/watch?v=80bIUggRJf4,08:33,136K+,GPU Systems Deep Dive,Visual GPU VRAM breakdown showing model weights vs KV cache memory growth during long context generation.,"Serving a 13B model with 4,000-token context across concurrent user requests.",A chef keeping pre-chopped vegetables within arm's reach instead of walking back to the fridge for every dish.,"High-concurrency AI chat serving, reducing latency in voice bots.",Clear instructional audio; high-density diagrams; concise explanation.,Provide the exact arithmetic formula for calculating KV cache memory.,513,136000.0,"Title: The KV Cache: Memory Usage in Transformers
Explanation: GPU Systems Deep Dive
Visuals: Visual GPU VRAM breakdown showing model weights vs KV cache memory growth during long context generation.
Examples: Serving a 13B model with 4,000-token context across concurrent user requests.
Analogies: A chef keeping pre-chopped vegetables within arm's reach instead of walking back to the fridge for every dish.
Applications: High-concurrency AI chat serving, reducing latency in voice bots.
Quality: Clear instructional audio; high-density diagrams; concise explanation.
Takeaway: Provide the exact arithmetic formula for calculating KV cache memory.",1,1,1,1,0,1
VID-081,Retrieval-Augmented Generation (RAG),IBM Technology,What is Retrieval-Augmented Generation (RAG)?,http://www.youtube.com/watch?v=T-D1OfcDW1M,06:36,2.0M+,Foundational Lightboard Architecture,"Three-phase diagram: Knowledge Base Indexing, Semantic Retrieval, and Augmented Generation on glass.",Asking an LLM about an internal company HR policy updated yesterday.,Closed-book exam (pure LLM) versus open-book exam with reference textbooks on the desk (RAG).,"Corporate internal wikis, enterprise customer support bots, legal document analysis.",Top-tier studio acoustics; vibrant marker contrast; confident and engaging presentation.,The 'Open-book vs Closed-book exam' metaphor is the single most effective explanation for RAG.,396,2000000.0,"Title: What is Retrieval-Augmented Generation (RAG)?
Explanation: Foundational Lightboard Architecture
Visuals: Three-phase diagram: Knowledge Base Indexing, Semantic Retrieval, and Augmented Generation on glass.
Examples: Asking an LLM about an internal company HR policy updated yesterday.
Analogies: Closed-book exam (pure LLM) versus open-book exam with reference textbooks on the desk (RAG).
Applications: Corporate internal wikis, enterprise customer support bots, legal document analysis.
Quality: Top-tier studio acoustics; vibrant marker contrast; confident and engaging presentation.
Takeaway: The 'Open-book vs Closed-book exam' metaphor is the single most effective explanation for RAG.",1,1,1,0,0,1
VID-082,Retrieval-Augmented Generation (RAG),KodeKloud,RAG Explained For Beginners,http://www.youtube.com/watch?v=_HQ2H_0Ayy0,10:09,740K+,Step-by-Step Practical Architectural Walkthrough,"Clean 2D motion graphics illustrating chunking, embedding generation, vector search, and prompt injection.",A hospital medical assistant querying proprietary patient records and clinical trial PDFs.,A court lawyer being handed relevant precedent cases by a paralegal right before addressing the judge.,"Healthcare record analysis, banking compliance review, enterprise knowledge discovery.",Clear instructional voiceover; modern tech illustration style; smooth animations.,Walk through the timeline of a query: User Query -> Embed -> Search Vector DB -> Prompt Injection -> LLM Answer.,609,740000.0,"Title: RAG Explained For Beginners
Explanation: Step-by-Step Practical Architectural Walkthrough
Visuals: Clean 2D motion graphics illustrating chunking, embedding generation, vector search, and prompt injection.
Examples: A hospital medical assistant querying proprietary patient records and clinical trial PDFs.
Analogies: A court lawyer being handed relevant precedent cases by a paralegal right before addressing the judge.
Applications: Healthcare record analysis, banking compliance review, enterprise knowledge discovery.
Quality: Clear instructional voiceover; modern tech illustration style; smooth animations.
Takeaway: Walk through the timeline of a query: User Query -> Embed -> Search Vector DB -> Prompt Injection -> LLM Answer.",1,1,1,0,0,1
VID-083,Retrieval-Augmented Generation (RAG),freeCodeCamp.org,Learn RAG From Scratch – Python AI Tutorial from a LangChain Engineer,http://www.youtube.com/watch?v=sVcwVQRHIc8,02:33:11,1.6M+,End-to-End Hands-on Engineering Workshop,"VS Code terminal, LangChain Python scripting, ChromaDB local vectors, architecture diagrams.",Building a custom Q&A engine over Nike's annual financial 10-K report PDF.,Building a customized search engine that feeds its top results directly into an AI writer's prompt.,"Financial statement analysis, automated legal discovery, customer FAQ automation.",Clean developer audio; full-screen IDE code visibility; timestamped chapter indexing.,Build a real-world working project using a public enterprise PDF (like Nike 10-K) to show genuine utility.,9191,1600000.0,"Title: Learn RAG From Scratch – Python AI Tutorial from a LangChain Engineer
Explanation: End-to-End Hands-on Engineering Workshop
Visuals: VS Code terminal, LangChain Python scripting, ChromaDB local vectors, architecture diagrams.
Examples: Building a custom Q&A engine over Nike's annual financial 10-K report PDF.
Analogies: Building a customized search engine that feeds its top results directly into an AI writer's prompt.
Applications: Financial statement analysis, automated legal discovery, customer FAQ automation.
Quality: Clean developer audio; full-screen IDE code visibility; timestamped chapter indexing.
Takeaway: Build a real-world working project using a public enterprise PDF (like Nike 10-K) to show genuine utility.",1,1,1,0,1,1
VID-084,Retrieval-Augmented Generation (RAG),IBM Technology,What is a Vector Database? Powering Semantic Search & AI Applications,http://www.youtube.com/watch?v=gl1r1XV0SLw,09:49,950K+,Core Infrastructure & Math Intuition,"Multi-dimensional vector space diagrams; distance metric formulas (Cosine, Euclidean) drawn on glass.",Searching for 'cute puppies' and matching articles about 'adorable golden retriever dogs' without keyword overlap.,A traditional database is an exact alphabetical filing cabinet; a vector database is a conceptual galaxy.,"E-commerce visual product search, Spotify music recommendation, RAG document stores.",Professional broadcast audio; dynamic lightboard diagramming; engaging pacing.,Contrast exact keyword matching (SQL LIKE) with semantic closeness to highlight why vector DBs exist.,589,950000.0,"Title: What is a Vector Database? Powering Semantic Search & AI Applications
Explanation: Core Infrastructure & Math Intuition
Visuals: Multi-dimensional vector space diagrams; distance metric formulas (Cosine, Euclidean) drawn on glass.
Examples: Searching for 'cute puppies' and matching articles about 'adorable golden retriever dogs' without keyword overlap.
Analogies: A traditional database is an exact alphabetical filing cabinet; a vector database is a conceptual galaxy.
Applications: E-commerce visual product search, Spotify music recommendation, RAG document stores.
Quality: Professional broadcast audio; dynamic lightboard diagramming; engaging pacing.
Takeaway: Contrast exact keyword matching (SQL LIKE) with semantic closeness to highlight why vector DBs exist.",1,1,1,1,0,1
VID-085,Retrieval-Augmented Generation (RAG),AssemblyAI,Vector Databases simply explained! (Embeddings & Indexes),http://www.youtube.com/watch?v=dN0lsF2cvm4,04:23,683K+,Fast-Paced Motion Graphic Animation,Colorful 3D geometric vector plots; clustering clouds; HNSW index navigation arrows.,"Grouping words, sentences, and audio clips into dense vector spaces based on conceptual similarity.",Organizing books in a library by their deeper meaning rather than the author's last name.,"Podcast search, multimodal audio-to-text retrieval, automated customer question answering.",Crisp dynamic vocal delivery; upbeat tech background track; fluid 3D geometric rendering.,Explain approximate nearest neighbors (HNSW) visually in under 60 seconds.,263,683000.0,"Title: Vector Databases simply explained! (Embeddings & Indexes)
Explanation: Fast-Paced Motion Graphic Animation
Visuals: Colorful 3D geometric vector plots; clustering clouds; HNSW index navigation arrows.
Examples: Grouping words, sentences, and audio clips into dense vector spaces based on conceptual similarity.
Analogies: Organizing books in a library by their deeper meaning rather than the author's last name.
Applications: Podcast search, multimodal audio-to-text retrieval, automated customer question answering.
Quality: Crisp dynamic vocal delivery; upbeat tech background track; fluid 3D geometric rendering.
Takeaway: Explain approximate nearest neighbors (HNSW) visually in under 60 seconds.",1,1,1,0,0,1
VID-086,Retrieval-Augmented Generation (RAG),Cole Medin,Every RAG Strategy Explained in 13 Minutes (No Fluff),http://www.youtube.com/watch?v=tLMViADvSNE,12:51,133K+,Strategy Matrix & Architecture Tiers,"Comprehensive strategy flowcharts comparing Naive RAG, Sentence Window, Auto-merging, and Hybrid Search.",Handling complex multi-part queries across dense technical PDF documentation manuals.,Upgrading from a simple flashlight (Naive RAG) to a multi-spectrum radar system (Advanced RAG).,"Enterprise engineering documentation search, aerospace maintenance troubleshooting.",Punchy vocal pacing; clean aesthetic dark-mode diagrams; zero fluff; high information density.,Structure advanced strategies into clear evolutionary tiers (Basic -> Intermediate -> Production Advanced).,771,133000.0,"Title: Every RAG Strategy Explained in 13 Minutes (No Fluff)
Explanation: Strategy Matrix & Architecture Tiers
Visuals: Comprehensive strategy flowcharts comparing Naive RAG, Sentence Window, Auto-merging, and Hybrid Search.
Examples: Handling complex multi-part queries across dense technical PDF documentation manuals.
Analogies: Upgrading from a simple flashlight (Naive RAG) to a multi-spectrum radar system (Advanced RAG).
Applications: Enterprise engineering documentation search, aerospace maintenance troubleshooting.
Quality: Punchy vocal pacing; clean aesthetic dark-mode diagrams; zero fluff; high information density.
Takeaway: Structure advanced strategies into clear evolutionary tiers (Basic -> Intermediate -> Production Advanced).",1,1,1,0,0,1
VID-087,Retrieval-Augmented Generation (RAG),Google Cloud Tech,Advanced RAG techniques for developers,http://www.youtube.com/watch?v=sGvXO7CVwc0,08:17,93K+,Production Best Practices,"Diagrams covering Query Expansion, HyDE (Hypothetical Document Embeddings), and Re-ranking pipelines.",Expanding ambiguous user queries into multiple search variants before querying vector stores.,A detective asking five clarifying questions to rephrase a vague tip before launching an investigation.,"Customer service chatbots solving multi-intent questions, cloud enterprise knowledge engines.",Crisp developer voiceover; polished Google Cloud corporate design; clean slide progressions.,Explain HyDE (generating a fake hypothetical answer first to match relevant documents) as a breakthrough technique.,497,93000.0,"Title: Advanced RAG techniques for developers
Explanation: Production Best Practices
Visuals: Diagrams covering Query Expansion, HyDE (Hypothetical Document Embeddings), and Re-ranking pipelines.
Examples: Expanding ambiguous user queries into multiple search variants before querying vector stores.
Analogies: A detective asking five clarifying questions to rephrase a vague tip before launching an investigation.
Applications: Customer service chatbots solving multi-intent questions, cloud enterprise knowledge engines.
Quality: Crisp developer voiceover; polished Google Cloud corporate design; clean slide progressions.
Takeaway: Explain HyDE (generating a fake hypothetical answer first to match relevant documents) as a breakthrough technique.",1,1,1,0,0,1
VID-088,Retrieval-Augmented Generation (RAG),IBM Technology,RAG vs Fine-Tuning vs Prompt Engineering: Optimizing AI Models,http://www.youtube.com/watch?v=zYGDpG-pTho,13:10,722K+,Decision Framework & Strategic Comparison,"Matrix comparison on lightboard evaluating Cost, Implementation Effort, Data Freshness, and Accuracy.",Adapting an AI to speak like a doctor (Fine-tuning) vs answering questions on today's patient charts (RAG).,Prompt Engineering is writing good instructions; Fine-tuning is going to medical school; RAG is consulting patient files.,"Enterprise AI strategy budgeting, corporate customer experience deployments.",Studio-mastered audio; clear visual structure on glass; engaging presenter authority.,Use the 'Medical School vs Patient Chart' analogy to definitively separate Fine-Tuning from RAG.,790,722000.0,"Title: RAG vs Fine-Tuning vs Prompt Engineering: Optimizing AI Models
Explanation: Decision Framework & Strategic Comparison
Visuals: Matrix comparison on lightboard evaluating Cost, Implementation Effort, Data Freshness, and Accuracy.
Examples: Adapting an AI to speak like a doctor (Fine-tuning) vs answering questions on today's patient charts (RAG).
Analogies: Prompt Engineering is writing good instructions; Fine-tuning is going to medical school; RAG is consulting patient files.
Applications: Enterprise AI strategy budgeting, corporate customer experience deployments.
Quality: Studio-mastered audio; clear visual structure on glass; engaging presenter authority.
Takeaway: Use the 'Medical School vs Patient Chart' analogy to definitively separate Fine-Tuning from RAG.",1,1,1,0,1,1
VID-089,Retrieval-Augmented Generation (RAG),IBM Technology,GraphRAG vs. Traditional RAG: Higher Accuracy & Insight with LLM,http://www.youtube.com/watch?v=Aw7iQjKAX2k,04:17,208K+,Emergent Technology Comparison,Lightboard diagram contrasting disconnected vector chunks with interconnected knowledge graph nodes.,Answering global corpus-level questions ('What are the main themes across all company emails this year?').,Vector search finds individual puzzle pieces; GraphRAG understands how all pieces assemble into the full picture.,"Corporate compliance auditing, scientific research literature mapping.",Ultra-clear lightboard presentation; fast-paced execution; high visual contrast.,Highlight Traditional RAG's biggest weakness (global thematic questions) to motivate why graphs are needed.,257,208000.0,"Title: GraphRAG vs. Traditional RAG: Higher Accuracy & Insight with LLM
Explanation: Emergent Technology Comparison
Visuals: Lightboard diagram contrasting disconnected vector chunks with interconnected knowledge graph nodes.
Examples: Answering global corpus-level questions ('What are the main themes across all company emails this year?').
Analogies: Vector search finds individual puzzle pieces; GraphRAG understands how all pieces assemble into the full picture.
Applications: Corporate compliance auditing, scientific research literature mapping.
Quality: Ultra-clear lightboard presentation; fast-paced execution; high visual contrast.
Takeaway: Highlight Traditional RAG's biggest weakness (global thematic questions) to motivate why graphs are needed.",1,1,1,0,0,1
VID-090,Retrieval-Augmented Generation (RAG),Mervin Praison,Chunking Strategies in RAG: Optimising Data for Advanced AI Responses,http://www.youtube.com/watch?v=pIGRwMjhMaQ,14:02,136K+,Data Preprocessing Deep Dive,"Document breakdown slides comparing Fixed-size chunking, Character chunking, Semantic chunking, and Recursive chunking.",Splitting a legal contract so sentences aren't chopped in half mid-clause; chunk overlap preservation.,Slicing a loaf of bread: cutting arbitrarily with a machete vs slicing cleanly along natural loaf sections.,"Technical documentation ingestion, customer support ticket parsing.",Clear instructional voice; zoomed-in code and text comparisons; practical real-world focus.,Demonstrate the catastrophic context loss that happens when chunk borders cut across critical thoughts.,842,136000.0,"Title: Chunking Strategies in RAG: Optimising Data for Advanced AI Responses
Explanation: Data Preprocessing Deep Dive
Visuals: Document breakdown slides comparing Fixed-size chunking, Character chunking, Semantic chunking, and Recursive chunking.
Examples: Splitting a legal contract so sentences aren't chopped in half mid-clause; chunk overlap preservation.
Analogies: Slicing a loaf of bread: cutting arbitrarily with a machete vs slicing cleanly along natural loaf sections.
Applications: Technical documentation ingestion, customer support ticket parsing.
Quality: Clear instructional voice; zoomed-in code and text comparisons; practical real-world focus.
Takeaway: Demonstrate the catastrophic context loss that happens when chunk borders cut across critical thoughts.",1,1,1,0,1,1
VID-091,Retrieval-Augmented Generation (RAG),vectorize,Rerank for better RAG (Explained),http://www.youtube.com/watch?v=K1F8BIgcoNk,13:39,49K+,Two-Stage Retrieval Optimization,Two-stage funnel graphic: Bi-Encoder fast broad search (top 50) feeding Cross-Encoder precision reranker (top 5).,Retrieving customer policy documents and reordering results so the exact clause ranks #1.,A casting call: casting director brings in 50 actors (bi-encoder); director does a deep screen test with 3 finalists (cross-encoder).,"E-commerce product search, enterprise legal discovery, high-stakes medical literature search.",Clean studio microphone; elegant diagrams; logical progression from problem to benchmark metrics.,Show how cross-encoders eliminate the 'lost in the middle' phenomenon in large context windows.,819,49000.0,"Title: Rerank for better RAG (Explained)
Explanation: Two-Stage Retrieval Optimization
Visuals: Two-stage funnel graphic: Bi-Encoder fast broad search (top 50) feeding Cross-Encoder precision reranker (top 5).
Examples: Retrieving customer policy documents and reordering results so the exact clause ranks #1.
Analogies: A casting call: casting director brings in 50 actors (bi-encoder); director does a deep screen test with 3 finalists (cross-encoder).
Applications: E-commerce product search, enterprise legal discovery, high-stakes medical literature search.
Quality: Clean studio microphone; elegant diagrams; logical progression from problem to benchmark metrics.
Takeaway: Show how cross-encoders eliminate the 'lost in the middle' phenomenon in large context windows.",1,1,1,0,1,1
VID-092,Retrieval-Augmented Generation (RAG),AI Bites,Build an Agentic RAG Pipeline with LangGraph + ChromaDB (Step-by-Step Tutorial),http://www.youtube.com/watch?v=oo4OeE3yVBI,27:20:00,5.0K+,State Machine Implementation,LangGraph node-and-edge state graphs; routing decisions; Python code screencast in VS Code.,"An agent that evaluates retrieved documents, decides if they are sufficient, and rewrites query if irrelevant.","An investigator who doesn't just read the first file, but checks if it actually answers the case, and orders more files if needed.","Autonomous financial auditing, complex research paper analysis.",Clear developer audio; high-resolution code display; step-by-step terminal verification.,Show cyclical corrective loops (self-reflection and query rewriting) rather than one-shot linear pipelines.,98400,5000.0,"Title: Build an Agentic RAG Pipeline with LangGraph + ChromaDB (Step-by-Step Tutorial)
Explanation: State Machine Implementation
Visuals: LangGraph node-and-edge state graphs; routing decisions; Python code screencast in VS Code.
Examples: An agent that evaluates retrieved documents, decides if they are sufficient, and rewrites query if irrelevant.
Analogies: An investigator who doesn't just read the first file, but checks if it actually answers the case, and orders more files if needed.
Applications: Autonomous financial auditing, complex research paper analysis.
Quality: Clear developer audio; high-resolution code display; step-by-step terminal verification.
Takeaway: Show cyclical corrective loops (self-reflection and query rewriting) rather than one-shot linear pipelines.",1,1,1,0,1,1
VID-093,Retrieval-Augmented Generation (RAG),IBM Technology,What is Agentic RAG?,http://www.youtube.com/watch?v=0z9_MhcYvcY,05:42,349K+,Agentic Architecture Evolution,"Lightboard diagram showing routing agents, tool calling, document grading, and fallback search loops.","An enterprise assistant deciding whether to query SQL tables, vector docs, or live Google Search.",Moving from a static vending machine to an active human research assistant.,"Enterprise multi-department IT helpdesks, dynamic business intelligence suites.",Professional lightboard aesthetic; crisp audio; clear visual grouping of agent decisions.,Explain how routing agents solve the problem of selecting between multiple disparate data stores.,342,349000.0,"Title: What is Agentic RAG?
Explanation: Agentic Architecture Evolution
Visuals: Lightboard diagram showing routing agents, tool calling, document grading, and fallback search loops.
Examples: An enterprise assistant deciding whether to query SQL tables, vector docs, or live Google Search.
Analogies: Moving from a static vending machine to an active human research assistant.
Applications: Enterprise multi-department IT helpdesks, dynamic business intelligence suites.
Quality: Professional lightboard aesthetic; crisp audio; clear visual grouping of agent decisions.
Takeaway: Explain how routing agents solve the problem of selecting between multiple disparate data stores.",1,1,1,0,0,1
VID-094,Retrieval-Augmented Generation (RAG),AWS Developers,Build a RAG pipeline in LlamaIndex (simple),http://www.youtube.com/watch?v=vNpxWaVzky8,09:40,460K+,Concise Framework Walkthrough,LlamaIndex document loading; VectorStoreIndex generation; and query engine invocation in Jupyter.,Querying local corporate PDF documentation in 5 lines of Python code.,A plug-and-play adapter connecting your private PDF hard drive into the back of an LLM.,"Internal developer documentation search, automated onboarding assistants.",Clean studio microphone; high-resolution screencast; clear step-by-step terminal execution.,Show the minimal working 5-line code snippet first so beginners immediately feel capable.,580,460000.0,"Title: Build a RAG pipeline in LlamaIndex (simple)
Explanation: Concise Framework Walkthrough
Visuals: LlamaIndex document loading; VectorStoreIndex generation; and query engine invocation in Jupyter.
Examples: Querying local corporate PDF documentation in 5 lines of Python code.
Analogies: A plug-and-play adapter connecting your private PDF hard drive into the back of an LLM.
Applications: Internal developer documentation search, automated onboarding assistants.
Quality: Clean studio microphone; high-resolution screencast; clear step-by-step terminal execution.
Takeaway: Show the minimal working 5-line code snippet first so beginners immediately feel capable.",1,1,1,0,1,1
VID-095,Retrieval-Augmented Generation (RAG),codebasics,RAG Explained | All about RAG - Retrieval Augmented Generation,http://www.youtube.com/watch?v=dDkynerzV-Q,14:36,100K+,Practical Architecture & Concepts,Digital pen sketches comparing generic LLM hallucinations against verified grounded RAG answers.,"Company HR policies, employee leave balances, proprietary enterprise databases.",A doctor writing a prescription from memory vs consulting a patient's exact real-time lab test results.,"Healthcare diagnosis compliance, company intranet search bots.","Warm, engaging Indian English; responsive whiteboard drawing; clear audio capture.",Show hallucinations side-by-side with RAG grounded answers to prove the business value.,876,100000.0,"Title: RAG Explained | All about RAG - Retrieval Augmented Generation
Explanation: Practical Architecture & Concepts
Visuals: Digital pen sketches comparing generic LLM hallucinations against verified grounded RAG answers.
Examples: Company HR policies, employee leave balances, proprietary enterprise databases.
Analogies: A doctor writing a prescription from memory vs consulting a patient's exact real-time lab test results.
Applications: Healthcare diagnosis compliance, company intranet search bots.
Quality: Warm, engaging Indian English; responsive whiteboard drawing; clear audio capture.
Takeaway: Show hallucinations side-by-side with RAG grounded answers to prove the business value.",1,1,1,0,0,1
VID-096,Retrieval-Augmented Generation (RAG),Morten Rand-Hendriksen,AI Explained: What is RAG - Retrieval Augmented Generation?,http://www.youtube.com/watch?v=tKPSmn-urB4,02:57,35K+,Ultra-Fast Executive Overview,Dynamic text animations; high-contrast infographic cards; clean split-screen.,Asking an AI about today's weather or recent breaking news.,A student looking up answers in an open textbook during an exam.,"Internal corporate search, dynamic customer service chat.",Studio condenser mic; energetic pacing; sharp professional graphics.,Explain the fundamental value proposition in under 3 minutes for business decision-makers.,177,35000.0,"Title: AI Explained: What is RAG - Retrieval Augmented Generation?
Explanation: Ultra-Fast Executive Overview
Visuals: Dynamic text animations; high-contrast infographic cards; clean split-screen.
Examples: Asking an AI about today's weather or recent breaking news.
Analogies: A student looking up answers in an open textbook during an exam.
Applications: Internal corporate search, dynamic customer service chat.
Quality: Studio condenser mic; energetic pacing; sharp professional graphics.
Takeaway: Explain the fundamental value proposition in under 3 minutes for business decision-makers.",1,1,1,0,0,1
VID-097,Retrieval-Augmented Generation (RAG),ritvikmath,Retrieval Augmented Generation (RAG) Explained in 8 Minutes!,http://www.youtube.com/watch?v=HREbdmOSQ18,08:12,20K+,Enthusiastic Whiteboard Pedagogy,"Real-time tablet sketching of user prompts, embeddings, vector databases, and LLM responses.",A user asking about a company's confidential 2026 Q3 product roadmap.,A smart executive who consults a specialized research binder before answering a board member's question.,"Enterprise search, medical documentation querying.","Energetic, engaging voice; responsive digital ink sketching; friendly delivery.",Draw the complete architecture live while speaking to keep viewers engaged.,492,20000.0,"Title: Retrieval Augmented Generation (RAG) Explained in 8 Minutes!
Explanation: Enthusiastic Whiteboard Pedagogy
Visuals: Real-time tablet sketching of user prompts, embeddings, vector databases, and LLM responses.
Examples: A user asking about a company's confidential 2026 Q3 product roadmap.
Analogies: A smart executive who consults a specialized research binder before answering a board member's question.
Applications: Enterprise search, medical documentation querying.
Quality: Energetic, engaging voice; responsive digital ink sketching; friendly delivery.
Takeaway: Draw the complete architecture live while speaking to keep viewers engaged.",1,1,1,0,0,1
VID-098,Retrieval-Augmented Generation (RAG),KodeKloud,RAG Crash Course for Beginners,http://www.youtube.com/watch?v=swvzKSOEluc,58:50:00,285K+,Comprehensive Crash Course,Hands-on terminal screencasts; vector DB installation; Python LangChain code walkthrough.,"Ingesting a collection of company PDFs, generating vector embeddings, and running retrieval QA.",Building a customized Google Search engine scoped specifically to your private documents.,"Automated employee onboarding portals, legal discovery pipelines.",High-fidelity microphone; zoomed code editor; structured chapter markers.,Provide a complete GitHub repository link with all prerequisites pre-configured.,211800,285000.0,"Title: RAG Crash Course for Beginners
Explanation: Comprehensive Crash Course
Visuals: Hands-on terminal screencasts; vector DB installation; Python LangChain code walkthrough.
Examples: Ingesting a collection of company PDFs, generating vector embeddings, and running retrieval QA.
Analogies: Building a customized Google Search engine scoped specifically to your private documents.
Applications: Automated employee onboarding portals, legal discovery pipelines.
Quality: High-fidelity microphone; zoomed code editor; structured chapter markers.
Takeaway: Provide a complete GitHub repository link with all prerequisites pre-configured.",1,1,1,0,1,1
VID-099,Retrieval-Augmented Generation (RAG),Krish Naik,Introduction To Understanding RAG(Retrieval-Augmented Generation),http://www.youtube.com/watch?v=fZM3oX4xEyg,20:40,398K+,Applied Architecture Lecture,"Detailed digital pen notes mapping ingestion pipelines, vector stores, and prompt templates.",Querying specialized medical research papers using ChromaDB and LangChain.,A research assistant preparing a 1-page briefing doc for a busy CEO before a press conference.,"Medical literature search, corporate intranet QA bots.",Clear conversational Indian English; detailed tablet writing; focused and thorough.,Explicitly draw both the offline ingestion phase and online query phase separately.,1240,398000.0,"Title: Introduction To Understanding RAG(Retrieval-Augmented Generation)
Explanation: Applied Architecture Lecture
Visuals: Detailed digital pen notes mapping ingestion pipelines, vector stores, and prompt templates.
Examples: Querying specialized medical research papers using ChromaDB and LangChain.
Analogies: A research assistant preparing a 1-page briefing doc for a busy CEO before a press conference.
Applications: Medical literature search, corporate intranet QA bots.
Quality: Clear conversational Indian English; detailed tablet writing; focused and thorough.
Takeaway: Explicitly draw both the offline ingestion phase and online query phase separately.",1,1,1,0,0,1
VID-100,Retrieval-Augmented Generation (RAG),Apna College,What is RAG ? | Completely Explained in 15 Minutes,http://www.youtube.com/watch?v=Ty8gcCKuwNI,17:24,871K+,High-Energy Student Lecture,Animated slide diagrams; practical code snippets; highlighted architecture flowcharts.,Asking an AI questions about university syllabus notes and exam dates.,An open-book examination where you bring your handwritten notes into the hall.,"EdTech student assistance, customer support automated bots.","Passionate, clear Hinglish/English delivery; bright studio lighting; crisp graphics.",Use energetic student-relevant analogies (exam notes) to make technology instantly relatable.,1044,871000.0,"Title: What is RAG ? | Completely Explained in 15 Minutes
Explanation: High-Energy Student Lecture
Visuals: Animated slide diagrams; practical code snippets; highlighted architecture flowcharts.
Examples: Asking an AI questions about university syllabus notes and exam dates.
Analogies: An open-book examination where you bring your handwritten notes into the hall.
Applications: EdTech student assistance, customer support automated bots.
Quality: Passionate, clear Hinglish/English delivery; bright studio lighting; crisp graphics.
Takeaway: Use energetic student-relevant analogies (exam notes) to make technology instantly relatable.",1,1,1,0,1,1
VID-101,Retrieval-Augmented Generation (RAG),Better Stack,How to Build a RAG System That Actually Works,http://www.youtube.com/watch?v=pvCabUerwss,12:48,43K+,Production Failure Analysis,Failure mode charts; chunk overlap diagrams; vector distance metrics; production telemetry.,Fixing silent failures where retrieved chunks missed the exact answer clause in a financial report.,A filing clerk who brings you 5 pages that mention the subject but don't contain the actual answer.,"Production enterprise AI systems, automated customer support accuracy.",Crisp developer voice; clean modern dark-mode slides; high information density.,"Focus on real-world pitfalls (retrieval degradation, chunking boundaries) rather than just happy paths.",768,43000.0,"Title: How to Build a RAG System That Actually Works
Explanation: Production Failure Analysis
Visuals: Failure mode charts; chunk overlap diagrams; vector distance metrics; production telemetry.
Examples: Fixing silent failures where retrieved chunks missed the exact answer clause in a financial report.
Analogies: A filing clerk who brings you 5 pages that mention the subject but don't contain the actual answer.
Applications: Production enterprise AI systems, automated customer support accuracy.
Quality: Crisp developer voice; clean modern dark-mode slides; high information density.
Takeaway: Focus on real-world pitfalls (retrieval degradation, chunking boundaries) rather than just happy paths.",1,1,1,0,0,1
VID-102,Retrieval-Augmented Generation (RAG),IBM Technology,Is RAG Still Needed? Choosing the Best Approach for LLMs,http://www.youtube.com/watch?v=UabBYexBD4k,11:10,988K+,Long Context vs RAG Architectural Debate,Lightboard comparison evaluating 1-million-token context windows against vector RAG retrieval.,"Dumping 1,000 PDFs into a million-token context window vs retrieving top 5 chunks via RAG.",Reading the entire encyclopedia every time you have a question vs using the index to flip to page 42.,"Cloud API billing optimization, enterprise latency reduction.",Flawless lightboard production; balanced studio sound; authoritative delivery.,Tackle emerging controversies directly (e.g. 'Does 1M context kill RAG?') with latency and cost math.,670,988000.0,"Title: Is RAG Still Needed? Choosing the Best Approach for LLMs
Explanation: Long Context vs RAG Architectural Debate
Visuals: Lightboard comparison evaluating 1-million-token context windows against vector RAG retrieval.
Examples: Dumping 1,000 PDFs into a million-token context window vs retrieving top 5 chunks via RAG.
Analogies: Reading the entire encyclopedia every time you have a question vs using the index to flip to page 42.
Applications: Cloud API billing optimization, enterprise latency reduction.
Quality: Flawless lightboard production; balanced studio sound; authoritative delivery.
Takeaway: Tackle emerging controversies directly (e.g. 'Does 1M context kill RAG?') with latency and cost math.",1,1,1,0,0,1
VID-103,Retrieval-Augmented Generation (RAG),Prompt Engineering,Graph RAG: Improving RAG with Knowledge Graphs,http://www.youtube.com/watch?v=vX3A96_F3FU,15:58,144K+,Knowledge Graph Architecture,Interconnected entity graph nodes; community clustering summaries; Python code implementation.,Synthesizing themes across thousands of intelligence reports using Microsoft GraphRAG.,Connecting police evidence pins with red yarn on a corkboard to see the syndicate structure.,"Financial crime investigation, complex scientific paper synthesis.",Clear instructional audio; step-by-step terminal execution; detailed architecture slides.,Show how Knowledge Graphs extract entity relationships to answer global questions vector search cannot.,958,144000.0,"Title: Graph RAG: Improving RAG with Knowledge Graphs
Explanation: Knowledge Graph Architecture
Visuals: Interconnected entity graph nodes; community clustering summaries; Python code implementation.
Examples: Synthesizing themes across thousands of intelligence reports using Microsoft GraphRAG.
Analogies: Connecting police evidence pins with red yarn on a corkboard to see the syndicate structure.
Applications: Financial crime investigation, complex scientific paper synthesis.
Quality: Clear instructional audio; step-by-step terminal execution; detailed architecture slides.
Takeaway: Show how Knowledge Graphs extract entity relationships to answer global questions vector search cannot.",1,1,1,0,1,1
VID-104,Retrieval-Augmented Generation (RAG),AI Engineer,GraphRAG: The Marriage of Knowledge Graphs and RAG: Emil Eifrem,http://www.youtube.com/watch?v=knDDGYHnnSI,19:15,287K+,Keynote Conference Presentation,Conference presentation slides; live audience keynote stage; Neo4j graph queries.,Detecting Panama Papers offshore money laundering structures using combined graph and text search.,Knowing someone's entire social tree and background versus just reading their single latest tweet.,"Global anti-money laundering, pharmaceutical drug discovery interaction mapping.",Auditorium professional audio capture; multi-camera stage footage; clear presentation slides.,Ground advanced AI topics in high-profile historical investigative datasets (e.g. Panama Papers).,1155,287000.0,"Title: GraphRAG: The Marriage of Knowledge Graphs and RAG: Emil Eifrem
Explanation: Keynote Conference Presentation
Visuals: Conference presentation slides; live audience keynote stage; Neo4j graph queries.
Examples: Detecting Panama Papers offshore money laundering structures using combined graph and text search.
Analogies: Knowing someone's entire social tree and background versus just reading their single latest tweet.
Applications: Global anti-money laundering, pharmaceutical drug discovery interaction mapping.
Quality: Auditorium professional audio capture; multi-camera stage footage; clear presentation slides.
Takeaway: Ground advanced AI topics in high-profile historical investigative datasets (e.g. Panama Papers).",1,1,1,0,0,1
VID-105,Retrieval-Augmented Generation (RAG),pixegami,RAG Reranking Explained: How To Improve RAG Results,http://www.youtube.com/watch?v=R5MPqm0V6aQ,14:25,15K+,Visual Code & Math Tutorial,Side-by-side Python code; Cohere Rerank API calls; precision metric comparison bar charts.,Re-ranking search results over technical coding documentation to promote the exact syntax example.,"A guidance counselor reviewing 100 applications, then an admissions dean interviewing top 5.","Developer documentation search engines, e-commerce catalog search.",Crisp close-mic audio; clean VS Code environment; smooth pacing.,Demonstrate the measurable jump in retrieval accuracy (Hit Rate / MRR) after adding a reranker.,865,15000.0,"Title: RAG Reranking Explained: How To Improve RAG Results
Explanation: Visual Code & Math Tutorial
Visuals: Side-by-side Python code; Cohere Rerank API calls; precision metric comparison bar charts.
Examples: Re-ranking search results over technical coding documentation to promote the exact syntax example.
Analogies: A guidance counselor reviewing 100 applications, then an admissions dean interviewing top 5.
Applications: Developer documentation search engines, e-commerce catalog search.
Quality: Crisp close-mic audio; clean VS Code environment; smooth pacing.
Takeaway: Demonstrate the measurable jump in retrieval accuracy (Hit Rate / MRR) after adding a reranker.",1,1,1,0,1,1
VID-106,Retrieval-Augmented Generation (RAG),AI Anytime,Build an Agentic RAG System with LangGraph,http://www.youtube.com/watch?v=moaWbFTVOEo,18:23,4.0K+,Code-First Step-by-Step Build,LangGraph state transition graph diagram; VS Code development; terminal evaluation output.,Creating an agent that grades retrieved documents for relevance and triggers web search if vector store fails.,"A researcher who checks their local bookshelf first, and if missing, heads to the city library.","Autonomous market intelligence gathering, enterprise decision support.",Clear instructional audio; high-resolution code display; steady pacing.,Implement a fallback web search step to show how agents handle missing internal documentation.,1103,4000.0,"Title: Build an Agentic RAG System with LangGraph
Explanation: Code-First Step-by-Step Build
Visuals: LangGraph state transition graph diagram; VS Code development; terminal evaluation output.
Examples: Creating an agent that grades retrieved documents for relevance and triggers web search if vector store fails.
Analogies: A researcher who checks their local bookshelf first, and if missing, heads to the city library.
Applications: Autonomous market intelligence gathering, enterprise decision support.
Quality: Clear instructional audio; high-resolution code display; steady pacing.
Takeaway: Implement a fallback web search step to show how agents handle missing internal documentation.",1,1,1,0,1,1
VID-107,Retrieval-Augmented Generation (RAG),Alejandro AO,Introduction to LlamaIndex with Python (2025),http://www.youtube.com/watch?v=cCyYGYyCka4,39:57:00,73K+,Comprehensive Framework Guide,LlamaIndex pipeline diagrams; live Jupyter notebook coding; vector store inspection.,Building document indices over multiple PDF formats with metadata filtering.,Creating an automated personal librarian who indexes every document as soon as it touches your desk.,"Personal knowledge management, enterprise document search.","Warm, engaging vocal delivery; crisp screencasts; structured timestamps.",Highlight metadata filtering as an essential prerequisite for enterprise-grade RAG.,143820,73000.0,"Title: Introduction to LlamaIndex with Python (2025)
Explanation: Comprehensive Framework Guide
Visuals: LlamaIndex pipeline diagrams; live Jupyter notebook coding; vector store inspection.
Examples: Building document indices over multiple PDF formats with metadata filtering.
Analogies: Creating an automated personal librarian who indexes every document as soon as it touches your desk.
Applications: Personal knowledge management, enterprise document search.
Quality: Warm, engaging vocal delivery; crisp screencasts; structured timestamps.
Takeaway: Highlight metadata filtering as an essential prerequisite for enterprise-grade RAG.",1,1,1,0,1,1
VID-108,Retrieval-Augmented Generation (RAG),Digibase Media,LangChain vs LlamaIndex (2025) - Which One is Better?,http://www.youtube.com/watch?v=sw_IK4M7S0A,03:09,25K+,Framework Comparison,Split-screen feature comparison table; use-case categorization flowcharts.,Choosing LangChain for complex multi-agent workflows vs LlamaIndex for advanced search and data indexing.,LangChain is a Swiss Army Knife with many tools; LlamaIndex is a precision scalpel for document retrieval.,"Enterprise architecture stack selection, startup MVP development.","Clean, punchy narration; fast slide transitions; clear summary bullets.",Help viewers choose between competing tools in under 4 minutes using clear decision criteria.,189,25000.0,"Title: LangChain vs LlamaIndex (2025) - Which One is Better?
Explanation: Framework Comparison
Visuals: Split-screen feature comparison table; use-case categorization flowcharts.
Examples: Choosing LangChain for complex multi-agent workflows vs LlamaIndex for advanced search and data indexing.
Analogies: LangChain is a Swiss Army Knife with many tools; LlamaIndex is a precision scalpel for document retrieval.
Applications: Enterprise architecture stack selection, startup MVP development.
Quality: Clean, punchy narration; fast slide transitions; clear summary bullets.
Takeaway: Help viewers choose between competing tools in under 4 minutes using clear decision criteria.",1,1,1,0,0,1
VID-109,Generative AI & Diffusion Models,3Blue1Brown,But how do AI images and videos actually work? | Guest video by Welch Labs,http://www.youtube.com/watch?v=iv-5mZ_9CPY,37:20:00,2.1M+,Mathematical Intuition & Visual Manim Animations,"Vector space morphing, noise degradation trajectories, score-based vector arrows reversing entropy.",Generating photorealistic portraits and continuous video sequences from pure Gaussian static.,Sculpting a statue out of a block of marble; reversing a drop of ink dispersing into a glass of water.,"Midjourney, Sora, Stable Diffusion, autonomous game asset rendering.","Welch Labs hallmark narrative storytelling, pristine acoustic isolation, cinematic 60fps Manim math.",Explain forward noise addition as an easily reversible thermodynamic process before showing U-Net math.,134400,2100000.0,"Title: But how do AI images and videos actually work? | Guest video by Welch Labs
Explanation: Mathematical Intuition & Visual Manim Animations
Visuals: Vector space morphing, noise degradation trajectories, score-based vector arrows reversing entropy.
Examples: Generating photorealistic portraits and continuous video sequences from pure Gaussian static.
Analogies: Sculpting a statue out of a block of marble; reversing a drop of ink dispersing into a glass of water.
Applications: Midjourney, Sora, Stable Diffusion, autonomous game asset rendering.
Quality: Welch Labs hallmark narrative storytelling, pristine acoustic isolation, cinematic 60fps Manim math.
Takeaway: Explain forward noise addition as an easily reversible thermodynamic process before showing U-Net math.",1,1,1,1,0,1
VID-110,Generative AI & Diffusion Models,AssemblyAI,Diffusion models explained in 4-difficulty levels,http://www.youtube.com/watch?v=yTAMrHVG1ew,07:08,175K+,Multi-Tiered Pedagogical Escalation,Layered conceptual diagrams escalating from 5-year-old sketches to differential equations.,"Progressive noise removal on a digital dog photo across 1,000 discrete timesteps.",Level 1: Cleaning a messy room; Level 4: Solving stochastic reverse-time Langevin dynamics.,"Photoshop generative fill, text-to-image commercial platforms.","Dynamic vocal modulation, modern 2D motion graphics, clear chapter segmentation.",The '4 levels of difficulty' framework gives beginners a gentle on-ramp while satisfying advanced viewers.,428,175000.0,"Title: Diffusion models explained in 4-difficulty levels
Explanation: Multi-Tiered Pedagogical Escalation
Visuals: Layered conceptual diagrams escalating from 5-year-old sketches to differential equations.
Examples: Progressive noise removal on a digital dog photo across 1,000 discrete timesteps.
Analogies: Level 1: Cleaning a messy room; Level 4: Solving stochastic reverse-time Langevin dynamics.
Applications: Photoshop generative fill, text-to-image commercial platforms.
Quality: Dynamic vocal modulation, modern 2D motion graphics, clear chapter segmentation.
Takeaway: The '4 levels of difficulty' framework gives beginners a gentle on-ramp while satisfying advanced viewers.",1,1,1,1,0,1
VID-111,Generative AI & Diffusion Models,IBM Technology,Diffusion Models for AI Image Generation,http://www.youtube.com/watch?v=x2GRE-RzmD8,12:05,97K+,Lightboard System Architectural Walkthrough,Hand-sketched U-Net architecture diagrams with skip connections and CLIP text conditioning arrows.,Synthesizing a 'cat astronaut riding a horse on Mars' from noisy random pixels.,A blind artist feeling out the rough contours of clay and progressively refining fine details.,"Advertising creative generation, film concept art iteration.","4K studio lightboard, neon marker contrast against dark backdrop, executive delivery.",Pair the visual image noise breakdown with the text conditioning (CLIP) pipeline in the same diagram.,725,97000.0,"Title: Diffusion Models for AI Image Generation
Explanation: Lightboard System Architectural Walkthrough
Visuals: Hand-sketched U-Net architecture diagrams with skip connections and CLIP text conditioning arrows.
Examples: Synthesizing a 'cat astronaut riding a horse on Mars' from noisy random pixels.
Analogies: A blind artist feeling out the rough contours of clay and progressively refining fine details.
Applications: Advertising creative generation, film concept art iteration.
Quality: 4K studio lightboard, neon marker contrast against dark backdrop, executive delivery.
Takeaway: Pair the visual image noise breakdown with the text conditioning (CLIP) pipeline in the same diagram.",1,1,1,0,0,1
VID-112,Generative AI & Diffusion Models,Ari Seff,What are Diffusion Models?,http://www.youtube.com/watch?v=fbLgFrlTnGU,15:28,329K+,Graduate-Level Visual Paper Synthesis,"Markov chain forward-backward trajectory plots, probability distribution manifolds.",Denoising Diffusion Probabilistic Models (DDPM) and score-based generative modeling.,Tracking the Brownian motion of particles suspended in air and rewinding the tape backwards.,"Protein structure generation in biopharma, synthetic medical data generation.","Calm, deeply articulate academic narration, pristine custom animated slide diagrams.",Illustrate the Markov chain transition steps visually to explain why latent sampling takes multiple steps.,928,329000.0,"Title: What are Diffusion Models?
Explanation: Graduate-Level Visual Paper Synthesis
Visuals: Markov chain forward-backward trajectory plots, probability distribution manifolds.
Examples: Denoising Diffusion Probabilistic Models (DDPM) and score-based generative modeling.
Analogies: Tracking the Brownian motion of particles suspended in air and rewinding the tape backwards.
Applications: Protein structure generation in biopharma, synthetic medical data generation.
Quality: Calm, deeply articulate academic narration, pristine custom animated slide diagrams.
Takeaway: Illustrate the Markov chain transition steps visually to explain why latent sampling takes multiple steps.",1,1,1,0,0,1
VID-113,Generative AI & Diffusion Models,Computerphile,How AI Image Generators Work (Stable Diffusion / Dall-E) - Computerphile,http://www.youtube.com/watch?v=1CIpzeNxIhU,17:50,1.1M+,Conversational Expert Interview,Dr. Mike Pound demonstrating latent space vectors on paper and live software overlays.,Latent space compression reducing a 512x512 image into a compact 64x64 latent tensor.,Packing clothes into a vacuum-seal space bag before shipping them across the country.,Consumer generative AI running on standard laptop graphics cards.,"Classic Computerphile conversational tone, close-up camera angles, spontaneous diagrams.",Explain Latent Diffusion by contrasting pixel-space rendering cost with compressed latent-space efficiency.,1070,1100000.0,"Title: How AI Image Generators Work (Stable Diffusion / Dall-E) - Computerphile
Explanation: Conversational Expert Interview
Visuals: Dr. Mike Pound demonstrating latent space vectors on paper and live software overlays.
Examples: Latent space compression reducing a 512x512 image into a compact 64x64 latent tensor.
Analogies: Packing clothes into a vacuum-seal space bag before shipping them across the country.
Applications: Consumer generative AI running on standard laptop graphics cards.
Quality: Classic Computerphile conversational tone, close-up camera angles, spontaneous diagrams.
Takeaway: Explain Latent Diffusion by contrasting pixel-space rendering cost with compressed latent-space efficiency.",1,1,1,0,0,1
VID-114,Generative AI & Diffusion Models,Render Realm,Stable Diffusion explained (in less than 10 minutes),http://www.youtube.com/watch?v=QdRP9pO89MY,09:56,132K+,Creator-Focused Rapid Visual Overview,"3-stage pipeline motion graphics: VAE Encoder/Decoder, U-Net Denoiser, and Text CLIP Encoder.",Generating cyber-punk cityscape illustrations with negative prompting control.,"Three team members: the Translator (CLIP), the Detective (U-Net), and the Artist (VAE Decoder).","Digital art studios, video game texture generation.","Crisp dynamic narration, clean graphic assets, rapid information delivery.",Assign human character roles to the three major model components to clarify their functional handoffs.,596,132000.0,"Title: Stable Diffusion explained (in less than 10 minutes)
Explanation: Creator-Focused Rapid Visual Overview
Visuals: 3-stage pipeline motion graphics: VAE Encoder/Decoder, U-Net Denoiser, and Text CLIP Encoder.
Examples: Generating cyber-punk cityscape illustrations with negative prompting control.
Analogies: Three team members: the Translator (CLIP), the Detective (U-Net), and the Artist (VAE Decoder).
Applications: Digital art studios, video game texture generation.
Quality: Crisp dynamic narration, clean graphic assets, rapid information delivery.
Takeaway: Assign human character roles to the three major model components to clarify their functional handoffs.",1,1,1,0,1,1
VID-115,Generative AI & Diffusion Models,IBM Technology,What are GANs (Generative Adversarial Networks)?,http://www.youtube.com/watch?v=TpMIssRdhco,08:23,517K+,Adversarial Game Theory Lightboard Lecture,Two competing neural network boxes (Generator vs Discriminator) in an adversarial feedback loop.,Generating realistic human faces from scratch (ThisPersonDoesNotExist).,An art forger trying to paint a fake Rembrandt while an art detective tries to catch them.,"Video game texture upscaling, synthetic training data generation.","Studio-mastered audio, vivid marker contrast, engaging interactive presentation.",The 'Art Forger vs Art Detective' metaphor is universally recognized and instantly understood.,503,517000.0,"Title: What are GANs (Generative Adversarial Networks)?
Explanation: Adversarial Game Theory Lightboard Lecture
Visuals: Two competing neural network boxes (Generator vs Discriminator) in an adversarial feedback loop.
Examples: Generating realistic human faces from scratch (ThisPersonDoesNotExist).
Analogies: An art forger trying to paint a fake Rembrandt while an art detective tries to catch them.
Applications: Video game texture upscaling, synthetic training data generation.
Quality: Studio-mastered audio, vivid marker contrast, engaging interactive presentation.
Takeaway: The 'Art Forger vs Art Detective' metaphor is universally recognized and instantly understood.",1,1,1,0,0,1
VID-116,Generative AI & Diffusion Models,Computerphile,Generative Adversarial Networks (GANs) - Computerphile,http://www.youtube.com/watch?v=Sw9r8CL98N0,21:21,679K+,First-Principles Computer Science Discussion,Hand-drawn paper diagrams showing min-max optimization loss curves and latent vectors.,Fashion dataset generation and MNIST digit generation competitions.,Counterfeiter printing bills and police officer inspecting them under UV light.,"Deepfake generation, historical photo colorization.","Authentic academic dialogue, direct camera interaction, clear whiteboard paper demonstrations.",Show the training race: what happens when the detective becomes too good too fast (mode collapse).,1281,679000.0,"Title: Generative Adversarial Networks (GANs) - Computerphile
Explanation: First-Principles Computer Science Discussion
Visuals: Hand-drawn paper diagrams showing min-max optimization loss curves and latent vectors.
Examples: Fashion dataset generation and MNIST digit generation competitions.
Analogies: Counterfeiter printing bills and police officer inspecting them under UV light.
Applications: Deepfake generation, historical photo colorization.
Quality: Authentic academic dialogue, direct camera interaction, clear whiteboard paper demonstrations.
Takeaway: Show the training race: what happens when the detective becomes too good too fast (mode collapse).",1,1,1,0,0,1
VID-117,Generative AI & Diffusion Models,Deepia,Variational Autoencoders | Generative AI Animated,http://www.youtube.com/watch?v=qJeaCHQ1k2w,20:09,254K+,Mathematical Animation & Latent Manifold,"Smooth continuous 2D/3D latent manifolds, Gaussian distribution bell curves, reparameterization trick.",Sampling new handwriting styles from continuous mean and variance coordinates.,Creating a recipe book where slight changes in ingredients produce predictable new flavor variations.,"Molecule generation for drug discovery, audio synthesis.","Mesmerizing visual animations, calm and clear pacing, high-fidelity sound.",Visually animate the Reparameterization Trick to explain how backpropagation flows through random sampling.,1209,254000.0,"Title: Variational Autoencoders | Generative AI Animated
Explanation: Mathematical Animation & Latent Manifold
Visuals: Smooth continuous 2D/3D latent manifolds, Gaussian distribution bell curves, reparameterization trick.
Examples: Sampling new handwriting styles from continuous mean and variance coordinates.
Analogies: Creating a recipe book where slight changes in ingredients produce predictable new flavor variations.
Applications: Molecule generation for drug discovery, audio synthesis.
Quality: Mesmerizing visual animations, calm and clear pacing, high-fidelity sound.
Takeaway: Visually animate the Reparameterization Trick to explain how backpropagation flows through random sampling.",1,1,1,1,1,1
VID-118,Generative AI & Diffusion Models,Arxiv Insights,Variational Autoencoders,http://www.youtube.com/watch?v=9zKuYvjFFS8,15:05,594K+,Intuitive Mathematical Physics & AI Synthesis,"KL-divergence penalty springs pulling latent clusters together, reconstruction loss springs pulling them apart.",Generating smooth face interpolations (smiling to frowning) along latent vector axes.,A physical spring system balancing compression clustering with fidelity expansion.,"Anomaly detection in manufacturing, high-dimensional data compression.","Calm, intellectual delivery; custom graphical software models; clear equation walkthroughs.",Use physical mechanical analogies (springs balancing forces) to explain opposing loss terms.,905,594000.0,"Title: Variational Autoencoders
Explanation: Intuitive Mathematical Physics & AI Synthesis
Visuals: KL-divergence penalty springs pulling latent clusters together, reconstruction loss springs pulling them apart.
Examples: Generating smooth face interpolations (smiling to frowning) along latent vector axes.
Analogies: A physical spring system balancing compression clustering with fidelity expansion.
Applications: Anomaly detection in manufacturing, high-dimensional data compression.
Quality: Calm, intellectual delivery; custom graphical software models; clear equation walkthroughs.
Takeaway: Use physical mechanical analogies (springs balancing forces) to explain opposing loss terms.",1,1,1,1,1,1
VID-119,Advanced Neural Architectures,AI Papers Academy,Vision Transformers Explained | The ViT Paper,http://www.youtube.com/watch?v=NetSJM590Lo,04:32,12.5K+,Concise Paper Architecture Summary,"Cutting images into 16x16 grid patches, flattening into vectors, prepending [CLS] token.",ImageNet benchmark classification without using convolutional kernels.,Treating picture patches exactly like words in a sentence ('An image is worth 16x16 words').,"Autonomous driving vision, satellite terrain analysis.","Fast-paced, clean graphic badges, high information density.",The 'image patches as visual tokens' visual animation makes the entire paper concept clear in 30 seconds.,272,12500.0,"Title: Vision Transformers Explained | The ViT Paper
Explanation: Concise Paper Architecture Summary
Visuals: Cutting images into 16x16 grid patches, flattening into vectors, prepending [CLS] token.
Examples: ImageNet benchmark classification without using convolutional kernels.
Analogies: Treating picture patches exactly like words in a sentence ('An image is worth 16x16 words').
Applications: Autonomous driving vision, satellite terrain analysis.
Quality: Fast-paced, clean graphic badges, high information density.
Takeaway: The 'image patches as visual tokens' visual animation makes the entire paper concept clear in 30 seconds.",1,1,1,0,0,1
VID-120,Advanced Neural Architectures,CodeEmporium,Vision Transformers - Explained!,http://www.youtube.com/watch?v=Hnsrm1ezI3g,22:21,16K+,Deep Technical Walkthrough with Math,"Patch projection matrix multiplications, 1D positional embedding addition, transformer encoder stacks.",Tracking linear projection from 16x16x3 pixel patches into 768-dimensional token vectors.,"Slicing a mosaic into uniform tiles, stamping serial numbers on their backs, and feeding them into a translator.","Medical radiology scanning, industrial quality defect screening.","Energetic, clear whiteboard presentation, comprehensive equation derivations.","Show the tensor dimension transformations at each layer step (e.g. [B, 3, 224, 224] -> [B, 196, 768]).",1341,16000.0,"Title: Vision Transformers - Explained!
Explanation: Deep Technical Walkthrough with Math
Visuals: Patch projection matrix multiplications, 1D positional embedding addition, transformer encoder stacks.
Examples: Tracking linear projection from 16x16x3 pixel patches into 768-dimensional token vectors.
Analogies: Slicing a mosaic into uniform tiles, stamping serial numbers on their backs, and feeding them into a translator.
Applications: Medical radiology scanning, industrial quality defect screening.
Quality: Energetic, clear whiteboard presentation, comprehensive equation derivations.
Takeaway: Show the tensor dimension transformations at each layer step (e.g. [B, 3, 224, 224] -> [B, 196, 768]).",1,1,1,1,1,1
VID-121,Advanced Neural Architectures,Alex Foo,Graph Neural Networks - a perspective from the ground up,http://www.youtube.com/watch?v=GXhBEj1ZtE8,14:28,294K+,Foundational Graph Theory & Message Passing,"Node connection networks, message passing arrows, permutation invariance demonstrations.",Classifying molecules and predicting social network friendship formations.,Neighborhood gossip: everyone shares rumors with immediate neighbors until the whole town knows.,"Drug discovery binding affinity, fraud ring detection in banking.","Thoughtful, articulate voiceover, custom geometric diagrams, calm pacing.",Explain permutation invariance first to show why standard MLPs and CNNs fail on graph data.,868,294000.0,"Title: Graph Neural Networks - a perspective from the ground up
Explanation: Foundational Graph Theory & Message Passing
Visuals: Node connection networks, message passing arrows, permutation invariance demonstrations.
Examples: Classifying molecules and predicting social network friendship formations.
Analogies: Neighborhood gossip: everyone shares rumors with immediate neighbors until the whole town knows.
Applications: Drug discovery binding affinity, fraud ring detection in banking.
Quality: Thoughtful, articulate voiceover, custom geometric diagrams, calm pacing.
Takeaway: Explain permutation invariance first to show why standard MLPs and CNNs fail on graph data.",1,1,1,0,0,1
VID-122,Advanced Neural Architectures,IBM Technology,Graph Neural Networks Explained: A Clear Guide to GNN Basics & Models,http://www.youtube.com/watch?v=eGoszzMkGfU,16:47,33K+,Lightboard Taxonomy & Model Comparison,"Sketches of GCN (Convolutional), GAT (Attention), and GraphSAGE message aggregations on glass.","Analyzing social graphs, traffic networks, and chemical compound properties.",Determining an individual's character by averaging the traits of their closest friend group.,"Google Maps ETA route forecasting, molecular pharmacology.","Studio lightboard clarity, vivid marker contrast, articulate presentation.",Compare GNN node aggregation to convolutional spatial pooling to bridge computer vision knowledge.,1007,33000.0,"Title: Graph Neural Networks Explained: A Clear Guide to GNN Basics & Models
Explanation: Lightboard Taxonomy & Model Comparison
Visuals: Sketches of GCN (Convolutional), GAT (Attention), and GraphSAGE message aggregations on glass.
Examples: Analyzing social graphs, traffic networks, and chemical compound properties.
Analogies: Determining an individual's character by averaging the traits of their closest friend group.
Applications: Google Maps ETA route forecasting, molecular pharmacology.
Quality: Studio lightboard clarity, vivid marker contrast, articulate presentation.
Takeaway: Compare GNN node aggregation to convolutional spatial pooling to bridge computer vision knowledge.",1,1,1,0,0,1
VID-123,Advanced Neural Architectures,AI Coffee Break with Letitia,MAMBA and State Space Models explained | SSM explained,http://www.youtube.com/watch?v=vrF3MtGwD0Y,22:27,95K+,Theoretical Deep-Dive & Hardware-Aware Algorithms,"Continuous differential equations discretized into recurrence matrices, selective state space gates.",Processing million-token sequences with linear O(N) time complexity vs quadratic O(N^2) attention.,A conveyor belt with selective sorting gates that remembers critical packages and lets junk slide off.,"Long-context DNA sequence modeling, high-speed edge LLM inference.","Precise articulation, clean mathematical slides, well-timed visual annotations.",Highlight the hardware-aware scan: show how SRAM memory bandwidth determines model speed.,1347,95000.0,"Title: MAMBA and State Space Models explained | SSM explained
Explanation: Theoretical Deep-Dive & Hardware-Aware Algorithms
Visuals: Continuous differential equations discretized into recurrence matrices, selective state space gates.
Examples: Processing million-token sequences with linear O(N) time complexity vs quadratic O(N^2) attention.
Analogies: A conveyor belt with selective sorting gates that remembers critical packages and lets junk slide off.
Applications: Long-context DNA sequence modeling, high-speed edge LLM inference.
Quality: Precise articulation, clean mathematical slides, well-timed visual annotations.
Takeaway: Highlight the hardware-aware scan: show how SRAM memory bandwidth determines model speed.",1,1,1,1,0,1
VID-124,Advanced Neural Architectures,Maarten Grootendorst,Intuition behind Mamba and State Space Models | Enhancing LLMs!,http://www.youtube.com/watch?v=BDTVVlUU1Ck,24:06:00,42K+,Visual Diagrammatic Guide,"Bespoke custom diagrams illustrating continuous state spaces, discretization, and selective scan mechanisms.",Selecting key context tokens from long conversational transcripts while discarding filler words.,An executive secretary who only takes notes when significant decisions are made.,"Real-time audio processing, linear-time alternative to Transformer LLMs.","Calm, steady narration, aesthetic color palette, modular visual cards.",Use the 'Selective Scan' contrast against classic SSMs to highlight Mamba's key innovation.,86760,42000.0,"Title: Intuition behind Mamba and State Space Models | Enhancing LLMs!
Explanation: Visual Diagrammatic Guide
Visuals: Bespoke custom diagrams illustrating continuous state spaces, discretization, and selective scan mechanisms.
Examples: Selecting key context tokens from long conversational transcripts while discarding filler words.
Analogies: An executive secretary who only takes notes when significant decisions are made.
Applications: Real-time audio processing, linear-time alternative to Transformer LLMs.
Quality: Calm, steady narration, aesthetic color palette, modular visual cards.
Takeaway: Use the 'Selective Scan' contrast against classic SSMs to highlight Mamba's key innovation.",1,1,1,0,0,1
VID-125,Advanced Neural Architectures,Professor Bryce,Residual Networks and Skip Connections (DL 15),http://www.youtube.com/watch?v=Q1JCrG1bJ-A,17:00,97K+,Academic Lecture & Gradient Dynamics,"Mathematical residual block F(x) + x diagrams, backpropagation gradient flow paths.",Training ultra-deep 152-layer neural networks without vanishing gradients.,An express highway bypass lane around a congested city center.,"Modern computer vision backbones, modern Transformer residual stream architectures.","Crystal-clear university audio capture, detailed blackboard equations, methodical progression.",Show that the identity connection allows gradients to flow directly backwards untouched during backprop.,1020,97000.0,"Title: Residual Networks and Skip Connections (DL 15)
Explanation: Academic Lecture & Gradient Dynamics
Visuals: Mathematical residual block F(x) + x diagrams, backpropagation gradient flow paths.
Examples: Training ultra-deep 152-layer neural networks without vanishing gradients.
Analogies: An express highway bypass lane around a congested city center.
Applications: Modern computer vision backbones, modern Transformer residual stream architectures.
Quality: Crystal-clear university audio capture, detailed blackboard equations, methodical progression.
Takeaway: Show that the identity connection allows gradients to flow directly backwards untouched during backprop.",1,1,1,1,0,1
VID-126,Advanced Neural Architectures,rupert ai,ResNet (actually) explained in under 10 minutes,http://www.youtube.com/watch?v=o_3mboe1jYI,09:47,216K+,Brisk Developer-First Video,"Comparative loss curves of plain deep networks vs residual networks, PyTorch residual block code.",Solving the degradation problem where deeper 56-layer networks performed worse than 20-layer networks.,Learning a new skill as a slight tweak on top of what you already know rather than relearning from scratch.,"ImageNet competition breakthroughs, modern deep learning stability.","Clean modern editing, engaging delivery, concise runtime.","Highlight the shocking paradox: deeper networks failing due to optimization difficulty, not overfitting.",587,216000.0,"Title: ResNet (actually) explained in under 10 minutes
Explanation: Brisk Developer-First Video
Visuals: Comparative loss curves of plain deep networks vs residual networks, PyTorch residual block code.
Examples: Solving the degradation problem where deeper 56-layer networks performed worse than 20-layer networks.
Analogies: Learning a new skill as a slight tweak on top of what you already know rather than relearning from scratch.
Applications: ImageNet competition breakthroughs, modern deep learning stability.
Quality: Clean modern editing, engaging delivery, concise runtime.
Takeaway: Highlight the shocking paradox: deeper networks failing due to optimization difficulty, not overfitting.",1,1,1,0,1,1
VID-127,Agentic AI & Multi-Agent Systems,aiwithbrandon,CrewAI Tutorial: Complete Crash Course for Beginners,http://www.youtube.com/watch?v=sPzc6hMg7So,01:05:43,312K+,Project-Based Implementation Course,"VS Code screencast, terminal execution logs, multi-agent role cards (Researcher, Writer, Editor).",Automating an entire market research pipeline that drafts complete industry reports.,Hiring and orchestrating a specialized corporate department where everyone has a specific job title.,"Automated content marketing agencies, automated competitive intelligence gathering.","Pristine developer audio, zoomed IDE font, step-by-step terminal verification.","Define distinct Agent Roles, Goals, and Backstories to show how persona prompting changes output quality.",3943,312000.0,"Title: CrewAI Tutorial: Complete Crash Course for Beginners
Explanation: Project-Based Implementation Course
Visuals: VS Code screencast, terminal execution logs, multi-agent role cards (Researcher, Writer, Editor).
Examples: Automating an entire market research pipeline that drafts complete industry reports.
Analogies: Hiring and orchestrating a specialized corporate department where everyone has a specific job title.
Applications: Automated content marketing agencies, automated competitive intelligence gathering.
Quality: Pristine developer audio, zoomed IDE font, step-by-step terminal verification.
Takeaway: Define distinct Agent Roles, Goals, and Backstories to show how persona prompting changes output quality.",1,1,1,0,1,1
VID-128,Agentic AI & Multi-Agent Systems,codebasics,CrewAI Tutorial | Agentic AI Tutorial,http://www.youtube.com/watch?v=G42J2MSKyc8,01:11:04,126K+,End-to-End Enterprise Architecture Guide,"Interactive whiteboard sketches connecting LLM backends, Serper search tools, and agent task queues.",Building a custom trip-planning agency with flight researcher and local tour guide agents.,A project manager assigning Jira tickets to junior engineers and QA testers.,"Autonomous travel booking, corporate workflow automation.","Engaging conversational Indian English, clear step-by-step code progression.",Show execution errors and how to configure verbose=True so viewers learn how to debug agent loops.,4264,126000.0,"Title: CrewAI Tutorial | Agentic AI Tutorial
Explanation: End-to-End Enterprise Architecture Guide
Visuals: Interactive whiteboard sketches connecting LLM backends, Serper search tools, and agent task queues.
Examples: Building a custom trip-planning agency with flight researcher and local tour guide agents.
Analogies: A project manager assigning Jira tickets to junior engineers and QA testers.
Applications: Autonomous travel booking, corporate workflow automation.
Quality: Engaging conversational Indian English, clear step-by-step code progression.
Takeaway: Show execution errors and how to configure verbose=True so viewers learn how to debug agent loops.",1,1,1,0,1,1
VID-129,Agentic AI & Multi-Agent Systems,W.W. AI Adventures,Agentic Framework LangGraph explained in 8 minutes | Beginners Guide,http://www.youtube.com/watch?v=1Q_MDOWaljk,08:04,147K+,State Machine Architectural Breakdown,"Clean cyclic state diagrams: Nodes (agents/tools), Edges (conditional transitions), and Shared State dictionaries.","Building an autonomous coding agent that writes code, runs unit tests, and loops back to fix errors.",A board game with distinct decision tiles where players loop around the board until winning conditions are met.,"Autonomous code debugging, customer onboarding ticket escalation.","Crisp modern narration, dark-mode visual cards, focused 8-minute runtime.",Contrast LangChain's linear DAG chains with LangGraph's cyclic loops to explain why graphs matter.,484,147000.0,"Title: Agentic Framework LangGraph explained in 8 minutes | Beginners Guide
Explanation: State Machine Architectural Breakdown
Visuals: Clean cyclic state diagrams: Nodes (agents/tools), Edges (conditional transitions), and Shared State dictionaries.
Examples: Building an autonomous coding agent that writes code, runs unit tests, and loops back to fix errors.
Analogies: A board game with distinct decision tiles where players loop around the board until winning conditions are met.
Applications: Autonomous code debugging, customer onboarding ticket escalation.
Quality: Crisp modern narration, dark-mode visual cards, focused 8-minute runtime.
Takeaway: Contrast LangChain's linear DAG chains with LangGraph's cyclic loops to explain why graphs matter.",1,1,1,0,1,1
VID-130,Agentic AI & Multi-Agent Systems,IBM Technology,LangChain vs LangGraph: A Tale of Two Frameworks,http://www.youtube.com/watch?v=qAF1NjEVHhY,09:55,633K+,Taxonomic Lightboard Comparison,Side-by-side lightboard comparison: Linear sequential pipeline (LangChain) vs State Machine Graph (LangGraph).,Simple document QA pipeline vs complex multi-agent customer support with human-in-the-loop.,An assembly line conveyor belt (LangChain) versus a sophisticated air traffic control network (LangGraph).,"Enterprise software stack modernization, production agent orchestration.","Studio lightboard excellence, vibrant neon drawings, engaging authoritative delivery.",Explain 'Human-in-the-loop' checkpoints as LangGraph's superpower for enterprise governance.,595,633000.0,"Title: LangChain vs LangGraph: A Tale of Two Frameworks
Explanation: Taxonomic Lightboard Comparison
Visuals: Side-by-side lightboard comparison: Linear sequential pipeline (LangChain) vs State Machine Graph (LangGraph).
Examples: Simple document QA pipeline vs complex multi-agent customer support with human-in-the-loop.
Analogies: An assembly line conveyor belt (LangChain) versus a sophisticated air traffic control network (LangGraph).
Applications: Enterprise software stack modernization, production agent orchestration.
Quality: Studio lightboard excellence, vibrant neon drawings, engaging authoritative delivery.
Takeaway: Explain 'Human-in-the-loop' checkpoints as LangGraph's superpower for enterprise governance.",1,1,1,0,0,1
VID-131,Agentic AI & Multi-Agent Systems,Matthew Berman,AutoGen Tutorial 🚀 Create Custom AI Agents EASILY (Incredible),http://www.youtube.com/watch?v=vU2S6dVf79M,20:10,385K+,Practical Framework Demo & Code Walkthrough,"Multi-agent terminal dialogue screencasts, UserProxyAgent executing local Docker bash commands.",Two agents collaborating to write a Python stock price charting script and executing it on disk.,A lead software architect discussing code with a junior developer while the computer executes the tests.,"Automated data analysis, rapid prototyping of algorithmic trading bots.","High-energy creator presentation, clear code displays, charismatic and engaging delivery.",Demonstrate live code execution in terminal to prove the tangible power of agentic tools.,1210,385000.0,"Title: AutoGen Tutorial 🚀 Create Custom AI Agents EASILY (Incredible)
Explanation: Practical Framework Demo & Code Walkthrough
Visuals: Multi-agent terminal dialogue screencasts, UserProxyAgent executing local Docker bash commands.
Examples: Two agents collaborating to write a Python stock price charting script and executing it on disk.
Analogies: A lead software architect discussing code with a junior developer while the computer executes the tests.
Applications: Automated data analysis, rapid prototyping of algorithmic trading bots.
Quality: High-energy creator presentation, clear code displays, charismatic and engaging delivery.
Takeaway: Demonstrate live code execution in terminal to prove the tangible power of agentic tools.",1,1,1,0,1,1
VID-132,Agentic AI & Multi-Agent Systems,Shaw Talebi,Model Context Protocol (MCP) Explained in 20 Minutes,http://www.youtube.com/watch?v=N3vHJcHBS-w,19:49,221K+,Technical Standard & Architecture Deep Dive,"Clean dark-mode diagrams showing MCP Host (Claude Desktop), MCP Client, and MCP Server connections.","Connecting Claude to local SQLite databases, GitHub repositories, and Google Drive.",USB-C for AI: an open universal standard connector replacing a mess of proprietary adapters.,"Standardized enterprise AI tool integration, local developer environment agents.","Polished aesthetic visuals, calm and precise audio, methodical architectural progression.",The 'USB-C for AI' analogy is the definitive mental model for explaining MCP.,1189,221000.0,"Title: Model Context Protocol (MCP) Explained in 20 Minutes
Explanation: Technical Standard & Architecture Deep Dive
Visuals: Clean dark-mode diagrams showing MCP Host (Claude Desktop), MCP Client, and MCP Server connections.
Examples: Connecting Claude to local SQLite databases, GitHub repositories, and Google Drive.
Analogies: USB-C for AI: an open universal standard connector replacing a mess of proprietary adapters.
Applications: Standardized enterprise AI tool integration, local developer environment agents.
Quality: Polished aesthetic visuals, calm and precise audio, methodical architectural progression.
Takeaway: The 'USB-C for AI' analogy is the definitive mental model for explaining MCP.",1,1,1,0,0,1
VID-133,Agentic AI & Multi-Agent Systems,KodeKloud,Model Context Protocol (MCP) Explained for Beginners: AI Flight Booking Demo!,http://www.youtube.com/watch?v=E2DEHOEbzks,24:10:00,1.3M+,Beginner-Friendly Practical Application,"Interactive flight booking UI demonstration, JSON-RPC message protocol logs on screen.",AI assistant using an MCP flight booking server to check live ticket availability and confirm seats.,"A hotel concierge using standard telephone lines to call airlines, car rentals, and restaurants.","Consumer travel AI, internal IT helpdesk database connectors.","High-production animation, engaging voiceover, complete practical demonstration.",Show the JSON-RPC request and response payload on screen so viewers see how the protocol actually communicates.,87000,1300000.0,"Title: Model Context Protocol (MCP) Explained for Beginners: AI Flight Booking Demo!
Explanation: Beginner-Friendly Practical Application
Visuals: Interactive flight booking UI demonstration, JSON-RPC message protocol logs on screen.
Examples: AI assistant using an MCP flight booking server to check live ticket availability and confirm seats.
Analogies: A hotel concierge using standard telephone lines to call airlines, car rentals, and restaurants.
Applications: Consumer travel AI, internal IT helpdesk database connectors.
Quality: High-production animation, engaging voiceover, complete practical demonstration.
Takeaway: Show the JSON-RPC request and response payload on screen so viewers see how the protocol actually communicates.",1,1,1,0,0,1
VID-134,Agentic AI & Multi-Agent Systems,codebasics,Model Context Protocol Clearly Explained | MCP Beyond the Hype,http://www.youtube.com/watch?v=tzrwxLNHtRY,15:04,567K+,Industry Strategic Analysis,Digital pen sketches comparing N*M custom API connectors with N+M standardized MCP servers.,Connecting 5 LLM models to 10 company data sources (50 custom pipelines vs 15 MCP endpoints).,Electrical power wall plugs: one universal socket standard for all appliances.,"Enterprise data architecture standardization, cutting software integration costs.","Clear, engaging Indian English, practical business focus, clean whiteboard sketches.",Use the N*M vs N+M integration complexity math to justify why standards always win.,904,567000.0,"Title: Model Context Protocol Clearly Explained | MCP Beyond the Hype
Explanation: Industry Strategic Analysis
Visuals: Digital pen sketches comparing N*M custom API connectors with N+M standardized MCP servers.
Examples: Connecting 5 LLM models to 10 company data sources (50 custom pipelines vs 15 MCP endpoints).
Analogies: Electrical power wall plugs: one universal socket standard for all appliances.
Applications: Enterprise data architecture standardization, cutting software integration costs.
Quality: Clear, engaging Indian English, practical business focus, clean whiteboard sketches.
Takeaway: Use the N*M vs N+M integration complexity math to justify why standards always win.",1,1,1,0,0,1
VID-135,Agentic AI & Multi-Agent Systems,NDC Conferences,"AI Agents In-Depth – Function Calling, MCP and Tool Use Under the Hood - Alan Smith",http://www.youtube.com/watch?v=Mvcxa35_PMA,01:01:26,5.2K+,Senior Engineering Conference Masterclass,"Live architectural slide presentations, JSON schema tool definitions, system prompt injection logs.",Structuring strict JSON schema parameter definitions for SQL query tools and weather APIs.,Providing a technician with a customized toolbox where every wrench fits an exact bolt size.,"Enterprise ERP automated integrations, mission-critical autonomous agents.","Auditorium professional audio capture, multi-camera stage setup, deep technical rigor.","Demystify function calling: show that the LLM doesn't execute code, it simply generates structured JSON arguments.",3686,5200.0,"Title: AI Agents In-Depth – Function Calling, MCP and Tool Use Under the Hood - Alan Smith
Explanation: Senior Engineering Conference Masterclass
Visuals: Live architectural slide presentations, JSON schema tool definitions, system prompt injection logs.
Examples: Structuring strict JSON schema parameter definitions for SQL query tools and weather APIs.
Analogies: Providing a technician with a customized toolbox where every wrench fits an exact bolt size.
Applications: Enterprise ERP automated integrations, mission-critical autonomous agents.
Quality: Auditorium professional audio capture, multi-camera stage setup, deep technical rigor.
Takeaway: Demystify function calling: show that the LLM doesn't execute code, it simply generates structured JSON arguments.",1,1,1,0,1,1
VID-136,Advanced Retrieval & Search,Prompt Engineering,The Best RAG Technique Yet? Anthropic’s Contextual Retrieval Explained!,http://www.youtube.com/watch?v=tmiBae2goJM,16:14,138K+,Breakthrough Technique Deep Dive,Diagrams comparing standard isolated chunks vs context-prepended chunks; retrieval accuracy benchmarks.,Chunk mentioning 'revenue grew 3%' prepended with context: 'This chunk discusses Acme Corp Q2 2024 financials'.,Writing the book title and chapter name on every torn page so you never lose where it came from.,"Complex legal contract retrieval, financial SEC 10-K search engines.","Clear instructional audio, step-by-step Python code implementation, clean visual slides.",Show the dramatic drop in retrieval failure rates (up to 49%) when adding contextual document summaries.,974,138000.0,"Title: The Best RAG Technique Yet? Anthropic’s Contextual Retrieval Explained!
Explanation: Breakthrough Technique Deep Dive
Visuals: Diagrams comparing standard isolated chunks vs context-prepended chunks; retrieval accuracy benchmarks.
Examples: Chunk mentioning 'revenue grew 3%' prepended with context: 'This chunk discusses Acme Corp Q2 2024 financials'.
Analogies: Writing the book title and chapter name on every torn page so you never lose where it came from.
Applications: Complex legal contract retrieval, financial SEC 10-K search engines.
Quality: Clear instructional audio, step-by-step Python code implementation, clean visual slides.
Takeaway: Show the dramatic drop in retrieval failure rates (up to 49%) when adding contextual document summaries.",1,1,1,0,1,1
VID-137,Advanced Retrieval & Search,Prompt Engineering,Supercharge Your RAG with Contextualized Late Interactions,http://www.youtube.com/watch?v=xTzUn3G9YA0,17:45,19K+,ColBERT Multi-Vector Deep Dive,Visual matrix comparing single dense vector embeddings vs token-level late interaction matrices (MaxSim operator).,Retrieving specific nuanced clauses in long technical manuals where single-vector pooling compresses away details.,Comparing two resumes word-by-word with highlighters instead of condensing both into a single 1-word summary score.,"High-accuracy search in technical documentation, clinical medical literature search.","Crisp developer voiceover, high-contrast diagrams, complete Python ColBERT implementation.",Visually illustrate the MaxSim operator to demystify why token-level matching preserves fine details.,1065,19000.0,"Title: Supercharge Your RAG with Contextualized Late Interactions
Explanation: ColBERT Multi-Vector Deep Dive
Visuals: Visual matrix comparing single dense vector embeddings vs token-level late interaction matrices (MaxSim operator).
Examples: Retrieving specific nuanced clauses in long technical manuals where single-vector pooling compresses away details.
Analogies: Comparing two resumes word-by-word with highlighters instead of condensing both into a single 1-word summary score.
Applications: High-accuracy search in technical documentation, clinical medical literature search.
Quality: Crisp developer voiceover, high-contrast diagrams, complete Python ColBERT implementation.
Takeaway: Visually illustrate the MaxSim operator to demystify why token-level matching preserves fine details.",1,1,1,0,1,1
VID-138,Advanced Retrieval & Search,Sam Witteveen,Advanced RAG 03 - Hybrid Search BM25 & Ensembles,http://www.youtube.com/watch?v=lYxGYXjfrNI,06:47,41K+,Practical Engineering Guide,"Reciprocal Rank Fusion (RRF) formula overlays, side-by-side retrieval tables.",Searching for exact part serial numbers ('XG-9021') alongside semantic concepts ('replacement hydraulic valve').,Using both a metal detector (exact keyword BM25) and a sniffer dog (semantic vector search) at an airport.,"E-commerce catalog search, enterprise inventory management.","Clear developer audio, high-resolution IDE screencasts, concise and practical flow.","Show how dense vector search fails on exact serial numbers, proving why BM25 keyword search is still vital.",407,41000.0,"Title: Advanced RAG 03 - Hybrid Search BM25 & Ensembles
Explanation: Practical Engineering Guide
Visuals: Reciprocal Rank Fusion (RRF) formula overlays, side-by-side retrieval tables.
Examples: Searching for exact part serial numbers ('XG-9021') alongside semantic concepts ('replacement hydraulic valve').
Analogies: Using both a metal detector (exact keyword BM25) and a sniffer dog (semantic vector search) at an airport.
Applications: E-commerce catalog search, enterprise inventory management.
Quality: Clear developer audio, high-resolution IDE screencasts, concise and practical flow.
Takeaway: Show how dense vector search fails on exact serial numbers, proving why BM25 keyword search is still vital.",1,1,1,1,0,1
VID-139,Advanced Retrieval & Search,Mervin Praison,RAGAS: How to Evaluate a RAG Application Like a Pro for Beginners,http://www.youtube.com/watch?v=5fp6e5nhJRk,08:38,63K+,Evaluation Framework Tutorial,"The 4 core RAGAS metric cards: Faithfulness, Answer Relevancy, Context Precision, and Context Recall.",Automating continuous evaluation of RAG customer support responses against a golden test dataset.,Having an independent grading rubric with four strict teaching assistants grading every student essay.,"Enterprise AI quality assurance, CI/CD pipeline automated regression testing for LLMs.","Crisp voice recording, zoomed terminal outputs, practical real-world tutorial.",Categorize evaluation into Retrieval metrics (precision/recall) vs Generation metrics (faithfulness/relevancy).,518,63000.0,"Title: RAGAS: How to Evaluate a RAG Application Like a Pro for Beginners
Explanation: Evaluation Framework Tutorial
Visuals: The 4 core RAGAS metric cards: Faithfulness, Answer Relevancy, Context Precision, and Context Recall.
Examples: Automating continuous evaluation of RAG customer support responses against a golden test dataset.
Analogies: Having an independent grading rubric with four strict teaching assistants grading every student essay.
Applications: Enterprise AI quality assurance, CI/CD pipeline automated regression testing for LLMs.
Quality: Crisp voice recording, zoomed terminal outputs, practical real-world tutorial.
Takeaway: Categorize evaluation into Retrieval metrics (precision/recall) vs Generation metrics (faithfulness/relevancy).",1,1,1,0,1,1
VID-140,Advanced Retrieval & Search,Logical Lenses,"RAG Evaluation: Precision, Recall, Faithfulness, RAGAS Explained Clearly",http://www.youtube.com/watch?v=7_LTU0LA374,12:19,24K+,Metric Formulation & Visual Math,Venn diagrams and formulas showing how an LLM judge calculates faithfulness without human ground truth labels.,Detecting hallucinations when the model mentions facts not present in the retrieved context.,A fact-checker at a newspaper comparing an article word-for-word against the reporter's interview transcripts.,"Regulated banking AI audits, medical chatbot compliance verification.","Balanced audio, clear step-by-step mathematical slides, steady tempo.",Show how LLM-as-a-judge prompts work under the hood to calculate faithfulness scores.,739,24000.0,"Title: RAG Evaluation: Precision, Recall, Faithfulness, RAGAS Explained Clearly
Explanation: Metric Formulation & Visual Math
Visuals: Venn diagrams and formulas showing how an LLM judge calculates faithfulness without human ground truth labels.
Examples: Detecting hallucinations when the model mentions facts not present in the retrieved context.
Analogies: A fact-checker at a newspaper comparing an article word-for-word against the reporter's interview transcripts.
Applications: Regulated banking AI audits, medical chatbot compliance verification.
Quality: Balanced audio, clear step-by-step mathematical slides, steady tempo.
Takeaway: Show how LLM-as-a-judge prompts work under the hood to calculate faithfulness scores.",1,1,1,1,0,1
VID-141,LLM Systems & Inference Optimization,AI Coffee Break with Letitia,Direct Preference Optimization: Your Language Model is Secretly a Reward Model,http://www.youtube.com/watch?v=XZLc09hkMwA,08:55,43K+,Mathematical Simplification & Paper Breakdown,Clean slide diagrams contrasting the multi-step RLHF pipeline against single-step DPO closed-form loss.,Aligning LLaMA models directly on preferred vs rejected response pairs.,"Learning directly from a coach who points out good vs bad plays, eliminating the complex referee scoring system.","Modern post-training alignment for open-source models (Zephyr, Llama 3).","Gentle, precise articulation, pleasing aesthetic visual identity, clean formula animations.",Explain how mathematical reparameterization lets you optimize policy directly without training a separate reward model.,535,43000.0,"Title: Direct Preference Optimization: Your Language Model is Secretly a Reward Model
Explanation: Mathematical Simplification & Paper Breakdown
Visuals: Clean slide diagrams contrasting the multi-step RLHF pipeline against single-step DPO closed-form loss.
Examples: Aligning LLaMA models directly on preferred vs rejected response pairs.
Analogies: Learning directly from a coach who points out good vs bad plays, eliminating the complex referee scoring system.
Applications: Modern post-training alignment for open-source models (Zephyr, Llama 3).
Quality: Gentle, precise articulation, pleasing aesthetic visual identity, clean formula animations.
Takeaway: Explain how mathematical reparameterization lets you optimize policy directly without training a separate reward model.",1,1,1,1,0,1
VID-142,LLM Systems & Inference Optimization,Luis Serrano Academy,Direct Preference Optimization (DPO) - How to fine-tune LLMs directly without reinforcement learning,http://www.youtube.com/watch?v=k2pD3k1485A,21:15,37K+,Pedagogical Geometric Intuition,Probability curves shifting: pushing up probabilities of winning answers while pulling down losing answers.,Teaching a chatbot to write concise responses instead of verbose essays.,Tug-of-war where good answers pull the rope toward themselves and bad answers let go.,"Consumer chatbot alignment, tone adjustment for enterprise support bots.","Warm, encouraging instructional voice, beautiful hand-drawn style animations.",Use the visual 'probability seesaw' metaphor to show probabilities shifting between preferred and dispreferred tokens.,1275,37000.0,"Title: Direct Preference Optimization (DPO) - How to fine-tune LLMs directly without reinforcement learning
Explanation: Pedagogical Geometric Intuition
Visuals: Probability curves shifting: pushing up probabilities of winning answers while pulling down losing answers.
Examples: Teaching a chatbot to write concise responses instead of verbose essays.
Analogies: Tug-of-war where good answers pull the rope toward themselves and bad answers let go.
Applications: Consumer chatbot alignment, tone adjustment for enterprise support bots.
Quality: Warm, encouraging instructional voice, beautiful hand-drawn style animations.
Takeaway: Use the visual 'probability seesaw' metaphor to show probabilities shifting between preferred and dispreferred tokens.",1,1,1,0,0,1
VID-143,LLM Systems & Inference Optimization,Jia-Bin Huang,How FlashAttention Accelerates Generative AI Revolution,http://www.youtube.com/watch?v=gBMO1JZav44,11:54,39K+,GPU Architecture & Hardware Tiling,"GPU memory hierarchy diagrams (HBM vs SRAM), tiled block matrix multiplications, online softmax fusion.",Training Transformers 3x faster with 10x less memory overhead on A100 GPUs.,A chef cooking at their small kitchen counter (fast SRAM) instead of running back and forth to the basement pantry (slow HBM).,The hardware foundation that enabled 100K+ token context windows in modern AI.,"Crystal-clear audio, exceptional technical illustrations, high-density systems knowledge.","Show that the speedup comes from reducing memory read/write bottlenecks (IO-awareness), not just fewer FLOPs.",714,39000.0,"Title: How FlashAttention Accelerates Generative AI Revolution
Explanation: GPU Architecture & Hardware Tiling
Visuals: GPU memory hierarchy diagrams (HBM vs SRAM), tiled block matrix multiplications, online softmax fusion.
Examples: Training Transformers 3x faster with 10x less memory overhead on A100 GPUs.
Analogies: A chef cooking at their small kitchen counter (fast SRAM) instead of running back and forth to the basement pantry (slow HBM).
Applications: The hardware foundation that enabled 100K+ token context windows in modern AI.
Quality: Crystal-clear audio, exceptional technical illustrations, high-density systems knowledge.
Takeaway: Show that the speedup comes from reducing memory read/write bottlenecks (IO-awareness), not just fewer FLOPs.",1,1,1,0,0,1
VID-144,LLM Systems & Inference Optimization,IBM Technology,Faster LLMs: Accelerate Inference with Speculative Decoding,http://www.youtube.com/watch?v=VkWlLSTdHs8,09:39,34K+,Lightboard Parallel Inference Walkthrough,"Two model timelines: Small draft model proposing 5 tokens rapidly, large target model verifying all 5 in parallel.",Using a 1B parameter draft model to accelerate a 70B parameter model by 2.5x with identical outputs.,An eager junior writer drafting sentences quickly while a senior editor approves or corrects them in a single glance.,"Real-time enterprise coding autocomplete, low-latency conversational voice bots.","Studio 4K video, crisp lapel microphone, luminous marker contrast on black background.",Highlight the mathematical guarantee: speculative decoding produces the EXACT same output distribution as the large model.,579,34000.0,"Title: Faster LLMs: Accelerate Inference with Speculative Decoding
Explanation: Lightboard Parallel Inference Walkthrough
Visuals: Two model timelines: Small draft model proposing 5 tokens rapidly, large target model verifying all 5 in parallel.
Examples: Using a 1B parameter draft model to accelerate a 70B parameter model by 2.5x with identical outputs.
Analogies: An eager junior writer drafting sentences quickly while a senior editor approves or corrects them in a single glance.
Applications: Real-time enterprise coding autocomplete, low-latency conversational voice bots.
Quality: Studio 4K video, crisp lapel microphone, luminous marker contrast on black background.
Takeaway: Highlight the mathematical guarantee: speculative decoding produces the EXACT same output distribution as the large model.",1,1,1,1,0,1
VID-145,LLM Systems & Inference Optimization,IBM Technology,What is vLLM? Efficient AI Inference for Large Language Models,http://www.youtube.com/watch?v=McLdlg5Gc9s,04:58,101K+,Systems Infrastructure & PagedAttention,PagedAttention memory diagram comparing fragmented sequential memory with non-contiguous virtual paging.,Serving 4x more concurrent user requests on the same GPU without running out of VRAM.,Operating system virtual memory paging: storing memory blocks in whatever free slots exist rather than demanding giant continuous chunks.,"High-scale AI API hosting, enterprise cloud inference infrastructure.","4K studio lightboard, concise delivery, zero unnecessary filler.",Show the VRAM waste problem (internal/external memory fragmentation) before revealing PagedAttention.,298,101000.0,"Title: What is vLLM? Efficient AI Inference for Large Language Models
Explanation: Systems Infrastructure & PagedAttention
Visuals: PagedAttention memory diagram comparing fragmented sequential memory with non-contiguous virtual paging.
Examples: Serving 4x more concurrent user requests on the same GPU without running out of VRAM.
Analogies: Operating system virtual memory paging: storing memory blocks in whatever free slots exist rather than demanding giant continuous chunks.
Applications: High-scale AI API hosting, enterprise cloud inference infrastructure.
Quality: 4K studio lightboard, concise delivery, zero unnecessary filler.
Takeaway: Show the VRAM waste problem (internal/external memory fragmentation) before revealing PagedAttention.",1,1,1,0,0,1
VID-146,LLM Systems & Inference Optimization,Edward Hu,What is Low-Rank Adaptation (LoRA) | explained by the inventor,http://www.youtube.com/watch?v=DhRoTONcyZE,07:29,141K+,Primary Source Mathematical Intuition,Weight matrix decomposition: multiplying giant matrix W by frozen weights and adding low-rank product A * B.,Freezing a 175B parameter model and training only tiny rank-8 adapter matrices (0.01% of parameters).,Wearing a custom lightweight costume over an existing mannequin rather than molding a whole new body.,"Fine-tuning enterprise models on consumer GPUs, modular multi-tenant AI systems.","Authoritative, humble, direct-from-inventor explanation, clean mathematical slides.",Learning from the original paper creator offers unmatched conceptual purity; keep the math focused on rank decomposition.,449,141000.0,"Title: What is Low-Rank Adaptation (LoRA) | explained by the inventor
Explanation: Primary Source Mathematical Intuition
Visuals: Weight matrix decomposition: multiplying giant matrix W by frozen weights and adding low-rank product A * B.
Examples: Freezing a 175B parameter model and training only tiny rank-8 adapter matrices (0.01% of parameters).
Analogies: Wearing a custom lightweight costume over an existing mannequin rather than molding a whole new body.
Applications: Fine-tuning enterprise models on consumer GPUs, modular multi-tenant AI systems.
Quality: Authoritative, humble, direct-from-inventor explanation, clean mathematical slides.
Takeaway: Learning from the original paper creator offers unmatched conceptual purity; keep the math focused on rank decomposition.",1,1,1,1,0,1
VID-147,Computer Vision & Multimodal AI,codebasics,What is YOLO algorithm? | Deep Learning Tutorial 31,http://www.youtube.com/watch?v=ag3DLKsl2vk,16:05,952K+,Object Detection Grid Architecture,"Splitting an image into an S x S grid, bounding box regression coordinates, IoU intersection over union.","Detecting pedestrians, cars, and traffic lights simultaneously in real-time camera feeds.",Scanning an entire painting in one single glance rather than scanning a magnifying glass over every square inch.,"Autonomous vehicle perception, security camera surveillance, automated robotics.","Engaging conversational Indian English, clear digital drawing, structured conceptual progression.",Contrast two-stage detectors (R-CNN sliding windows) with YOLO's single-pass grid to prove why YOLO achieves real-time FPS.,965,952000.0,"Title: What is YOLO algorithm? | Deep Learning Tutorial 31
Explanation: Object Detection Grid Architecture
Visuals: Splitting an image into an S x S grid, bounding box regression coordinates, IoU intersection over union.
Examples: Detecting pedestrians, cars, and traffic lights simultaneously in real-time camera feeds.
Analogies: Scanning an entire painting in one single glance rather than scanning a magnifying glass over every square inch.
Applications: Autonomous vehicle perception, security camera surveillance, automated robotics.
Quality: Engaging conversational Indian English, clear digital drawing, structured conceptual progression.
Takeaway: Contrast two-stage detectors (R-CNN sliding windows) with YOLO's single-pass grid to prove why YOLO achieves real-time FPS.",1,1,1,0,0,1
VID-148,Computer Vision & Multimodal AI,TED,How computers learn to recognize objects instantly | Joseph Redmon,http://www.youtube.com/watch?v=Cgxsv1riJhI,07:38,1.1M+,Inspiring Visionary Keynote Demo,"Live webcam object detection running at 60 FPS on stage, bounding boxes tracking objects in real time.","Detecting horses, dogs, sheep, and attendees in real time across the live auditorium.",The human eye processing an entire visual scene instantaneously without stopping to think.,"Robotics, conservation tracking of endangered animals, medical imaging.","TED main-stage production, charismatic creator humor, thrilling real-time live software demo.",A live interactive software demo running in real time generates unforgettable impact.,458,1100000.0,"Title: How computers learn to recognize objects instantly | Joseph Redmon
Explanation: Inspiring Visionary Keynote Demo
Visuals: Live webcam object detection running at 60 FPS on stage, bounding boxes tracking objects in real time.
Examples: Detecting horses, dogs, sheep, and attendees in real time across the live auditorium.
Analogies: The human eye processing an entire visual scene instantaneously without stopping to think.
Applications: Robotics, conservation tracking of endangered animals, medical imaging.
Quality: TED main-stage production, charismatic creator humor, thrilling real-time live software demo.
Takeaway: A live interactive software demo running in real time generates unforgettable impact.",1,1,1,0,0,1
VID-149,Computer Vision & Multimodal AI,Roboflow,SAM - Segment Anything Model by Meta AI: Complete Guide,http://www.youtube.com/watch?v=D-D6ZmadzPE,12:55,117K+,Foundation Model Architecture & Python Demo,"Zero-shot segmentation mask overlays on complex scenes, point prompts and bounding box prompts.","Segmenting every object, shadow, and reflection in an image with zero custom fine-tuning.",A digital laser scalpel that cleanly cuts out any object you touch with a finger.,"Automated data labeling, augmented reality, medical surgery guidance.","Pristine developer audio, clear Jupyter notebook demonstration, high visual contrast.",Show promptable segmentation (click a point -> generate mask) to demonstrate foundational model zero-shot power.,775,117000.0,"Title: SAM - Segment Anything Model by Meta AI: Complete Guide
Explanation: Foundation Model Architecture & Python Demo
Visuals: Zero-shot segmentation mask overlays on complex scenes, point prompts and bounding box prompts.
Examples: Segmenting every object, shadow, and reflection in an image with zero custom fine-tuning.
Analogies: A digital laser scalpel that cleanly cuts out any object you touch with a finger.
Applications: Automated data labeling, augmented reality, medical surgery guidance.
Quality: Pristine developer audio, clear Jupyter notebook demonstration, high visual contrast.
Takeaway: Show promptable segmentation (click a point -> generate mask) to demonstrate foundational model zero-shot power.",1,1,1,0,1,1
VID-150,Computer Vision & Multimodal AI,What's AI by Louis-François Bouchard,OpenAI's Whisper Model Explained,http://www.youtube.com/watch?v=uFOkMme19Zs,05:25,36K+,Speech Recognition Architecture & Weak Supervision,"Log-mel spectrogram input audio patches, encoder-decoder transformer blocks, multitask token sequences.","Transcribing noisy podcast speech with accents, auto-translating into English.","A bilingual court stenographer trained on 680,000 hours of internet radio broadcasts.","Automated podcast transcription, medical doctor dictation, YouTube auto-subtitles.","Crisp modern editing, smooth animation transitions, punchy 5-minute explanation.",Explain weak supervision: training on massive noisy web audio beats smaller curated datasets.,325,36000.0,"Title: OpenAI's Whisper Model Explained
Explanation: Speech Recognition Architecture & Weak Supervision
Visuals: Log-mel spectrogram input audio patches, encoder-decoder transformer blocks, multitask token sequences.
Examples: Transcribing noisy podcast speech with accents, auto-translating into English.
Analogies: A bilingual court stenographer trained on 680,000 hours of internet radio broadcasts.
Applications: Automated podcast transcription, medical doctor dictation, YouTube auto-subtitles.
Quality: Crisp modern editing, smooth animation transitions, punchy 5-minute explanation.
Takeaway: Explain weak supervision: training on massive noisy web audio beats smaller curated datasets.",1,1,1,0,1,1
VID-151,Computer Vision & Multimodal AI,IBM Technology,What Are Vision Language Models? How AI Sees & Understands Images,http://www.youtube.com/watch?v=lOD_EE96jhM,09:48,141K+,Multimodal Lightboard Architecture,Drawing vision encoders (CLIP/SigLIP) projecting image patches into LLM token spaces on lightboard.,Uploading a photo of a refrigerator and asking the AI for dinner recipes based on ingredients.,Giving an AI visual optic nerves that translate sight directly into language thought tokens.,"Visual inspection on manufacturing lines, assistive tools for visually impaired users.","4K studio lightboard, neon marker drawings, balanced and articulate delivery.",Show the projection layer (linear projector or MLP) as the bridge connecting the visual world to the text LLM.,588,141000.0,"Title: What Are Vision Language Models? How AI Sees & Understands Images
Explanation: Multimodal Lightboard Architecture
Visuals: Drawing vision encoders (CLIP/SigLIP) projecting image patches into LLM token spaces on lightboard.
Examples: Uploading a photo of a refrigerator and asking the AI for dinner recipes based on ingredients.
Analogies: Giving an AI visual optic nerves that translate sight directly into language thought tokens.
Applications: Visual inspection on manufacturing lines, assistive tools for visually impaired users.
Quality: 4K studio lightboard, neon marker drawings, balanced and articulate delivery.
Takeaway: Show the projection layer (linear projector or MLP) as the bridge connecting the visual world to the text LLM.",1,1,1,0,1,1
VID-152,Computer Vision & Multimodal AI,Yannic Kilcher,NeRF: Representing Scenes as Neural Radiance Fields for View Synthesis,http://www.youtube.com/watch?v=CRlN-cYFxTk,33:56:00,205K+,In-Depth Paper Review & Volumetric Rendering,"Original paper figures, ray marching through 3D spatial points (x,y,z) with viewing angles (theta, phi).",Rendering photorealistic 3D novel views of a synthetic bulldozer and drum kit from 50 photographs.,Representing a physical 3D scene inside a neural network's weights instead of polygons and textures.,"Virtual reality scene recreation, VFX movie production, robotic spatial mapping.","Informal, highly knowledgeable academic walkthrough, live paper reading with critical analysis.",Walk through the ray-marching volume rendering integral step-by-step so viewers understand how 2D pixels are computed.,122160,205000.0,"Title: NeRF: Representing Scenes as Neural Radiance Fields for View Synthesis
Explanation: In-Depth Paper Review & Volumetric Rendering
Visuals: Original paper figures, ray marching through 3D spatial points (x,y,z) with viewing angles (theta, phi).
Examples: Rendering photorealistic 3D novel views of a synthetic bulldozer and drum kit from 50 photographs.
Analogies: Representing a physical 3D scene inside a neural network's weights instead of polygons and textures.
Applications: Virtual reality scene recreation, VFX movie production, robotic spatial mapping.
Quality: Informal, highly knowledgeable academic walkthrough, live paper reading with critical analysis.
Takeaway: Walk through the ray-marching volume rendering integral step-by-step so viewers understand how 2D pixels are computed.",1,1,1,0,0,1
VID-153,Reinforcement Learning & Game Theory,Siraj Raval,Q Learning Explained (tutorial),http://www.youtube.com/watch?v=aCEvtRtNO-M,09:27,381K+,High-Energy Interactive Tutorial,"Q-table grid state-action matrix, animated robot maze path, Bellman equation breakdown.",A robot agent learning to navigate a grid world with fire pits and treasure goals.,Training a puppy with treats: exploring new rooms vs repeating actions that earned treats before.,"Robotic warehouse navigation, algorithmic market trading.","Fast-paced, vibrant graphics, comedic timing, clear code overlays.",Use the Exploration vs Exploitation dilemma (trying a new restaurant vs going to your favorite spot) as the core hook.,567,381000.0,"Title: Q Learning Explained (tutorial)
Explanation: High-Energy Interactive Tutorial
Visuals: Q-table grid state-action matrix, animated robot maze path, Bellman equation breakdown.
Examples: A robot agent learning to navigate a grid world with fire pits and treasure goals.
Analogies: Training a puppy with treats: exploring new rooms vs repeating actions that earned treats before.
Applications: Robotic warehouse navigation, algorithmic market trading.
Quality: Fast-paced, vibrant graphics, comedic timing, clear code overlays.
Takeaway: Use the Exploration vs Exploitation dilemma (trying a new restaurant vs going to your favorite spot) as the core hook.",1,1,1,1,1,1
VID-154,Reinforcement Learning & Game Theory,CodeEmporium,Deep Q-Networks Explained!,http://www.youtube.com/watch?v=x83WmvbRa2I,10:51,77K+,Neural Network Integration & Stability Tricks,"Whiteboard diagrams showing DeepMind's Atari architecture, Experience Replay buffer, and Target Network.",AI learning to play Atari Breakout and discovering the tunnel strategy to win.,Replaying past soccer game tapes in your sleep (Experience Replay) to learn from mistakes without recency bias.,"Autonomous robotics, complex game-playing AI.","Energetic, clear whiteboard presentation, comprehensive stability equation derivations.",Explain the two critical stability innovations: Experience Replay (breaking correlation) and Target Networks.,651,77000.0,"Title: Deep Q-Networks Explained!
Explanation: Neural Network Integration & Stability Tricks
Visuals: Whiteboard diagrams showing DeepMind's Atari architecture, Experience Replay buffer, and Target Network.
Examples: AI learning to play Atari Breakout and discovering the tunnel strategy to win.
Analogies: Replaying past soccer game tapes in your sleep (Experience Replay) to learn from mistakes without recency bias.
Applications: Autonomous robotics, complex game-playing AI.
Quality: Energetic, clear whiteboard presentation, comprehensive stability equation derivations.
Takeaway: Explain the two critical stability innovations: Experience Replay (breaking correlation) and Target Networks.",1,1,1,1,0,1
VID-155,Reinforcement Learning & Game Theory,Julia Turc,Proximal Policy Optimization (PPO) for LLMs Explained Intuitively,http://www.youtube.com/watch?v=8jtAzxUwDj0,22:03,69K+,Mathematical Pedagogy for AI Practitioners,"Clipped surrogate objective formulas, policy ratio r(theta) plots with clipping bounds [1-eps, 1+eps].",Aligning ChatGPT responses to remain polite and avoid catastrophic policy collapse.,"Putting guardrails on a mountain trail: the model can take steps toward better answers, but cannot take giant suicidal leaps.","ChatGPT RLHF alignment, autonomous drone flight control.","Pristine audio, elegant mathematical motion graphics, calm and authoritative teaching.",Graph the Clipped Objective function piecewise to show exactly why destructive large policy updates are blocked.,1323,69000.0,"Title: Proximal Policy Optimization (PPO) for LLMs Explained Intuitively
Explanation: Mathematical Pedagogy for AI Practitioners
Visuals: Clipped surrogate objective formulas, policy ratio r(theta) plots with clipping bounds [1-eps, 1+eps].
Examples: Aligning ChatGPT responses to remain polite and avoid catastrophic policy collapse.
Analogies: Putting guardrails on a mountain trail: the model can take steps toward better answers, but cannot take giant suicidal leaps.
Applications: ChatGPT RLHF alignment, autonomous drone flight control.
Quality: Pristine audio, elegant mathematical motion graphics, calm and authoritative teaching.
Takeaway: Graph the Clipped Objective function piecewise to show exactly why destructive large policy updates are blocked.",1,1,1,1,0,1
VID-156,Generative AI & Diffusion Models,DeepBean,Understanding GANs (Generative Adversarial Networks),http://www.youtube.com/watch?v=RAa55G-oEuk,26:46:00,70K+,Mathematical Pedagogy & Loss Landscapes,"Minimax game theory payoff matrices, gradient arrows pushing generator distribution toward real data distribution.",Generating high-resolution anime faces and synthetic landscape images.,A currency counterfeiter trying to fool a bank teller with increasingly convincing counterfeit watermarks.,"Video game texture generation, historical film remastering.","Calm, deeply academic presentation, detailed mathematical derivations, clean slide cards.",Graph the Jensen-Shannon divergence to show why early GANs suffered from vanishing gradients.,96360,70000.0,"Title: Understanding GANs (Generative Adversarial Networks)
Explanation: Mathematical Pedagogy & Loss Landscapes
Visuals: Minimax game theory payoff matrices, gradient arrows pushing generator distribution toward real data distribution.
Examples: Generating high-resolution anime faces and synthetic landscape images.
Analogies: A currency counterfeiter trying to fool a bank teller with increasingly convincing counterfeit watermarks.
Applications: Video game texture generation, historical film remastering.
Quality: Calm, deeply academic presentation, detailed mathematical derivations, clean slide cards.
Takeaway: Graph the Jensen-Shannon divergence to show why early GANs suffered from vanishing gradients.",1,1,1,1,0,1
VID-157,Generative AI & Diffusion Models,Packt,What are Generative Adversarial Networks (GANs) and how do they work?,http://www.youtube.com/watch?v=-Upj_VhjTBs,03:55,88K+,Concise Developer Overview,"2D animated block diagram showing random noise input entering generator, discriminator binary scoring.",Converting low-resolution pixel art to high-resolution vector artwork.,A student taking practice tests and an automated grader providing instant feedback scores.,"Image super-resolution, synthetic data augmentation for autonomous vehicles.","Professional voiceover, clear motion graphics, efficient 4-minute runtime.",Deliver a fast conceptual primer for engineers before plunging into training code.,235,88000.0,"Title: What are Generative Adversarial Networks (GANs) and how do they work?
Explanation: Concise Developer Overview
Visuals: 2D animated block diagram showing random noise input entering generator, discriminator binary scoring.
Examples: Converting low-resolution pixel art to high-resolution vector artwork.
Analogies: A student taking practice tests and an automated grader providing instant feedback scores.
Applications: Image super-resolution, synthetic data augmentation for autonomous vehicles.
Quality: Professional voiceover, clear motion graphics, efficient 4-minute runtime.
Takeaway: Deliver a fast conceptual primer for engineers before plunging into training code.",1,1,1,0,1,1
VID-158,Generative AI & Diffusion Models,DeepBean,Understanding Variational Autoencoders (VAEs),http://www.youtube.com/watch?v=HBYQvKlaE0A,29:54:00,72K+,In-Depth Mathematical Derivation,"Evidence Lower Bound (ELBO) formula derivations, Gaussian latent manifold projections.",Continuous digit morphing in 2D latent space from 0 to 9 without discontinuous jumps.,"Compressing a novel into an emotional blueprint, then having an author reconstruct the story from the blueprint.","Drug discovery molecular generation, acoustic audio modeling.","Thorough university-level math instruction, clear digital ink annotations, quiet studio background.",Derive the ELBO step-by-step to demystify why VAE loss consists of reconstruction plus KL divergence.,107640,72000.0,"Title: Understanding Variational Autoencoders (VAEs)
Explanation: In-Depth Mathematical Derivation
Visuals: Evidence Lower Bound (ELBO) formula derivations, Gaussian latent manifold projections.
Examples: Continuous digit morphing in 2D latent space from 0 to 9 without discontinuous jumps.
Analogies: Compressing a novel into an emotional blueprint, then having an author reconstruct the story from the blueprint.
Applications: Drug discovery molecular generation, acoustic audio modeling.
Quality: Thorough university-level math instruction, clear digital ink annotations, quiet studio background.
Takeaway: Derive the ELBO step-by-step to demystify why VAE loss consists of reconstruction plus KL divergence.",1,1,1,1,1,1
VID-159,Advanced Neural Architectures,DeepFindr,Vision Transformer Quick Guide - Theory and Code in (almost) 15 min,http://www.youtube.com/watch?v=j3VNqtJUoz0,16:51,209K+,Theory + PyTorch Code Implementation,Split-screen comparing ViT architecture paper diagrams directly with PyTorch nn.Module code.,Writing patch embedding layers and multi-head self-attention in 50 lines of PyTorch.,Turning a 2D photograph into an audio tape of consecutive visual soundbites.,High-throughput computer vision classification on cloud servers.,"Engaging developer presentation, crisp code editor text, synchronized architecture diagrams.",Map every paper architecture block directly to its corresponding PyTorch class line-by-line.,1011,209000.0,"Title: Vision Transformer Quick Guide - Theory and Code in (almost) 15 min
Explanation: Theory + PyTorch Code Implementation
Visuals: Split-screen comparing ViT architecture paper diagrams directly with PyTorch nn.Module code.
Examples: Writing patch embedding layers and multi-head self-attention in 50 lines of PyTorch.
Analogies: Turning a 2D photograph into an audio tape of consecutive visual soundbites.
Applications: High-throughput computer vision classification on cloud servers.
Quality: Engaging developer presentation, crisp code editor text, synchronized architecture diagrams.
Takeaway: Map every paper architecture block directly to its corresponding PyTorch class line-by-line.",1,1,1,0,1,1
VID-160,Advanced Neural Architectures,AGI Lambda,Vision Transformer,http://www.youtube.com/watch?v=vJF3TBI8esQ,05:05,69K+,Micro-Animation Architecture Primer,"Dynamic 3D animations of image patch unrolling, linear projections, and transformer attention matrix passes.",Feeding a dog photograph as 16x16 patch vectors into self-attention heads.,Reading a graphic comic book panel by panel in sequential order.,"Satellite imagery analysis, medical lesion detection.","High-end 3D motion design, punchy narration, zero wasted seconds.",Use 3D spatial unrolling animations to show how 2D images become 1D sequence tokens.,305,69000.0,"Title: Vision Transformer
Explanation: Micro-Animation Architecture Primer
Visuals: Dynamic 3D animations of image patch unrolling, linear projections, and transformer attention matrix passes.
Examples: Feeding a dog photograph as 16x16 patch vectors into self-attention heads.
Analogies: Reading a graphic comic book panel by panel in sequential order.
Applications: Satellite imagery analysis, medical lesion detection.
Quality: High-end 3D motion design, punchy narration, zero wasted seconds.
Takeaway: Use 3D spatial unrolling animations to show how 2D images become 1D sequence tokens.",1,1,1,0,0,1
VID-161,Advanced Neural Architectures,Aleksa Gordić - The AI Epiphany,Vision Transformer (ViT) - An image is worth 16x16 words | Paper Explained,http://www.youtube.com/watch?v=j6kuz_NqkG0,24:57:00,47K+,Comprehensive Research Paper Reading,"Full paper markup, annotated attention rollout diagrams, inductive bias vs pretraining data graphs.",ViT scaling properties on JFT-300M dataset vs ImageNet pretraining.,A newborn baby with no built-in visual instincts needing millions of examples to learn visual physics.,"Meta AI vision models, autonomous robotics perception.","Deeply knowledgeable machine learning researcher voice, transparent paper highlighting, intellectual honesty.",Discuss inductive bias: explain why CNNs dominate on small data while ViTs win at internet scale.,89820,47000.0,"Title: Vision Transformer (ViT) - An image is worth 16x16 words | Paper Explained
Explanation: Comprehensive Research Paper Reading
Visuals: Full paper markup, annotated attention rollout diagrams, inductive bias vs pretraining data graphs.
Examples: ViT scaling properties on JFT-300M dataset vs ImageNet pretraining.
Analogies: A newborn baby with no built-in visual instincts needing millions of examples to learn visual physics.
Applications: Meta AI vision models, autonomous robotics perception.
Quality: Deeply knowledgeable machine learning researcher voice, transparent paper highlighting, intellectual honesty.
Takeaway: Discuss inductive bias: explain why CNNs dominate on small data while ViTs win at internet scale.",1,1,1,0,0,1
VID-162,Advanced Neural Architectures,Vizuara,"Graph Neural Networks (GNN) | Nodes, Edges, Adjacency Matrix, Message Passing",http://www.youtube.com/watch?v=m-pttXkgXrs,29:00:00,21K+,Foundational Graph Theory & Mathematical Walkthrough,"Adjacency matrices multiplied against node feature vectors, neighborhood aggregation trees.","Predicting chemical toxicity from molecular bond graphs (atoms as nodes, bonds as edges).",Passing notes in class: each student updates their note with secrets whispered by adjacent desks.,"Pharmaceutical chemistry, fraud ring detection in financial networks.","Methodical academic delivery, clean digital chalkboard equations, comprehensive derivations.",Show how the adjacency matrix represents graph topology algebraically before introducing neural weights.,104400,21000.0,"Title: Graph Neural Networks (GNN) | Nodes, Edges, Adjacency Matrix, Message Passing
Explanation: Foundational Graph Theory & Mathematical Walkthrough
Visuals: Adjacency matrices multiplied against node feature vectors, neighborhood aggregation trees.
Examples: Predicting chemical toxicity from molecular bond graphs (atoms as nodes, bonds as edges).
Analogies: Passing notes in class: each student updates their note with secrets whispered by adjacent desks.
Applications: Pharmaceutical chemistry, fraud ring detection in financial networks.
Quality: Methodical academic delivery, clean digital chalkboard equations, comprehensive derivations.
Takeaway: Show how the adjacency matrix represents graph topology algebraically before introducing neural weights.",1,1,1,1,0,1
VID-163,Advanced Neural Architectures,SandboxAQ,AI Explained - Graph Neural Networks | How AI Uses Graphs to Accelerate Innovation,http://www.youtube.com/watch?v=epVW0_iVBX8,03:24,4.8M+,Cinematic Corporate Science Visualization,Breathtaking 3D molecular protein structures glowing with message passing data packets.,Modeling quantum interactions and discovering new battery electrolytes.,A galactic constellation where gravitational pull depends on relational distances.,"Next-gen battery design, oncology drug synthesis.","Hollywood-grade documentary sound design and VFX, television-quality narration.","Show the immense real-world societal impact (clean energy, medicine) to create emotional resonance.",204,4800000.0,"Title: AI Explained - Graph Neural Networks | How AI Uses Graphs to Accelerate Innovation
Explanation: Cinematic Corporate Science Visualization
Visuals: Breathtaking 3D molecular protein structures glowing with message passing data packets.
Examples: Modeling quantum interactions and discovering new battery electrolytes.
Analogies: A galactic constellation where gravitational pull depends on relational distances.
Applications: Next-gen battery design, oncology drug synthesis.
Quality: Hollywood-grade documentary sound design and VFX, television-quality narration.
Takeaway: Show the immense real-world societal impact (clean energy, medicine) to create emotional resonance.",1,1,1,0,0,1
VID-164,Advanced Neural Architectures,Algorithmic Simplicity,MAMBA from Scratch: Neural Nets Better and Faster than Transformers,http://www.youtube.com/watch?v=N6Piou4oYx8,31:51:00,318K+,First-Principles Software Engineering,"Associative scan algorithm diagrams, GPU parallel prefix sum trees, hardware memory bandwidth charts.",Implementing Mamba selective state space scanning in pure Python and Triton.,A relay race where runners pass baton data without having to wait for the entire team to assemble.,"High-throughput audio generation, ultra-long context document analysis.","Top-tier developer presentation, elegant dark-theme slides, exceptionally lucid algorithmic breakdowns.",Explain the Parallel Associative Scan: show how an apparently sequential loop can be parallelized on GPUs.,114660,318000.0,"Title: MAMBA from Scratch: Neural Nets Better and Faster than Transformers
Explanation: First-Principles Software Engineering
Visuals: Associative scan algorithm diagrams, GPU parallel prefix sum trees, hardware memory bandwidth charts.
Examples: Implementing Mamba selective state space scanning in pure Python and Triton.
Analogies: A relay race where runners pass baton data without having to wait for the entire team to assemble.
Applications: High-throughput audio generation, ultra-long context document analysis.
Quality: Top-tier developer presentation, elegant dark-theme slides, exceptionally lucid algorithmic breakdowns.
Takeaway: Explain the Parallel Associative Scan: show how an apparently sequential loop can be parallelized on GPUs.",1,1,1,0,1,1
VID-165,Advanced Neural Architectures,Steve Brunton,Residual Networks (ResNet) [Physics Informed Machine Learning],http://www.youtube.com/watch?v=w1UsKanMatM,17:26,93K+,Engineering Mathematics & Dynamical Systems,"Euler integration discretization formulas, phase portrait flow lines, residual skip diagrams.",Modeling turbulent fluid dynamics and non-linear pendulum physics using deep ResNets.,Euler's method for differential equations: taking tiny incremental steps dx rather than jumping blindly.,"Aerospace flight simulation, climate modeling, deep neural stability.","Renowned engineering professor pedagogy, pristine whiteboard delivery, crystal-clear sound.",Connect deep neural network skip connections directly to numerical differential equations (Euler forward steps).,1046,93000.0,"Title: Residual Networks (ResNet) [Physics Informed Machine Learning]
Explanation: Engineering Mathematics & Dynamical Systems
Visuals: Euler integration discretization formulas, phase portrait flow lines, residual skip diagrams.
Examples: Modeling turbulent fluid dynamics and non-linear pendulum physics using deep ResNets.
Analogies: Euler's method for differential equations: taking tiny incremental steps dx rather than jumping blindly.
Applications: Aerospace flight simulation, climate modeling, deep neural stability.
Quality: Renowned engineering professor pedagogy, pristine whiteboard delivery, crystal-clear sound.
Takeaway: Connect deep neural network skip connections directly to numerical differential equations (Euler forward steps).",1,1,1,1,0,1
VID-166,Agentic AI & Multi-Agent Systems,Krish Naik,crewAI Crash Course For Beginners-How To Create Multi AI Agent For Complex Usecases,http://www.youtube.com/watch?v=UV81LAb3x2g,32:42:00,152K+,Practical Implementation Masterclass,"Architecture slides, VS Code setup, environment variables configuration, multi-agent execution output.",Creating an AI research analyst that searches DuckDuckGo and passes findings to a technical writer.,A media newsroom where the investigative journalist files field notes and the chief editor writes the headline.,"Automated SEO article generation, business intelligence tracking.","Clear conversational Indian English, step-by-step code progression, complete GitHub links.",Show the terminal thought log (Thought -> Action -> Action Input -> Observation) in real time.,117720,152000.0,"Title: crewAI Crash Course For Beginners-How To Create Multi AI Agent For Complex Usecases
Explanation: Practical Implementation Masterclass
Visuals: Architecture slides, VS Code setup, environment variables configuration, multi-agent execution output.
Examples: Creating an AI research analyst that searches DuckDuckGo and passes findings to a technical writer.
Analogies: A media newsroom where the investigative journalist files field notes and the chief editor writes the headline.
Applications: Automated SEO article generation, business intelligence tracking.
Quality: Clear conversational Indian English, step-by-step code progression, complete GitHub links.
Takeaway: Show the terminal thought log (Thought -> Action -> Action Input -> Observation) in real time.",1,1,1,0,1,1
VID-167,Agentic AI & Multi-Agent Systems,CrewAI,Getting Started with CrewAI Open Source,http://www.youtube.com/watch?v=-kSOTtYzgEw,14:21,82K+,Official Framework Quickstart,"CLI initialization commands, agent role definition YAML files, workflow execution graphs.",Setting up a sequential multi-agent task pipeline in under 10 lines of configuration.,Hiring a remote freelance team with strict milestone deliverables.,"Enterprise workflow automation, customer outreach qualification.","Official product polish, clean screencasts, direct-from-maintainers guidance.",Provide simple CLI scaffolding (crewai create crew) so beginners can start without boilerplate fatigue.,861,82000.0,"Title: Getting Started with CrewAI Open Source
Explanation: Official Framework Quickstart
Visuals: CLI initialization commands, agent role definition YAML files, workflow execution graphs.
Examples: Setting up a sequential multi-agent task pipeline in under 10 lines of configuration.
Analogies: Hiring a remote freelance team with strict milestone deliverables.
Applications: Enterprise workflow automation, customer outreach qualification.
Quality: Official product polish, clean screencasts, direct-from-maintainers guidance.
Takeaway: Provide simple CLI scaffolding (crewai create crew) so beginners can start without boilerplate fatigue.",1,1,1,0,0,1
VID-168,Agentic AI & Multi-Agent Systems,LangChain,LangGraph: Multi-Agent Workflows,http://www.youtube.com/watch?v=hvAPnpSfSGo,24:02:00,164K+,Primary Source Framework Deep Dive,"StateGraph diagrams with conditional router functions, agent collaboration topologies.","Collaborative multi-agent software engineering team (Product Manager, Coder, QA Engineer).",A scrum sprint meeting where tasks bounce back between QA and developers until all tickets pass.,"Autonomous software development, complex compliance auditing.","Authoritative LangChain core developer delivery, high-resolution code capture, clear flowcharts.",Show how state is passed explicitly via typed Python dictionaries across graph nodes.,86520,164000.0,"Title: LangGraph: Multi-Agent Workflows
Explanation: Primary Source Framework Deep Dive
Visuals: StateGraph diagrams with conditional router functions, agent collaboration topologies.
Examples: Collaborative multi-agent software engineering team (Product Manager, Coder, QA Engineer).
Analogies: A scrum sprint meeting where tasks bounce back between QA and developers until all tickets pass.
Applications: Autonomous software development, complex compliance auditing.
Quality: Authoritative LangChain core developer delivery, high-resolution code capture, clear flowcharts.
Takeaway: Show how state is passed explicitly via typed Python dictionaries across graph nodes.",1,1,1,0,1,1
VID-169,Agentic AI & Multi-Agent Systems,AI Bites,Multi Agent Systems - a complete guide with hands-on using LangGraph,http://www.youtube.com/watch?v=RXOvZIn-oSA,52:23:00,24K+,In-Depth Architectural Masterclass,"Agent design patterns (Hierarchical Supervisor, Network, Collaboration), live debugging in VS Code.",Building a Supervisor Agent that delegates subtasks to research and calculation sub-agents.,A corporate manager routing incoming customer requests to specialized accounting or legal staff.,"Enterprise customer service triage, automated financial research reports.","Pristine developer audio, comprehensive multi-stage build, detailed code walkthrough.",Diagram the Supervisor pattern: show the router evaluating agent completion before finalizing answers.,188580,24000.0,"Title: Multi Agent Systems - a complete guide with hands-on using LangGraph
Explanation: In-Depth Architectural Masterclass
Visuals: Agent design patterns (Hierarchical Supervisor, Network, Collaboration), live debugging in VS Code.
Examples: Building a Supervisor Agent that delegates subtasks to research and calculation sub-agents.
Analogies: A corporate manager routing incoming customer requests to specialized accounting or legal staff.
Applications: Enterprise customer service triage, automated financial research reports.
Quality: Pristine developer audio, comprehensive multi-stage build, detailed code walkthrough.
Takeaway: Diagram the Supervisor pattern: show the router evaluating agent completion before finalizing answers.",1,1,1,0,1,1
VID-170,Agentic AI & Multi-Agent Systems,MadeForCloud,Understand Microsoft AutoGen 0.4 with a Mini Project,http://www.youtube.com/watch?v=V3pYAAWKET0,19:55,13K+,Framework Upgrade & Architecture Guide,"AutoGen 0.4 asynchronous event-driven architecture diagrams, Python code demonstration.",Building an asynchronous customer support team with specialized agent handlers.,An asynchronous message queue (like Slack channels) where agents collaborate when messages arrive.,"Scalable enterprise agent systems, event-driven AI services.","Clear instructional narration, focused code examples, structured chapters.",Highlight asynchronous message routing as the foundation for scalable multi-agent production systems.,1195,13000.0,"Title: Understand Microsoft AutoGen 0.4 with a Mini Project
Explanation: Framework Upgrade & Architecture Guide
Visuals: AutoGen 0.4 asynchronous event-driven architecture diagrams, Python code demonstration.
Examples: Building an asynchronous customer support team with specialized agent handlers.
Analogies: An asynchronous message queue (like Slack channels) where agents collaborate when messages arrive.
Applications: Scalable enterprise agent systems, event-driven AI services.
Quality: Clear instructional narration, focused code examples, structured chapters.
Takeaway: Highlight asynchronous message routing as the foundation for scalable multi-agent production systems.",1,1,1,0,1,1
VID-171,Agentic AI & Multi-Agent Systems,Mayank Aggarwal,Microsoft Autogen Crash Course | Beginner Friendly,http://www.youtube.com/watch?v=ISHEQNUpwTs,03:59:41,13K+,Exhaustive Coding Bootcamp,"Multi-agent conversation loops, code execution sandboxes, human-in-the-loop input prompts.","Building stock analysis bots, coding assistants, and automated data plotting pipelines.",A virtual engineering department working 24/7 inside your local machine.,"Automated report creation, algorithmic trading prototyping.","Thorough step-by-step developer tutorial, clear code demonstrations, timestamped chapters.",Demonstrate the execution safety implications: show why Docker sandboxing is mandatory for agent code runners.,14381,13000.0,"Title: Microsoft Autogen Crash Course | Beginner Friendly
Explanation: Exhaustive Coding Bootcamp
Visuals: Multi-agent conversation loops, code execution sandboxes, human-in-the-loop input prompts.
Examples: Building stock analysis bots, coding assistants, and automated data plotting pipelines.
Analogies: A virtual engineering department working 24/7 inside your local machine.
Applications: Automated report creation, algorithmic trading prototyping.
Quality: Thorough step-by-step developer tutorial, clear code demonstrations, timestamped chapters.
Takeaway: Demonstrate the execution safety implications: show why Docker sandboxing is mandatory for agent code runners.",1,1,1,0,1,1
VID-172,Agentic AI & Multi-Agent Systems,9x,MCP Explained in 2 Minutes (Model Context Protocol),http://www.youtube.com/watch?v=taeX8tgpPRQ,02:28,44K+,Ultra-Fast Concept Distillation,Animated graphics of messy API connections collapsing into clean standardized MCP lines.,Connecting Claude Desktop to a local file system and GitHub in 2 clicks.,"Bluetooth: one wireless protocol that connects to headphones, keyboards, and mice indiscriminately.","Developer desktop workflows, automated tool integrations.","High-tempo, punchy voiceover, vibrant clean animation, zero fluff.",Deliver the core concept and architectural analogy in under 120 seconds for maximum virality.,148,44000.0,"Title: MCP Explained in 2 Minutes (Model Context Protocol)
Explanation: Ultra-Fast Concept Distillation
Visuals: Animated graphics of messy API connections collapsing into clean standardized MCP lines.
Examples: Connecting Claude Desktop to a local file system and GitHub in 2 clicks.
Analogies: Bluetooth: one wireless protocol that connects to headphones, keyboards, and mice indiscriminately.
Applications: Developer desktop workflows, automated tool integrations.
Quality: High-tempo, punchy voiceover, vibrant clean animation, zero fluff.
Takeaway: Deliver the core concept and architectural analogy in under 120 seconds for maximum virality.",1,1,1,0,0,1
VID-173,Agentic AI & Multi-Agent Systems,IBM Technology,What is MCP? Integrate AI Agents with Databases & APIs,http://www.youtube.com/watch?v=eur8dUO9mvE,03:46,696K+,High-Impact Enterprise Lightboard,Sketches on glass showing the client-server architecture of Model Context Protocol.,Allowing an LLM agent to securely query internal enterprise PostgreSQL databases.,Standardized database drivers (like ODBC or JDBC) that let any application talk to any database.,"Corporate security boundaries, enterprise tool orchestration.","Studio lightboard perfection, luminous marker diagrams, authoritative presentation.",Draw the security isolation boundary to show why enterprise IT prefers MCP over direct API keys.,226,696000.0,"Title: What is MCP? Integrate AI Agents with Databases & APIs
Explanation: High-Impact Enterprise Lightboard
Visuals: Sketches on glass showing the client-server architecture of Model Context Protocol.
Examples: Allowing an LLM agent to securely query internal enterprise PostgreSQL databases.
Analogies: Standardized database drivers (like ODBC or JDBC) that let any application talk to any database.
Applications: Corporate security boundaries, enterprise tool orchestration.
Quality: Studio lightboard perfection, luminous marker diagrams, authoritative presentation.
Takeaway: Draw the security isolation boundary to show why enterprise IT prefers MCP over direct API keys.",1,1,1,0,0,1
VID-174,Agentic AI & Multi-Agent Systems,All About AI,AI Agents 101 Masterclass | Tool Use - Function Calling,http://www.youtube.com/watch?v=ODUN-XTEzvQ,21:13,22K+,Comprehensive Applied Workshop,"Screen captures of OpenAI and Anthropic tool call requests, JSON schema parameters, return payloads.",Teaching an AI to query live stock market APIs and weather feeds.,Giving a smart assistant a telephone directory and telling them when to call each number.,"Autonomous scheduling bots, finance research assistants.","Clear developer audio, high-resolution IDE displays, practical step-by-step pedagogy.",Demystify tool hallucination: show how Pydantic type validation forces LLMs to follow strict schemas.,1273,22000.0,"Title: AI Agents 101 Masterclass | Tool Use - Function Calling
Explanation: Comprehensive Applied Workshop
Visuals: Screen captures of OpenAI and Anthropic tool call requests, JSON schema parameters, return payloads.
Examples: Teaching an AI to query live stock market APIs and weather feeds.
Analogies: Giving a smart assistant a telephone directory and telling them when to call each number.
Applications: Autonomous scheduling bots, finance research assistants.
Quality: Clear developer audio, high-resolution IDE displays, practical step-by-step pedagogy.
Takeaway: Demystify tool hallucination: show how Pydantic type validation forces LLMs to follow strict schemas.",1,1,1,0,0,1
VID-175,Agentic AI & Multi-Agent Systems,NeuralCanvas,Tool Use & Function Calling Explained | How AI Agents Actually Get Things Done,http://www.youtube.com/watch?v=W3KjQp4hiSs,08:01,184,Foundational Conceptual Animation,Loop animations illustrating Model Thinking -> Emitting Tool JSON -> External Python Runner -> Appending Observation.,A calculator tool invocation resolving complex compound interest math.,A human using a pocket calculator to verify arithmetic instead of guessing in their head.,"Enterprise automated reporting, algorithmic customer support workflows.","Clean modern aesthetics, balanced voiceover, structured conceptual breakdowns.",Show the exact 4-step execution loop so viewers understand the division of labor between LLM and Python runtime.,481,184.0,"Title: Tool Use & Function Calling Explained | How AI Agents Actually Get Things Done
Explanation: Foundational Conceptual Animation
Visuals: Loop animations illustrating Model Thinking -> Emitting Tool JSON -> External Python Runner -> Appending Observation.
Examples: A calculator tool invocation resolving complex compound interest math.
Analogies: A human using a pocket calculator to verify arithmetic instead of guessing in their head.
Applications: Enterprise automated reporting, algorithmic customer support workflows.
Quality: Clean modern aesthetics, balanced voiceover, structured conceptual breakdowns.
Takeaway: Show the exact 4-step execution loop so viewers understand the division of labor between LLM and Python runtime.",1,1,1,0,1,1
VID-176,Advanced Retrieval & Search,AI Papers Podcast,Ep 20. ColBERT: Efficient and Effective Passage Search,http://www.youtube.com/watch?v=n7ceMYV_69o,06:33,2.2K+,Audio-Visual Paper Analysis,Paper architecture tables comparing dense retrieval vs cross-encoder latency and accuracy.,Scoring search passages using contextualized token representations with late interaction dot products.,Reviewing an applicant's resume bullet-by-bullet rather than glancing at their overall GPA.,"Search engine query retrieval, high-stakes enterprise search.","Clean podcast voice, focused architectural slide highlights, concise summary.",Highlight the trade-off: ColBERT achieves cross-encoder accuracy with bi-encoder retrieval latency.,393,2200.0,"Title: Ep 20. ColBERT: Efficient and Effective Passage Search
Explanation: Audio-Visual Paper Analysis
Visuals: Paper architecture tables comparing dense retrieval vs cross-encoder latency and accuracy.
Examples: Scoring search passages using contextualized token representations with late interaction dot products.
Analogies: Reviewing an applicant's resume bullet-by-bullet rather than glancing at their overall GPA.
Applications: Search engine query retrieval, high-stakes enterprise search.
Quality: Clean podcast voice, focused architectural slide highlights, concise summary.
Takeaway: Highlight the trade-off: ColBERT achieves cross-encoder accuracy with bi-encoder retrieval latency.",1,1,1,0,1,1
VID-177,Advanced Retrieval & Search,Hamel Husain,Late Interaction Beats Single Vectors For RAG,http://www.youtube.com/watch?v=1x3k0V2IITo,35:49:00,2.0K+,Pragmatic Engineering Teardown,"PyLate code demonstration, vector storage footprints, retrieval precision benchmark graphs.",Evaluating complex domain search where single-vector embeddings collapse keyword subtleties.,Packing items in separate luggage pouches rather than blending everything into a single smoothie.,"Production RAG optimization, search over technical specifications.","Top-tier practitioner authority, unvarnished real-world evaluation, live coding.",Show the vector storage footprint tradeoffs: token-level embeddings require more disk storage but provide higher precision.,128940,2000.0,"Title: Late Interaction Beats Single Vectors For RAG
Explanation: Pragmatic Engineering Teardown
Visuals: PyLate code demonstration, vector storage footprints, retrieval precision benchmark graphs.
Examples: Evaluating complex domain search where single-vector embeddings collapse keyword subtleties.
Analogies: Packing items in separate luggage pouches rather than blending everything into a single smoothie.
Applications: Production RAG optimization, search over technical specifications.
Quality: Top-tier practitioner authority, unvarnished real-world evaluation, live coding.
Takeaway: Show the vector storage footprint tradeoffs: token-level embeddings require more disk storage but provide higher precision.",1,1,1,0,1,1
VID-178,Advanced Retrieval & Search,SkillAgents AI,Hybrid Search for RAG: BM25 + Vector Search Explained,http://www.youtube.com/watch?v=nA3j1jaQAxo,08:12,939,Practical Systems Architecture Guide,"Sparse vector vs dense vector representation matrices, reciprocal rank fusion pipeline.",Searching an internal legal repository for specific statute numbers and broad legal precedents.,Using both eyeglasses for fine print reading and binoculars for wide scenic views.,"Legal case law research, medical diagnostic literature indexing.","Clear instructional delivery, high-contrast dark-mode graphics, concise runtime.","Provide clear guidelines on when dense search fails (rare acronyms, codes) to justify hybrid pipelines.",492,939.0,"Title: Hybrid Search for RAG: BM25 + Vector Search Explained
Explanation: Practical Systems Architecture Guide
Visuals: Sparse vector vs dense vector representation matrices, reciprocal rank fusion pipeline.
Examples: Searching an internal legal repository for specific statute numbers and broad legal precedents.
Analogies: Using both eyeglasses for fine print reading and binoculars for wide scenic views.
Applications: Legal case law research, medical diagnostic literature indexing.
Quality: Clear instructional delivery, high-contrast dark-mode graphics, concise runtime.
Takeaway: Provide clear guidelines on when dense search fails (rare acronyms, codes) to justify hybrid pipelines.",1,1,1,0,1,1
VID-179,Advanced Retrieval & Search,Tejas Kumar,BM25 Algorithm and Hybrid Search: AI Explained,http://www.youtube.com/watch?v=lD3_VF5bmWg,09:45,11K+,Mathematical Intuition & Practical Code,BM25 term saturation curve plots comparing standard TF with BM25 logarithmic dampening.,Ranking documents where a query term appears 1 time vs 100 times.,"Diminishing returns: eating one slice of pizza is great, eating 50 slices doesn't make you 50 times happier.","Elasticsearch, OpenSearch, production enterprise retrieval.","Charismatic presentation, clear technical visuals, highly articulate pedagogy.",Visually show term frequency saturation to explain why BM25 outperforms basic TF-IDF.,585,11000.0,"Title: BM25 Algorithm and Hybrid Search: AI Explained
Explanation: Mathematical Intuition & Practical Code
Visuals: BM25 term saturation curve plots comparing standard TF with BM25 logarithmic dampening.
Examples: Ranking documents where a query term appears 1 time vs 100 times.
Analogies: Diminishing returns: eating one slice of pizza is great, eating 50 slices doesn't make you 50 times happier.
Applications: Elasticsearch, OpenSearch, production enterprise retrieval.
Quality: Charismatic presentation, clear technical visuals, highly articulate pedagogy.
Takeaway: Visually show term frequency saturation to explain why BM25 outperforms basic TF-IDF.",1,1,1,1,1,1
VID-180,Advanced Retrieval & Search,IBM Technology,Context Engineering vs. Prompt Engineering: Smarter AI with RAG & Agents,http://www.youtube.com/watch?v=vD0E3EUb8-8,07:52,245K+,Strategic Lightboard Architecture,"Sketches on glass comparing prompt instructions, dynamic memory, retrieval context, and tool schemas.",Designing the complete context window for an enterprise financial analyst assistant.,Prompting is giving instructions; Context engineering is organizing the entire desk with all needed reference files.,"Enterprise generative AI architecture, long-context window management.","Top-tier studio recording, vibrant marker contrast, authoritative delivery.",Shift the mental model from 'writing clever prompts' to 'curating structured context packets'.,472,245000.0,"Title: Context Engineering vs. Prompt Engineering: Smarter AI with RAG & Agents
Explanation: Strategic Lightboard Architecture
Visuals: Sketches on glass comparing prompt instructions, dynamic memory, retrieval context, and tool schemas.
Examples: Designing the complete context window for an enterprise financial analyst assistant.
Analogies: Prompting is giving instructions; Context engineering is organizing the entire desk with all needed reference files.
Applications: Enterprise generative AI architecture, long-context window management.
Quality: Top-tier studio recording, vibrant marker contrast, authoritative delivery.
Takeaway: Shift the mental model from 'writing clever prompts' to 'curating structured context packets'.",1,1,1,0,0,1
VID-181,LLM Systems & Inference Optimization,Umar Jamil,"Direct Preference Optimization (DPO) explained: Bradley-Terry model, log probabilities, math",http://www.youtube.com/watch?v=hvGa5Mba4c8,48:46:00,39K+,Rigorous Mathematical Paper Derivation,"Detailed blackboard derivations of the Bradley-Terry preference model, algebraic reparameterization.",Deriving the exact DPO gradient update formula with mathematical proof.,Rewriting a physics equation in a new coordinate system that makes the differential equations trivially solvable.,State-of-the-art open-source LLM post-training alignment.,"Legendary machine learning educator rigor, calm and methodical math instruction, crystal-clear whiteboard.",Work through the algebraic substitution that cancels out the partition function Z(x) to prove why DPO is genius.,175560,39000.0,"Title: Direct Preference Optimization (DPO) explained: Bradley-Terry model, log probabilities, math
Explanation: Rigorous Mathematical Paper Derivation
Visuals: Detailed blackboard derivations of the Bradley-Terry preference model, algebraic reparameterization.
Examples: Deriving the exact DPO gradient update formula with mathematical proof.
Analogies: Rewriting a physics equation in a new coordinate system that makes the differential equations trivially solvable.
Applications: State-of-the-art open-source LLM post-training alignment.
Quality: Legendary machine learning educator rigor, calm and methodical math instruction, crystal-clear whiteboard.
Takeaway: Work through the algebraic substitution that cancels out the partition function Z(x) to prove why DPO is genius.",1,1,1,1,0,1
VID-182,LLM Systems & Inference Optimization,Tales Of Tensors,Flash Attention: The Fastest Attention Mechanism?,http://www.youtube.com/watch?v=eJn6zsbrqUM,08:43,14K+,Systems & GPU Memory Architecture,"GPU memory layout blocks (SRAM vs HBM), block tiling matrices, online softmax math.",Reducing quadratic O(N^2) memory read/writes to linear O(N) GPU memory bandwidth.,Doing your math scratchwork on a whiteboard right next to you rather than writing it in a notebook in another building.,"Accelerating LLM training clusters, enabling 1M-token context inference.","Clear developer audio, high-density diagrams, concise 8-minute explanation.",Explain Online Softmax: show how you can compute softmax in blocks without needing the full row maximum upfront.,523,14000.0,"Title: Flash Attention: The Fastest Attention Mechanism?
Explanation: Systems & GPU Memory Architecture
Visuals: GPU memory layout blocks (SRAM vs HBM), block tiling matrices, online softmax math.
Examples: Reducing quadratic O(N^2) memory read/writes to linear O(N) GPU memory bandwidth.
Analogies: Doing your math scratchwork on a whiteboard right next to you rather than writing it in a notebook in another building.
Applications: Accelerating LLM training clusters, enabling 1M-token context inference.
Quality: Clear developer audio, high-density diagrams, concise 8-minute explanation.
Takeaway: Explain Online Softmax: show how you can compute softmax in blocks without needing the full row maximum upfront.",1,1,1,0,0,1
VID-183,LLM Systems & Inference Optimization,Machine Learning Studio,FlashAttention: Accelerate LLM training,http://www.youtube.com/watch?v=LKwyHWYEIMQ,11:27,15K+,Hardware-Aware Algorithm Deep Dive,Animated memory transfer pipelines between GPU compute cores and high-bandwidth memory.,Training GPT-style models at scale on Nvidia A100 and H100 clusters.,Eliminating traffic jams on the highway between memory storage and processing factories.,Cloud AI data center training cost reduction.,"Crisp instructional presentation, clean slide diagrams, focused flow.","Highlight that modern AI acceleration is an IO (Input/Output) problem, not an arithmetic compute problem.",687,15000.0,"Title: FlashAttention: Accelerate LLM training
Explanation: Hardware-Aware Algorithm Deep Dive
Visuals: Animated memory transfer pipelines between GPU compute cores and high-bandwidth memory.
Examples: Training GPT-style models at scale on Nvidia A100 and H100 clusters.
Analogies: Eliminating traffic jams on the highway between memory storage and processing factories.
Applications: Cloud AI data center training cost reduction.
Quality: Crisp instructional presentation, clean slide diagrams, focused flow.
Takeaway: Highlight that modern AI acceleration is an IO (Input/Output) problem, not an arithmetic compute problem.",1,1,1,0,0,1
VID-184,LLM Systems & Inference Optimization,AssemblyAI,What is Speculative Sampling? | Boosting LLM inference speed,http://www.youtube.com/watch?v=2ouqE9g6oeM,06:18,4.2K+,Motion Graphics Algorithm Primer,"Animated timeline of token speculation trees, acceptance/rejection sampling probability bars.","Using a tiny 100M parameter model to draft common grammar words ('in the', 'of a') for a 70B model.",A fast typist predicting common phrase completions while a thoughtful editor signs off on the text.,Voice AI agents requiring sub-200ms latency responses.,"High-production animation, clean audio, punchy 6-minute explanation.","Show how speculation works best on predictable tokens (grammar, stop words) where acceptance rates reach 80%.",378,4200.0,"Title: What is Speculative Sampling? | Boosting LLM inference speed
Explanation: Motion Graphics Algorithm Primer
Visuals: Animated timeline of token speculation trees, acceptance/rejection sampling probability bars.
Examples: Using a tiny 100M parameter model to draft common grammar words ('in the', 'of a') for a 70B model.
Analogies: A fast typist predicting common phrase completions while a thoughtful editor signs off on the text.
Applications: Voice AI agents requiring sub-200ms latency responses.
Quality: High-production animation, clean audio, punchy 6-minute explanation.
Takeaway: Show how speculation works best on predictable tokens (grammar, stop words) where acceptance rates reach 80%.",1,1,1,0,0,1
VID-185,LLM Systems & Inference Optimization,Efficient NLP,Speculative Decoding: When Two LLMs are Faster than One,http://www.youtube.com/watch?v=S-8yr_RibJ4,12:46,37K+,Engineering Deep Dive & Acceptance Math,"Acceptance rate formulas, probability ratio clipping, GPU memory bandwidth throughput comparisons.",Benchmarking token generation latency across code completion and narrative writing tasks.,"A tandem bicycle: one fast pedaler setting the cadence, one powerful rider steering the direction.",GitHub Copilot code autocomplete speedups.,"Clear instructional audio, high-density diagrams, structured engineering benchmarks.",Provide empirical benchmarks showing how domain alignment between draft and target models affects acceptance rate.,766,37000.0,"Title: Speculative Decoding: When Two LLMs are Faster than One
Explanation: Engineering Deep Dive & Acceptance Math
Visuals: Acceptance rate formulas, probability ratio clipping, GPU memory bandwidth throughput comparisons.
Examples: Benchmarking token generation latency across code completion and narrative writing tasks.
Analogies: A tandem bicycle: one fast pedaler setting the cadence, one powerful rider steering the direction.
Applications: GitHub Copilot code autocomplete speedups.
Quality: Clear instructional audio, high-density diagrams, structured engineering benchmarks.
Takeaway: Provide empirical benchmarks showing how domain alignment between draft and target models affects acceptance rate.",1,1,1,1,1,1
VID-186,LLM Systems & Inference Optimization,Red Hat,Optimize LLM inference with vLLM,http://www.youtube.com/watch?v=lxjWiVuK5cA,06:13,19K+,Enterprise Open-Source Infrastructure,"Architecture slides of PagedAttention, continuous batching scheduler, GPU memory utilization graphs.",Deploying Llama 3 models on enterprise Kubernetes clusters with vLLM serving.,A restaurant maitre d' continuously seating single diners as chairs open up rather than waiting for giant tables to clear.,"Private enterprise LLM API hosting, cutting cloud infrastructure costs.","Professional enterprise presentation, clean graphics, direct architectural value.",Contrast static batching (waiting for all requests to finish) with continuous batching (dynamic iteration-level scheduling).,373,19000.0,"Title: Optimize LLM inference with vLLM
Explanation: Enterprise Open-Source Infrastructure
Visuals: Architecture slides of PagedAttention, continuous batching scheduler, GPU memory utilization graphs.
Examples: Deploying Llama 3 models on enterprise Kubernetes clusters with vLLM serving.
Analogies: A restaurant maitre d' continuously seating single diners as chairs open up rather than waiting for giant tables to clear.
Applications: Private enterprise LLM API hosting, cutting cloud infrastructure costs.
Quality: Professional enterprise presentation, clean graphics, direct architectural value.
Takeaway: Contrast static batching (waiting for all requests to finish) with continuous batching (dynamic iteration-level scheduling).",1,1,1,0,0,1
VID-187,LLM Systems & Inference Optimization,KodeKloud,How the vLLM inference engine works?,http://www.youtube.com/watch?v=5Y_JM6C9xOA,02:54,179K+,Ultra-Fast Visual Animation,Dynamic animations of memory fragmentation being eliminated by PagedAttention block tables.,Eliminating up to 80% wasted memory in GPU KV caching.,Tetris: neatly packing falling blocks into every gap instead of leaving massive hollow spaces.,High-concurrency chatbot serving on cloud GPUs.,"Modern tech animation, punchy voiceover, under 3 minutes runtime.",Use the Tetris packing analogy to visually demonstrate why memory fragmentation kills GPU serving capacity.,174,179000.0,"Title: How the vLLM inference engine works?
Explanation: Ultra-Fast Visual Animation
Visuals: Dynamic animations of memory fragmentation being eliminated by PagedAttention block tables.
Examples: Eliminating up to 80% wasted memory in GPU KV caching.
Analogies: Tetris: neatly packing falling blocks into every gap instead of leaving massive hollow spaces.
Applications: High-concurrency chatbot serving on cloud GPUs.
Quality: Modern tech animation, punchy voiceover, under 3 minutes runtime.
Takeaway: Use the Tetris packing analogy to visually demonstrate why memory fragmentation kills GPU serving capacity.",1,1,1,0,0,1
VID-188,LLM Systems & Inference Optimization,AI Coffee Break with Letitia,What is LoRA? Low-Rank Adaptation for finetuning LLMs EXPLAINED,http://www.youtube.com/watch?v=KEv-F5UkhxU,08:22,108K+,Mathematical Paper Deconstruction,"Matrix rank factorization diagrams: d x k decomposed into d x r and r x k where r << min(d, k).",Fine-tuning a 175B model with rank 4 adapters using only 35MB of adapter weights.,Writing notes in pencil in the margin of an expensive encyclopedia rather than reprinting the entire encyclopedia.,"Multi-tenant personalized AI models, edge device model customization.","Gentle, clear voiceover, pleasing visual aesthetic, elegant mathematical animations.",Show that the low intrinsic dimension of model updates means you don't need full-rank matrices to adapt knowledge.,502,108000.0,"Title: What is LoRA? Low-Rank Adaptation for finetuning LLMs EXPLAINED
Explanation: Mathematical Paper Deconstruction
Visuals: Matrix rank factorization diagrams: d x k decomposed into d x r and r x k where r << min(d, k).
Examples: Fine-tuning a 175B model with rank 4 adapters using only 35MB of adapter weights.
Analogies: Writing notes in pencil in the margin of an expensive encyclopedia rather than reprinting the entire encyclopedia.
Applications: Multi-tenant personalized AI models, edge device model customization.
Quality: Gentle, clear voiceover, pleasing visual aesthetic, elegant mathematical animations.
Takeaway: Show that the low intrinsic dimension of model updates means you don't need full-rank matrices to adapt knowledge.",1,1,1,1,0,1
VID-189,LLM Systems & Inference Optimization,Umar Jamil,LoRA: Low-Rank Adaptation of Large Language Models - Explained visually + PyTorch code,http://www.youtube.com/watch?v=PXWYUTMt-AU,26:55:00,56K+,Deep Theory & PyTorch Code Implementation,Digital blackboard math derivations alongside line-by-line PyTorch LoRALinear layer coding.,Injecting trainable low-rank matrices into attention Query and Value weight projections.,Adding high-precision custom lenses over an existing telescope.,Enterprise domain adaptation on single consumer graphics cards.,"Master-level engineering instruction, crystal-clear code screencasts, deep pedagogical clarity.",Implement LoRALinear from scratch in PyTorch to prove that LoRA is mathematically just W + (B @ A) * scale.,96900,56000.0,"Title: LoRA: Low-Rank Adaptation of Large Language Models - Explained visually + PyTorch code
Explanation: Deep Theory & PyTorch Code Implementation
Visuals: Digital blackboard math derivations alongside line-by-line PyTorch LoRALinear layer coding.
Examples: Injecting trainable low-rank matrices into attention Query and Value weight projections.
Analogies: Adding high-precision custom lenses over an existing telescope.
Applications: Enterprise domain adaptation on single consumer graphics cards.
Quality: Master-level engineering instruction, crystal-clear code screencasts, deep pedagogical clarity.
Takeaway: Implement LoRALinear from scratch in PyTorch to prove that LoRA is mathematically just W + (B @ A) * scale.",1,1,1,1,1,1
VID-190,LLM Systems & Inference Optimization,Wes Roth,LoRA - Low-rank Adaption of AI Large Language Models: LoRA and QLoRA Explained Simply,http://www.youtube.com/watch?v=lixMONUAjfs,04:38,84K+,Fast Pragmatic Overview,Diagrams contrasting Full Fine-Tuning vs LoRA vs QLoRA (4-bit NormalFloat precision).,Fine-tuning 65B parameter models on a single 48GB GPU using QLoRA.,Freezing the giant main body of a sculpture and only hand-carving the surface accessories.,Open-source fine-tuning revolution (Hugging Face PEFT).,"High-energy creator presentation, clear slide overlays, concise and punchy delivery.","Contrast Full Fine-Tuning, LoRA, and QLoRA in a 3-column table comparing VRAM requirements.",278,84000.0,"Title: LoRA - Low-rank Adaption of AI Large Language Models: LoRA and QLoRA Explained Simply
Explanation: Fast Pragmatic Overview
Visuals: Diagrams contrasting Full Fine-Tuning vs LoRA vs QLoRA (4-bit NormalFloat precision).
Examples: Fine-tuning 65B parameter models on a single 48GB GPU using QLoRA.
Analogies: Freezing the giant main body of a sculpture and only hand-carving the surface accessories.
Applications: Open-source fine-tuning revolution (Hugging Face PEFT).
Quality: High-energy creator presentation, clear slide overlays, concise and punchy delivery.
Takeaway: Contrast Full Fine-Tuning, LoRA, and QLoRA in a 3-column table comparing VRAM requirements.",1,1,1,0,0,1
VID-191,Computer Vision & Multimodal AI,AGI Lambda,Let's Visualize How YOLO Works,http://www.youtube.com/watch?v=BRS9bEP8rhA,06:01,45K+,3D Kinetic Motion Animation,"Stunning 3D vector animations showing image splitting into 7x7 grid cells, anchor box projections, Non-Max Suppression.","Detecting dogs, bicycles, and cars in a single image with bounding box confidence scores.",A security guard who spots every suspicious person in a single room scan without inspecting one by one.,"Traffic flow monitoring, sports athlete tracking.","Exceptional 3D geometric animation, clean soundtrack, smooth visual transitions.",Visually animate Non-Max Suppression (NMS) to show how overlapping candidate boxes are pruned down to the best one.,361,45000.0,"Title: Let's Visualize How YOLO Works
Explanation: 3D Kinetic Motion Animation
Visuals: Stunning 3D vector animations showing image splitting into 7x7 grid cells, anchor box projections, Non-Max Suppression.
Examples: Detecting dogs, bicycles, and cars in a single image with bounding box confidence scores.
Analogies: A security guard who spots every suspicious person in a single room scan without inspecting one by one.
Applications: Traffic flow monitoring, sports athlete tracking.
Quality: Exceptional 3D geometric animation, clean soundtrack, smooth visual transitions.
Takeaway: Visually animate Non-Max Suppression (NMS) to show how overlapping candidate boxes are pruned down to the best one.",1,1,1,0,0,1
VID-192,Computer Vision & Multimodal AI,DeepBean,How YOLO Object Detection Works,http://www.youtube.com/watch?v=svn9-xV7wjk,17:04,160K+,Rigorous Algorithmic Walkthrough,"Bounding box coordinates math (tx, ty, tw, th), anchor box IoU calculations, loss function terms.",Predicting multi-class probabilities across multiple overlapping anchor boxes per cell.,A soccer referee tracking all 22 players simultaneously on the field.,"Retail store automated checkout, drone search and rescue.","Calm, detailed academic delivery, clear slide illustrations, methodical pace.","Break down the YOLO loss function into its 3 components: coordinate loss, objectness loss, and classification loss.",1024,160000.0,"Title: How YOLO Object Detection Works
Explanation: Rigorous Algorithmic Walkthrough
Visuals: Bounding box coordinates math (tx, ty, tw, th), anchor box IoU calculations, loss function terms.
Examples: Predicting multi-class probabilities across multiple overlapping anchor boxes per cell.
Analogies: A soccer referee tracking all 22 players simultaneously on the field.
Applications: Retail store automated checkout, drone search and rescue.
Quality: Calm, detailed academic delivery, clear slide illustrations, methodical pace.
Takeaway: Break down the YOLO loss function into its 3 components: coordinate loss, objectness loss, and classification loss.",1,1,1,0,0,1
VID-193,Computer Vision & Multimodal AI,No Hype AI,Segment Anything Paper Explained: New Foundation Model From Meta AI Is Impressive!,http://www.youtube.com/watch?v=JUMmqX-EHMY,06:16,15K+,Critical Paper Review & Data Engine,"Meta SA-1B dataset statistics, model architecture split: Heavy Image Encoder (ViT) vs Fast Prompt Decoder.",Interactive browser segmentation running in real time at 50ms per prompt.,"A master cartographer pre-mapping the entire continent once, allowing tourists to pinpoint cities instantly.","Data annotation pipelines, AR smart glasses interaction.","Crisp modern editing, clear voiceover, focused 6-minute analysis.",Highlight the architectural split: running the heavy image encoder once allows real-time interactive prompting in browser.,376,15000.0,"Title: Segment Anything Paper Explained: New Foundation Model From Meta AI Is Impressive!
Explanation: Critical Paper Review & Data Engine
Visuals: Meta SA-1B dataset statistics, model architecture split: Heavy Image Encoder (ViT) vs Fast Prompt Decoder.
Examples: Interactive browser segmentation running in real time at 50ms per prompt.
Analogies: A master cartographer pre-mapping the entire continent once, allowing tourists to pinpoint cities instantly.
Applications: Data annotation pipelines, AR smart glasses interaction.
Quality: Crisp modern editing, clear voiceover, focused 6-minute analysis.
Takeaway: Highlight the architectural split: running the heavy image encoder once allows real-time interactive prompting in browser.",1,1,1,0,1,1
VID-194,Computer Vision & Multimodal AI,Neural Breakdown with AVB,"Explaining the Segment Anything Model - Network architecture, Dataset, Training",http://www.youtube.com/watch?v=OhxJkqD1vuE,13:02,42K+,Technical Systems & Architecture Review,"Positional encoding additions, cross-attention between prompt tokens and image embeddings, mask prediction heads.","Resolving ambiguous prompt points (e.g. clicking a shirt button: segment button, shirt, or person?).",A camera autofocus system that offers multiple depth-of-field focal options when clicked.,"Medical surgery planning, robotic grasping in warehouses.","Articulate, highly knowledgeable AI researcher presentation, structured slides.","Explain how SAM handles ambiguity by outputting 3 valid mask hierarchy levels (sub-part, part, whole object).",782,42000.0,"Title: Explaining the Segment Anything Model - Network architecture, Dataset, Training
Explanation: Technical Systems & Architecture Review
Visuals: Positional encoding additions, cross-attention between prompt tokens and image embeddings, mask prediction heads.
Examples: Resolving ambiguous prompt points (e.g. clicking a shirt button: segment button, shirt, or person?).
Analogies: A camera autofocus system that offers multiple depth-of-field focal options when clicked.
Applications: Medical surgery planning, robotic grasping in warehouses.
Quality: Articulate, highly knowledgeable AI researcher presentation, structured slides.
Takeaway: Explain how SAM handles ambiguity by outputting 3 valid mask hierarchy levels (sub-part, part, whole object).",1,1,1,0,0,1
VID-195,Computer Vision & Multimodal AI,Aleksa Gordić - The AI Epiphany,OpenAI Whisper: Robust Speech Recognition via Large-Scale Weak Supervision,http://www.youtube.com/watch?v=AwJf8aQfChE,01:02:42,47K+,Comprehensive Research Paper & Architecture Deep Dive,"Complete paper breakdown, log-mel filterbank audio transformations, decoder prompt conditioning tokens.","Zero-shot robustness benchmarks on multilingual audio, background noise, and colloquial speech.",A human who grew up listening to thousands of radio stations across the world developing native resistance to static.,"Real-time multilingual conference translation, automated medical transcriptions.","Deep research analysis, transparent paper highlighting, thorough audio engineering insights.",Highlight Whisper's multitask token sequence: [START] -> [LANGUAGE] -> [TASK] -> [TIMESTAMPS] -> [TEXT].,3762,47000.0,"Title: OpenAI Whisper: Robust Speech Recognition via Large-Scale Weak Supervision
Explanation: Comprehensive Research Paper & Architecture Deep Dive
Visuals: Complete paper breakdown, log-mel filterbank audio transformations, decoder prompt conditioning tokens.
Examples: Zero-shot robustness benchmarks on multilingual audio, background noise, and colloquial speech.
Analogies: A human who grew up listening to thousands of radio stations across the world developing native resistance to static.
Applications: Real-time multilingual conference translation, automated medical transcriptions.
Quality: Deep research analysis, transparent paper highlighting, thorough audio engineering insights.
Takeaway: Highlight Whisper's multitask token sequence: [START] -> [LANGUAGE] -> [TASK] -> [TIMESTAMPS] -> [TEXT].",1,1,1,0,1,1
VID-196,Reinforcement Learning & Game Theory,AssemblyAI,Q-Learning Explained - Reinforcement Learning Tutorial,http://www.youtube.com/watch?v=kEGAMppyWkQ,06:48,29K+,Clean Motion Graphics Tutorial,"2D animated agent moving through grid states, updating Q-values in table with dynamic learning rate formulas.",An automated delivery cart learning the shortest path while avoiding obstacles.,Filling in a treasure map: updating the expected gold value written at every crossroads.,"Traffic signal optimization, automated warehouse routing.","Professional animation, clear vocal delivery, smooth 7-minute structure.",Show the Bellman update equation in action on a single step to make Temporal Difference error tangible.,408,29000.0,"Title: Q-Learning Explained - Reinforcement Learning Tutorial
Explanation: Clean Motion Graphics Tutorial
Visuals: 2D animated agent moving through grid states, updating Q-values in table with dynamic learning rate formulas.
Examples: An automated delivery cart learning the shortest path while avoiding obstacles.
Analogies: Filling in a treasure map: updating the expected gold value written at every crossroads.
Applications: Traffic signal optimization, automated warehouse routing.
Quality: Professional animation, clear vocal delivery, smooth 7-minute structure.
Takeaway: Show the Bellman update equation in action on a single step to make Temporal Difference error tangible.",1,1,1,1,0,1
VID-197,Reinforcement Learning & Game Theory,Steve Brunton,Q-Learning: Model Free Reinforcement Learning and Temporal Difference Learning,http://www.youtube.com/watch?v=0iqz4tcKN58,35:35:00,172K+,Engineering Mathematics Lecture,"Markov Decision Process state diagrams, Bellman optimality proofs on digital whiteboard.",Balancing an inverted cart-pole pendulum using model-free tabular Q-learning.,Learning to ride a bicycle by trial and error without solving Newton's equations of motion first.,"Industrial process control, aerospace flight stabilization.","Masterclass engineering professor pedagogy, pristine whiteboard delivery, clear audio.",Define 'Model-Free': explain that the agent doesn't need to know the physics laws of the environment to master it.,128100,172000.0,"Title: Q-Learning: Model Free Reinforcement Learning and Temporal Difference Learning
Explanation: Engineering Mathematics Lecture
Visuals: Markov Decision Process state diagrams, Bellman optimality proofs on digital whiteboard.
Examples: Balancing an inverted cart-pole pendulum using model-free tabular Q-learning.
Analogies: Learning to ride a bicycle by trial and error without solving Newton's equations of motion first.
Applications: Industrial process control, aerospace flight stabilization.
Quality: Masterclass engineering professor pedagogy, pristine whiteboard delivery, clear audio.
Takeaway: Define 'Model-Free': explain that the agent doesn't need to know the physics laws of the environment to master it.",1,1,1,1,0,1
VID-198,Reinforcement Learning & Game Theory,Johnny Code,Simply Explaining Deep Q-Learning/Deep Q-Network (DQN),http://www.youtube.com/watch?v=EUrWGTCGzlA,34:05:00,82K+,Code-First PyTorch Walkthrough,"PyTorch DQN code, Gym CartPole simulation rendering in real time, loss curve graphs.",Training a neural network to balance an inverted pendulum for 500 consecutive frames.,Replacing a paper spreadsheet with a deep neural brain when the number of states becomes infinite.,"Autonomous robotics, video game AI agents.","Warm, encouraging developer voice, clear screen capture, step-by-step code execution.",Show the transition point: explain why continuous state spaces make tabular Q-tables mathematically impossible.,122700,82000.0,"Title: Simply Explaining Deep Q-Learning/Deep Q-Network (DQN)
Explanation: Code-First PyTorch Walkthrough
Visuals: PyTorch DQN code, Gym CartPole simulation rendering in real time, loss curve graphs.
Examples: Training a neural network to balance an inverted pendulum for 500 consecutive frames.
Analogies: Replacing a paper spreadsheet with a deep neural brain when the number of states becomes infinite.
Applications: Autonomous robotics, video game AI agents.
Quality: Warm, encouraging developer voice, clear screen capture, step-by-step code execution.
Takeaway: Show the transition point: explain why continuous state spaces make tabular Q-tables mathematically impossible.",1,1,1,1,1,1
VID-199,Reinforcement Learning & Game Theory,deeplizard,Deep Q-Learning - Combining Neural Networks and Reinforcement Learning,http://www.youtube.com/watch?v=wrBUkpiRvCA,10:50,151K+,Curriculum-Aligned Step-by-Step Lesson,Neural network architecture taking state vectors as input and outputting Q-values for every action.,Playing retro video games directly from screen pixel inputs.,A gamer holding a controller looking at a TV screen and learning which button combos maximize high scores.,"Game development AI, robotic arm manipulation.","Clear audio recording, clean pastel slide aesthetic, well-timed visual annotations.",Clearly distinguish the input (state) and output (Q-value for each discrete action) of the Q-network.,650,151000.0,"Title: Deep Q-Learning - Combining Neural Networks and Reinforcement Learning
Explanation: Curriculum-Aligned Step-by-Step Lesson
Visuals: Neural network architecture taking state vectors as input and outputting Q-values for every action.
Examples: Playing retro video games directly from screen pixel inputs.
Analogies: A gamer holding a controller looking at a TV screen and learning which button combos maximize high scores.
Applications: Game development AI, robotic arm manipulation.
Quality: Clear audio recording, clean pastel slide aesthetic, well-timed visual annotations.
Takeaway: Clearly distinguish the input (state) and output (Q-value for each discrete action) of the Q-network.",1,1,1,0,0,1
VID-200,Reinforcement Learning & Game Theory,CodeEmporium,Proximal Policy Optimization | ChatGPT uses this,http://www.youtube.com/watch?v=MVXdncpCbYE,13:26,48K+,Algorithmic Deep Dive & Formula Analysis,Step-by-step whiteboard animation of Policy Gradients vs TRPO vs PPO Clipped Objective.,Aligning an LLM to generate helpful responses without collapsing into repetitive gibberish.,Taking deliberate small steps while walking near a cliff edge instead of running full sprint.,"ChatGPT RLHF alignment, quadruped robot walking stabilization.","Energetic, clear whiteboard delivery, detailed equation derivations.",Explain why vanilla Policy Gradients fail: a single bad policy update can completely ruin a model.,806,48000.0,"Title: Proximal Policy Optimization | ChatGPT uses this
Explanation: Algorithmic Deep Dive & Formula Analysis
Visuals: Step-by-step whiteboard animation of Policy Gradients vs TRPO vs PPO Clipped Objective.
Examples: Aligning an LLM to generate helpful responses without collapsing into repetitive gibberish.
Analogies: Taking deliberate small steps while walking near a cliff edge instead of running full sprint.
Applications: ChatGPT RLHF alignment, quadruped robot walking stabilization.
Quality: Energetic, clear whiteboard delivery, detailed equation derivations.
Takeaway: Explain why vanilla Policy Gradients fail: a single bad policy update can completely ruin a model.",1,1,1,1,0,1
VID-201,Reinforcement Learning & Game Theory,Edan Meyer,Proximal Policy Optimization Explained,http://www.youtube.com/watch?v=HrapVFNBN64,17:50,82K+,Intuitive Visual Pedagogy,"Custom 2D animations of agents exploring simulated environments, clipping region graphs.",Training virtual bipedal characters to run across obstacle courses.,Putting an elastic leash on an energetic dog so it can explore nearby but can't run into oncoming traffic.,"Physics engine character animation, game AI testing.","Friendly, clear vocal delivery, custom animations, clean slide diagrams.",The 'elastic leash' analogy visually illustrates the surrogate clipping function perfectly.,1070,82000.0,"Title: Proximal Policy Optimization Explained
Explanation: Intuitive Visual Pedagogy
Visuals: Custom 2D animations of agents exploring simulated environments, clipping region graphs.
Examples: Training virtual bipedal characters to run across obstacle courses.
Analogies: Putting an elastic leash on an energetic dog so it can explore nearby but can't run into oncoming traffic.
Applications: Physics engine character animation, game AI testing.
Quality: Friendly, clear vocal delivery, custom animations, clean slide diagrams.
Takeaway: The 'elastic leash' analogy visually illustrates the surrogate clipping function perfectly.",1,1,1,0,0,1
VID-202,Computer Vision & Multimodal AI,IBM Technology,"What is Multimodal AI? How LLMs Process Text, Images, and More",http://www.youtube.com/watch?v=J51oZYcNvP8,09:15,49K+,Lightboard Taxonomy & Unification Architecture,"Multi-stream input diagrams (Audio, Video, Text, Sensor data) fusing into unified embedding spaces on glass.",Diagnosing a vehicle engine issue by analyzing audio sound of the engine alongside photos of the parts.,"Human sensory integration: tasting, smelling, seeing, and touching an apple simultaneously to form one concept.","Medical diagnosis synthesizing MRI scans with patient doctor notes, autonomous vehicles.","Studio 4K video, crisp lapel microphone, luminous marker contrast on black background.",Use the human five-senses analogy to explain why multimodal fusion is fundamentally smarter than text-only models.,555,49000.0,"Title: What is Multimodal AI? How LLMs Process Text, Images, and More
Explanation: Lightboard Taxonomy & Unification Architecture
Visuals: Multi-stream input diagrams (Audio, Video, Text, Sensor data) fusing into unified embedding spaces on glass.
Examples: Diagnosing a vehicle engine issue by analyzing audio sound of the engine alongside photos of the parts.
Analogies: Human sensory integration: tasting, smelling, seeing, and touching an apple simultaneously to form one concept.
Applications: Medical diagnosis synthesizing MRI scans with patient doctor notes, autonomous vehicles.
Quality: Studio 4K video, crisp lapel microphone, luminous marker contrast on black background.
Takeaway: Use the human five-senses analogy to explain why multimodal fusion is fundamentally smarter than text-only models.",1,1,1,0,0,1
VID-203,Computer Vision & Multimodal AI,AssemblyAI,How do Multimodal AI models work? Simple explanation,http://www.youtube.com/watch?v=WkoytlA3MoQ,06:44,84K+,Fast-Paced Motion Graphic Animation,Shared embedding space clouds where the text 'golden retriever' and an image of a golden retriever occupy the same coordinates.,CLIP (Contrastive Language-Image Pretraining) matching images and captions.,A Rosetta Stone translating visual concepts and linguistic sentences into a shared universal mental language.,"Google Lens visual search, automated photo album indexing.","Crisp dynamic vocal delivery, upbeat tech background track, fluid 3D vector animations.",Animate the contrastive loss matrix: pulling matching image-text pairs together and pushing mismatched pairs apart.,404,84000.0,"Title: How do Multimodal AI models work? Simple explanation
Explanation: Fast-Paced Motion Graphic Animation
Visuals: Shared embedding space clouds where the text 'golden retriever' and an image of a golden retriever occupy the same coordinates.
Examples: CLIP (Contrastive Language-Image Pretraining) matching images and captions.
Analogies: A Rosetta Stone translating visual concepts and linguistic sentences into a shared universal mental language.
Applications: Google Lens visual search, automated photo album indexing.
Quality: Crisp dynamic vocal delivery, upbeat tech background track, fluid 3D vector animations.
Takeaway: Animate the contrastive loss matrix: pulling matching image-text pairs together and pushing mismatched pairs apart.",1,1,1,0,0,1
VID-204,Computer Vision & Multimodal AI,Computerphile,"NERFs (No, not that kind) - Neural Radiance Fields - Computerphile",http://www.youtube.com/watch?v=wKsoGiENBHU,13:35,84K+,Conversational Computer Vision Breakdown,"Live 3D camera fly-throughs rendered from sparse photos, volumetric ray casting sketches on paper.",Synthesizing a 360-degree interactive 3D virtual tour of an antique room from 20 casual phone photos.,Shining a laser pointer through colored fog and measuring the light that passes through to calculate fog density.,"Virtual real estate tours, visual effects in cinema, autonomous robot navigation.","Authentic academic interview, close-up camera angles, spontaneous visual demonstrations.",Show the dramatic contrast between traditional polygonal 3D meshes and continuous neural fields.,815,84000.0,"Title: NERFs (No, not that kind) - Neural Radiance Fields - Computerphile
Explanation: Conversational Computer Vision Breakdown
Visuals: Live 3D camera fly-throughs rendered from sparse photos, volumetric ray casting sketches on paper.
Examples: Synthesizing a 360-degree interactive 3D virtual tour of an antique room from 20 casual phone photos.
Analogies: Shining a laser pointer through colored fog and measuring the light that passes through to calculate fog density.
Applications: Virtual real estate tours, visual effects in cinema, autonomous robot navigation.
Quality: Authentic academic interview, close-up camera angles, spontaneous visual demonstrations.
Takeaway: Show the dramatic contrast between traditional polygonal 3D meshes and continuous neural fields.",1,1,1,0,0,1
VID-205,Advanced Retrieval & Search,What's AI by Louis-François Bouchard,Key Metrics and Evaluation Methods for RAG,http://www.youtube.com/watch?v=cRz0BWkuwHg,10:43,33K+,Systematic Engineering Framework,"Evaluation pipeline diagrams, confusion matrices for semantic chunks, TruLens and RAGAS comparison.",Benchmarking enterprise documentation search engines before pushing LLM apps to production.,Crash-testing a car with crash-test dummies before putting it on the consumer highway.,"Enterprise compliance assurance, CI/CD automated AI regression testing.","Clear developer audio, high-resolution slide graphics, structured conceptual delivery.",Emphasize evaluation as the bridge separating a fragile weekend hackathon prototype from an enterprise-grade product.,643,33000.0,"Title: Key Metrics and Evaluation Methods for RAG
Explanation: Systematic Engineering Framework
Visuals: Evaluation pipeline diagrams, confusion matrices for semantic chunks, TruLens and RAGAS comparison.
Examples: Benchmarking enterprise documentation search engines before pushing LLM apps to production.
Analogies: Crash-testing a car with crash-test dummies before putting it on the consumer highway.
Applications: Enterprise compliance assurance, CI/CD automated AI regression testing.
Quality: Clear developer audio, high-resolution slide graphics, structured conceptual delivery.
Takeaway: Emphasize evaluation as the bridge separating a fragile weekend hackathon prototype from an enterprise-grade product.",1,1,1,0,0,1
