ID,Category,Channel,Title,URL,Duration,Views,Explanation_Type,Visuals,Examples,Analogies,Real_Life,Quality,Creator_Takeaways,duration_seconds,views_numeric,combined_text,has_analogy,has_example,has_visual,has_application,has_math,has_code,text_length,word_count,log_views,cluster
VID-001,Machine Learning (ML),3Blue1Brown,But what is a neural network? | Deep learning chapter 1,http://www.youtube.com/watch?v=aircAruvnKk,18:40,24.2M+,Mathematical & Geometric Intuition,Custom Manim animations; dynamic 28x28 pixel grid activations; colored weight synapses (green/red); layered node transformations.,MNIST handwritten digit recognition focusing on handwritten '3's vs other digits.,Biological neurons firing vs mathematical dials/weights (0 to 1); layered abstraction hierarchy (pixels -> edges -> loops -> digits).,Human visual cortex processing; speech recognition acoustic decomposition; YouTube recommendation algorithms.,"Pristine studio acoustics; calm, deliberate cadence (~130 wpm); subtle musical scoring; 1080p razor-sharp vector graphics.",Hook with an intuitive mystery; never introduce formulas before visual intuition; break black boxes into modular components.,1120,24200000.0,But what is a neural network? | Deep learning chapter 1 Mathematical & Geometric Intuition Custom Manim animations; dynamic 28x28 pixel grid activations; colored weight synapses (green/red); layered node transformations. MNIST handwritten digit recognition focusing on handwritten '3's vs other digits. Biological neurons firing vs mathematical dials/weights (0 to 1); layered abstraction hierarchy (pixels -> edges -> loops -> digits). Human visual cortex processing; speech recognition acoustic decomposition; YouTube recommendation algorithms. Hook with an intuitive mystery; never introduce formulas before visual intuition; break black boxes into modular components.,1,1,1,1,1,0,671,88,17.001863232449228,4
VID-002,Machine Learning (ML),3Blue1Brown,"Gradient descent, how neural networks learn | Deep Learning Chapter 2",http://www.youtube.com/watch?v=IHZwWFHWa-w,20:33,9.5M+,Mathematical Optimization & Geometry,3D loss landscape topography; rolling ball physics simulation; negative gradient step vectors.,"Minimizing cost over 13,000 weights and biases on MNIST digits.",A hiker descending a mountainous terrain in dense fog by feeling the local slope beneath their feet.,"Autonomous vehicle path optimization, facial recognition feature convergence.","Contemplative, clear voiceover; studio sound isolation; fluid 60fps vector graphics.",Ground high-dimensional multivariable calculus using tangible physical/spatial analogies (foggy mountain descent).,1233,9500000.0,"Gradient descent, how neural networks learn | Deep Learning Chapter 2 Mathematical Optimization & Geometry 3D loss landscape topography; rolling ball physics simulation; negative gradient step vectors. Minimizing cost over 13,000 weights and biases on MNIST digits. A hiker descending a mountainous terrain in dense fog by feeling the local slope beneath their feet. Autonomous vehicle path optimization, facial recognition feature convergence. Ground high-dimensional multivariable calculus using tangible physical/spatial analogies (foggy mountain descent).",1,1,1,1,1,0,559,73,16.066802461833923,4
VID-003,Machine Learning (ML),StatQuest with Josh Starmer,A Gentle Introduction to Machine Learning,http://www.youtube.com/watch?v=Gv9_4yMHFhI,12:45,1.6M+,Pedagogical First-Principles Breakdown,Clean 2D scatter plots; color-coded training vs testing points (red vs blue dots); cartoon decision trees.,Predicting love for StatQuest via decision trees; sprint speed vs yam consumption (Usain Bolt).,Contrasting a straight linear trendline with an overfitted 'green squiggle' (Bias-Variance tradeoff).,"Athletic performance testing, clinical drug trials.","Warm, energetic delivery; trademark acoustic jingles; celebratory catchphrases ('BAM!').",Use silly/approachable toy examples to eliminate intimidation before defining technical jargon.,765,1600000.0,"A Gentle Introduction to Machine Learning Pedagogical First-Principles Breakdown Clean 2D scatter plots; color-coded training vs testing points (red vs blue dots); cartoon decision trees. Predicting love for StatQuest via decision trees; sprint speed vs yam consumption (Usain Bolt). Contrasting a straight linear trendline with an overfitted 'green squiggle' (Bias-Variance tradeoff). Athletic performance testing, clinical drug trials. Use silly/approachable toy examples to eliminate intimidation before defining technical jargon.",1,1,1,1,0,0,533,68,14.285514812209817,8
VID-004,Machine Learning (ML),StatQuest with Josh Starmer,Machine Learning Fundamentals: Bias and Variance,http://www.youtube.com/watch?v=EuBBz3bI-aA,6:36,1.7M+,Visual Error Decomposition,Side-by-side curve fitting comparison; animated residual error lines on test dots.,Mouse weight vs mouse size prediction; straight line vs high-degree polynomial.,Underfitting is stubbornness (high bias); Overfitting is memorization without generalization (high variance).,Students memorizing past exam questions verbatim vs understanding underlying concepts.,High-contrast minimalist slides; crisp voiceover; zero audio distractions.,Keep foundational concept videos under 7 minutes; highlight visual contrast between failure modes.,396,1700000.0,Machine Learning Fundamentals: Bias and Variance Visual Error Decomposition Side-by-side curve fitting comparison; animated residual error lines on test dots. Mouse weight vs mouse size prediction; straight line vs high-degree polynomial. Underfitting is stubbornness (high bias); Overfitting is memorization without generalization (high variance). Students memorizing past exam questions verbatim vs understanding underlying concepts. Keep foundational concept videos under 7 minutes; highlight visual contrast between failure modes.,1,1,1,1,0,0,534,66,14.346139397261563,8
VID-005,Machine Learning (ML),StatQuest with Josh Starmer,Machine Learning Fundamentals: Cross Validation,http://www.youtube.com/watch?v=fSytzGwwBVw,6:05,1.5M+,Step-by-Step Methodological Walkthrough,Color-coded 10-fold data partition blocks; animated sliding validation window.,Evaluating model fit across patient health metrics without data leakage.,Rotational jury duty: giving every data partition an equal turn at evaluating the model.,Financial credit risk modeling across fluctuating market cycles.,Engaging conversational pacing; clean visual cards; clear vocal inflection.,Show algorithmic progression sequentially rather than showing the final partition all at once.,365,1500000.0,Machine Learning Fundamentals: Cross Validation Step-by-Step Methodological Walkthrough Color-coded 10-fold data partition blocks; animated sliding validation window. Evaluating model fit across patient health metrics without data leakage. Rotational jury duty: giving every data partition an equal turn at evaluating the model. Financial credit risk modeling across fluctuating market cycles. Show algorithmic progression sequentially rather than showing the final partition all at once.,1,1,1,1,0,0,488,62,14.220976332738882,8
VID-006,Machine Learning (ML),StatQuest with Josh Starmer,Machine Learning Fundamentals: The Confusion Matrix,http://www.youtube.com/watch?v=Kdsp6soqA7o,7:13,979K+,Analytical Metric Derivation,"2x2 contingency table with color-coded True Positives, False Positives, and Residuals.",Heart disease diagnosis classification on patient clinical records.,The Boy Who Cried Wolf: False Positive (crying wolf when none exists) vs False Negative (sleeping during attack).,"Cancer diagnostic screenings, airport security contraband alarms.",Clear studio audio; structured tabular slides; consistent vocal presence.,Walk through 2x2 confusion grids one quadrant at a time with realistic counts to build intuition.,433,979000.0,"Machine Learning Fundamentals: The Confusion Matrix Analytical Metric Derivation 2x2 contingency table with color-coded True Positives, False Positives, and Residuals. Heart disease diagnosis classification on patient clinical records. The Boy Who Cried Wolf: False Positive (crying wolf when none exists) vs False Negative (sleeping during attack). Cancer diagnostic screenings, airport security contraband alarms. Walk through 2x2 confusion grids one quadrant at a time with realistic counts to build intuition.",1,1,1,1,1,0,513,69,13.794287942962583,8
VID-007,Machine Learning (ML),StatQuest with Josh Starmer,"Decision and Classification Trees, Clearly Explained!!!",http://www.youtube.com/watch?v=_L39rN6gz7Y,18:08,1.3M+,Hierarchical Logic & Splitting Math,Branching decision trees; on-screen Gini impurity formula substitutions; threshold comparisons.,"Chest pain, blood circulation, and blocked arteries determining heart disease risk.",Playing the game '20 Questions' where the algorithm selects questions that maximize information gain.,"Emergency room triage protocols, automated loan approval engines.",Pristine audio recording; hand-drawn digital diagram aesthetic; rhythmic vocal cadence.,Show how the algorithm calculates the mathematically optimal split so automation doesn't feel arbitrary.,1088,1300000.0,"Decision and Classification Trees, Clearly Explained!!! Hierarchical Logic & Splitting Math Branching decision trees; on-screen Gini impurity formula substitutions; threshold comparisons. Chest pain, blood circulation, and blocked arteries determining heart disease risk. Playing the game '20 Questions' where the algorithm selects questions that maximize information gain. Emergency room triage protocols, automated loan approval engines. Show how the algorithm calculates the mathematically optimal split so automation doesn't feel arbitrary.",1,1,1,1,1,0,544,68,14.077875591662238,8
VID-008,Machine Learning (ML),StatQuest with Josh Starmer,StatQuest: Logistic Regression,http://www.youtube.com/watch?v=yIYKR4sgzI8,8:48,2.8M+,Probabilistic Curve Fitting,Sigmoid S-curve fitted over discrete binary data points (0 and 1).,Mouse weight predicting clinical obesity classification.,Squishing an infinite linear axis into a strictly bounded 0-to-1 probability range.,"Spam classification probability, customer subscription churn forecasting.",High vocal clarity; enthusiastic presentation; focused slide animations.,Demonstrate linear regression's inability to model probabilities before introducing the sigmoid curve.,528,2800000.0,"StatQuest: Logistic Regression Probabilistic Curve Fitting Sigmoid S-curve fitted over discrete binary data points (0 and 1). Mouse weight predicting clinical obesity classification. Squishing an infinite linear axis into a strictly bounded 0-to-1 probability range. Spam classification probability, customer subscription churn forecasting. Demonstrate linear regression's inability to model probabilities before introducing the sigmoid curve.",1,1,1,1,1,0,443,54,14.845130332288226,8
VID-009,Machine Learning (ML),StatQuest with Josh Starmer,"StatQuest: Random Forests Part 1 - Building, Using and Evaluating",http://www.youtube.com/watch?v=J4Wdy0Wc_xQ,9:54,1.5M+,Ensemble Learning & Bagging,Multiple mini decision trees aggregating into a voting booth; bootstrap sample tables.,"Predicting patient health outcomes from diet, exercise, and blood pressure using a forest.",Wisdom of the crowd: a council of diverse experts whose consensus outvotes any single flawed opinion.,"Credit card fraud prevention ensembles, credit risk scoring.",Friendly instructional tone; trademark audio branding; high-legibility infographics.,Explain bagging (bootstrap aggregating) with simple cards before introducing the forest concept.,594,1500000.0,"StatQuest: Random Forests Part 1 - Building, Using and Evaluating Ensemble Learning & Bagging Multiple mini decision trees aggregating into a voting booth; bootstrap sample tables. Predicting patient health outcomes from diet, exercise, and blood pressure using a forest. Wisdom of the crowd: a council of diverse experts whose consensus outvotes any single flawed opinion. Credit card fraud prevention ensembles, credit risk scoring. Explain bagging (bootstrap aggregating) with simple cards before introducing the forest concept.",1,1,1,1,0,0,531,75,14.220976332738882,8
VID-010,Machine Learning (ML),StatQuest with Josh Starmer,StatQuest: K-means clustering,http://www.youtube.com/watch?v=4b5d3muPQmA,8:30,2.2M+,Iterative Clustering Algorithm,2D plane with roaming cluster centroids; Euclidean dashed distance lines recalculating iteratively.,Grouping patients by gene expression levels without prior medical labels.,Politicians moving campaign headquarters to the center of voter clusters until positions stabilize.,"Customer market segmentation, image compression palette reduction.",Energetic vocal delivery; distinct visual colors; dynamic step animations.,Animate the iterative two-step loop (assign points -> update centroid) until visual convergence occurs.,510,2200000.0,"StatQuest: K-means clustering Iterative Clustering Algorithm 2D plane with roaming cluster centroids; Euclidean dashed distance lines recalculating iteratively. Grouping patients by gene expression levels without prior medical labels. Politicians moving campaign headquarters to the center of voter clusters until positions stabilize. Customer market segmentation, image compression palette reduction. Animate the iterative two-step loop (assign points -> update centroid) until visual convergence occurs.",1,1,1,1,0,0,505,62,14.603968372873895,7
VID-011,Machine Learning (ML),Fireship,Machine Learning Explained in 100 Seconds,http://www.youtube.com/watch?v=PeMlggyqz0Y,2:35,1.1M+,High-Velocity Developer Micro-Overview,Kinetic typography; rapid code snippets (Python/Scikit-learn); terminal UI; meme iconography.,"Cat vs dog image classification, bread price inflation forecasting.",Hardcoded if-else logic vs organic experiential learning; model files as compiled binary artifacts.,"Autonomous driving obstacle perception, medical oncology scans.",Compressed broadcast voice; ~180 wpm delivery; synthwave soundtrack; visual cut every 1-2s.,Cut all introductory filler; pair every single technical noun with an on-screen visual element.,155,1100000.0,"Machine Learning Explained in 100 Seconds High-Velocity Developer Micro-Overview Kinetic typography; rapid code snippets (Python/Scikit-learn); terminal UI; meme iconography. Cat vs dog image classification, bread price inflation forecasting. Hardcoded if-else logic vs organic experiential learning; model files as compiled binary artifacts. Autonomous driving obstacle perception, medical oncology scans. Cut all introductory filler; pair every single technical noun with an on-screen visual element.",1,1,1,1,0,1,502,62,13.910821646859096,8
VID-012,Machine Learning (ML),IBM Technology,"AI, Machine Learning, Deep Learning and Generative AI Explained",http://www.youtube.com/watch?v=qYNweeDHiyU,10:01,3.5M+,Conversational Lightboard Lecture & Taxonomy,Live glowing neon marker drawings on an illuminated glass lightboard; Venn diagrams; timelines.,"Geometric pattern sequence prediction puzzles, history of Lisp/Prolog expert systems.",Russian Nesting Dolls hierarchy; GenAI as musical composition recombining pre-existing notes.,"Enterprise IT anomaly detection, voice cloning parodies.",Crisp lapel mic; 4K camera through glass; zero reflections; professional executive delivery.,Draw live while talking to keep visual attention glued; address common community misunderstandings.,601,3500000.0,"AI, Machine Learning, Deep Learning and Generative AI Explained Conversational Lightboard Lecture & Taxonomy Live glowing neon marker drawings on an illuminated glass lightboard; Venn diagrams; timelines. Geometric pattern sequence prediction puzzles, history of Lisp/Prolog expert systems. Russian Nesting Dolls hierarchy; GenAI as musical composition recombining pre-existing notes. Enterprise IT anomaly detection, voice cloning parodies. Draw live while talking to keep visual attention glued; address common community misunderstandings.",1,1,1,1,0,0,541,68,15.068273812173889,6
VID-013,Machine Learning (ML),IBM Technology,Supervised vs. Unsupervised Learning,http://www.youtube.com/watch?v=W01tIRP_Rqs,7:08,383K+,Taxonomic Comparison & Structural Contrast,Split-screen lightboard diagram comparing labeled input-output pairs against unlabeled data clusters.,Housing price prediction based on square footage (Supervised) vs customer discovery (Unsupervised).,Classroom student with a teacher checking answers vs explorer mapping an uncharted island.,"Credit card fraud detection, e-commerce customer cohort grouping.",Evenly modulated broadcast vocals; vibrant neon diagrams against pitch-black backdrop.,Use split-screen visual parallelism to contrast complementary paradigms side by side.,428,383000.0,"Supervised vs. Unsupervised Learning Taxonomic Comparison & Structural Contrast Split-screen lightboard diagram comparing labeled input-output pairs against unlabeled data clusters. Housing price prediction based on square footage (Supervised) vs customer discovery (Unsupervised). Classroom student with a teacher checking answers vs explorer mapping an uncharted island. Credit card fraud detection, e-commerce customer cohort grouping. Use split-screen visual parallelism to contrast complementary paradigms side by side.",1,1,1,1,0,0,524,64,12.855792879125431,8
VID-014,Machine Learning (ML),IBM Technology,Neural Networks Explained in 5 minutes,http://www.youtube.com/watch?v=jmmW0F0biz0,4:32,746K+,Rapid Architecture Breakdown,"Input, hidden, and output layer node connection drawings with weighted line thickness variations.",Recognizing shapes and handwritten letters from raw pixel inputs.,Passing messages through an assembly line of specialized factory workers.,"Smartphone face unlock, automated driving vision systems.",High-fidelity studio recording; concise script delivery; zero hesitation.,Limit architectural overviews to five core minutes by focusing strictly on input-hidden-output data flow.,272,746000.0,"Neural Networks Explained in 5 minutes Rapid Architecture Breakdown Input, hidden, and output layer node connection drawings with weighted line thickness variations. Recognizing shapes and handwritten letters from raw pixel inputs. Passing messages through an assembly line of specialized factory workers. Smartphone face unlock, automated driving vision systems. Limit architectural overviews to five core minutes by focusing strictly on input-hidden-output data flow.",1,1,1,1,0,0,469,62,13.522482219667571,3
VID-015,Machine Learning (ML),Simplilearn,Machine Learning | What Is Machine Learning? | Introduction To Machine Learning,http://www.youtube.com/watch?v=ukzFI9rgwfU,7:52,5.5M+,Narrative Motion-Graphic Character Storytelling,2D cartoon character animation ('Paul'); coordinate grids with circular decision boundaries.,Paul's song preferences (tempo vs intensity); sorting coins by weight; clustering cricket players.,Teaching a child through positive and negative feedback loops (reinforcement learning).,Uber real-time dynamic surge pricing; Netflix recommendations; Facebook photo tag tagging.,Neutral corporate voiceover; upbeat commercial soundtrack; fluid vector keyframing.,Anchor algorithms in a named character persona ('Paul') with an immediate relatable dilemma.,472,5500000.0,Machine Learning | What Is Machine Learning? | Introduction To Machine Learning Narrative Motion-Graphic Character Storytelling 2D cartoon character animation ('Paul'); coordinate grids with circular decision boundaries. Paul's song preferences (tempo vs intensity); sorting coins by weight; clustering cricket players. Teaching a child through positive and negative feedback loops (reinforcement learning). Uber real-time dynamic surge pricing; Netflix recommendations; Facebook photo tag tagging. Anchor algorithms in a named character persona ('Paul') with an immediate relatable dilemma.,1,1,1,1,0,0,591,75,15.520258832020865,4
VID-016,Machine Learning (ML),freeCodeCamp.org,Machine Learning for Everybody – Full Course,http://www.youtube.com/watch?v=i_LwzRVP7bg,3:53:53,10.5M+,Comprehensive Hands-on Code-Along Tutorial,Jupyter Notebook screencasts; Python/pandas code execution; matplotlib scatter plots; terminal logs.,Predicting diabetes diagnoses from patient clinical health metrics; wine quality classification.,Mathematical models as customizable recipes adjusted according to taste test results.,"Healthcare diagnosis pipelines, automated banking customer verification.",Clear direct-to-cardioid microphone; screen captures rendered in full 1080p with enlarged IDE font.,Ensure all code displayed on screen is copy-paste reproducible with zero missing dependencies.,14033,10500000.0,"Machine Learning for Everybody – Full Course Comprehensive Hands-on Code-Along Tutorial Jupyter Notebook screencasts; Python/pandas code execution; matplotlib scatter plots; terminal logs. Predicting diabetes diagnoses from patient clinical health metrics; wine quality classification. Mathematical models as customizable recipes adjusted according to taste test results. Healthcare diagnosis pipelines, automated banking customer verification. Ensure all code displayed on screen is copy-paste reproducible with zero missing dependencies.",1,1,1,1,1,1,539,64,16.166885910365842,8
VID-017,Machine Learning (ML),freeCodeCamp.org,Essential Machine Learning and AI Concepts Animated,http://www.youtube.com/watch?v=PcbuKRNtCUc,27:52:00,342K+,Comprehensive Animated Lexicon & Glossary,Minimalist 2D motion graphics; formula highlights; loss landscape valleys; coordinate transforms.,Manhattan taxi distance vs Euclidean straight line; SVM maximum-margin hyperplane.,Manhattan distance as driving a city grid vs Euclidean as flying like a crow.,"Urban GPS navigation, medical imaging anomaly detection, cosine text matching.",Consistent studio narration; balanced audio leveling; modular indexed chapter breaks.,Standardize the visual design language across all definitions to minimize cognitive fatigue.,100320,342000.0,"Essential Machine Learning and AI Concepts Animated Comprehensive Animated Lexicon & Glossary Minimalist 2D motion graphics; formula highlights; loss landscape valleys; coordinate transforms. Manhattan taxi distance vs Euclidean straight line; SVM maximum-margin hyperplane. Manhattan distance as driving a city grid vs Euclidean as flying like a crow. Urban GPS navigation, medical imaging anomaly detection, cosine text matching. Standardize the visual design language across all definitions to minimize cognitive fatigue.",1,1,1,1,1,0,524,69,12.742568940017076,4
VID-018,Machine Learning (ML),Visually Explained,Support Vector Machine (SVM) in 2 minutes,http://www.youtube.com/watch?v=_YPScrckx28,2:19,952K+,Ultra-Dense Geometric Micro-Animation,Slick 2D/3D hyperplane animations; margin street boundaries; support vector highlight lines.,Classifying two distinct clusters of colored points with maximum separating distance.,Building a wide highway between two conflicting rival cities so they have maximum separation buffer.,"Face detection boundary boxes, protein classification in bioinformatics.","Deep, calm, studio-mastered voiceover; rhythmic editing synchronized to visual rotations.",Strip out all spoken filler; let mathematical animation do the heavy lifting in under 150 seconds.,139,952000.0,"Support Vector Machine (SVM) in 2 minutes Ultra-Dense Geometric Micro-Animation Slick 2D/3D hyperplane animations; margin street boundaries; support vector highlight lines. Classifying two distinct clusters of colored points with maximum separating distance. Building a wide highway between two conflicting rival cities so they have maximum separation buffer. Face detection boundary boxes, protein classification in bioinformatics. Strip out all spoken filler; let mathematical animation do the heavy lifting in under 150 seconds.",1,1,1,1,1,0,531,71,13.766321364193118,7
VID-019,Machine Learning (ML),Normalized Nerd,Decision Tree Classification Clearly Explained!,http://www.youtube.com/watch?v=ZVR2Way4nwQ,10:33,946K+,Mathematical Intuition with Step-by-step Math,Hand-animated digital whiteboard; stepwise Gini Impurity and Entropy formulas solved step by step.,"Deciding whether to play tennis based on weather outlook, humidity, and wind speed.",Purifying a messy mixture: measuring how clean each separation scoop makes the remaining liquid.,"Sports match weather cancellations, automated loan approval engines.","Warm, educational Indian accent with clear articulation; clean tablet screencast.",Work through concrete arithmetic calculations on screen so viewers see where abstract numbers come from.,633,946000.0,"Decision Tree Classification Clearly Explained! Mathematical Intuition with Step-by-step Math Hand-animated digital whiteboard; stepwise Gini Impurity and Entropy formulas solved step by step. Deciding whether to play tennis based on weather outlook, humidity, and wind speed. Purifying a messy mixture: measuring how clean each separation scoop makes the remaining liquid. Sports match weather cancellations, automated loan approval engines. Work through concrete arithmetic calculations on screen so viewers see where abstract numbers come from.",1,1,1,1,1,0,547,73,13.759998905115909,8
VID-020,Machine Learning (ML),CrashCourse,Neural Networks and Deep Learning: Crash Course AI #3,http://www.youtube.com/watch?v=oV3ZY6tJiA0,12:23,411K+,Entertaining Cultural & Conceptual Education,ThoughtBubble custom character animations; historical archival photos; dynamic infographics.,Training a neural network to recognize pictures of cats versus muffins and Chihuahuas.,"A team of detectives where each detective specializes in one clue (whiskers, ears, fur).","Photo search engines, self-driving vision systems.",High-production TV studio lighting; multi-camera angles; rapid comedic and educational delivery.,Interweave cultural humor and historical anecdotes to keep broad non-technical audiences invested.,743,411000.0,"Neural Networks and Deep Learning: Crash Course AI #3 Entertaining Cultural & Conceptual Education ThoughtBubble custom character animations; historical archival photos; dynamic infographics. Training a neural network to recognize pictures of cats versus muffins and Chihuahuas. A team of detectives where each detective specializes in one clue (whiskers, ears, fur). Photo search engines, self-driving vision systems. Interweave cultural humor and historical anecdotes to keep broad non-technical audiences invested.",1,1,1,1,0,0,517,68,12.926350926565435,4
VID-021,Machine Learning (ML),codebasics,"Neural Network Simply Explained | Deep Learning Tutorial 4 (Tensorflow2.0, Keras & Python)",http://www.youtube.com/watch?v=ER2It2mIagI,11:01,655K+,Applied Engineering & Spreadsheet Math,Excel spreadsheet calculations of weighted sums alongside interactive neuron diagrams.,"Predicting whether someone will buy insurance based on age, affordability, and credit score.",Neuron as a digital voting booth where each voter's ballot has a different weight.,"Insurance premium pricing, retail loan eligibility.",Engaging conversational Indian English; crystal-clear tablet drawing and screen capture.,Prototype the neural network calculation inside a familiar spreadsheet (Excel) before moving to Python code.,661,655000.0,"Neural Network Simply Explained | Deep Learning Tutorial 4 (Tensorflow2.0, Keras & Python) Applied Engineering & Spreadsheet Math Excel spreadsheet calculations of weighted sums alongside interactive neuron diagrams. Predicting whether someone will buy insurance based on age, affordability, and credit score. Neuron as a digital voting booth where each voter's ballot has a different weight. Insurance premium pricing, retail loan eligibility. Prototype the neural network calculation inside a familiar spreadsheet (Excel) before moving to Python code.",1,1,1,1,1,1,553,76,13.39239204133378,4
VID-022,Machine Learning (ML),IBM Technology,What are Convolutional Neural Networks (CNNs)?,http://www.youtube.com/watch?v=QzY57FaENXg,6:21,875K+,Computer Vision Lightboard Breakdown,Sliding kernel filter matrices moving across pixel grids on lightboard; feature maps; pooling layers.,"Detecting edges, vertical lines, and curves to recognize motorbikes and cars in pictures.",Looking through a tiny magnifying glass sliding across a jigsaw puzzle to identify small pieces.,"Medical MRI scanning, autonomous vehicle obstacle segmentation.",Ultra-sharp 4K video; vibrant lightboard sketches; seamless speaker delivery.,Physically illustrate how the kernel window shifts one pixel at a time to demystify convolution.,381,875000.0,"What are Convolutional Neural Networks (CNNs)? Computer Vision Lightboard Breakdown Sliding kernel filter matrices moving across pixel grids on lightboard; feature maps; pooling layers. Detecting edges, vertical lines, and curves to recognize motorbikes and cars in pictures. Looking through a tiny magnifying glass sliding across a jigsaw puzzle to identify small pieces. Medical MRI scanning, autonomous vehicle obstacle segmentation. Physically illustrate how the kernel window shifts one pixel at a time to demystify convolution.",1,1,1,1,0,0,533,74,13.68198030819624,3
VID-023,Machine Learning (ML),deeplizard,Convolutional Neural Networks (CNNs) explained,http://www.youtube.com/watch?v=YRhxdVk_sIs,8:37,1.5M+,Structured Visual Curriculum Lecture,Color-coded kernel dot product matrices; max pooling 2x2 grids; flattened dense layers.,Classifying images of cats vs dogs using pixel activation grids.,Max pooling as a summarizer that keeps only the loudest voice in the room and discards the rest.,"Mobile photo face tagging, quality inspection on factory conveyor belts.",Polished audio with noise gating; smooth animated transitions; consistent pastel slide deck.,Combine visual matrix multiplications with color-matching to make arithmetic tracking effortless.,517,1500000.0,"Convolutional Neural Networks (CNNs) explained Structured Visual Curriculum Lecture Color-coded kernel dot product matrices; max pooling 2x2 grids; flattened dense layers. Classifying images of cats vs dogs using pixel activation grids. Max pooling as a summarizer that keeps only the loudest voice in the room and discards the rest. Mobile photo face tagging, quality inspection on factory conveyor belts. Combine visual matrix multiplications with color-matching to make arithmetic tracking effortless.",1,1,1,1,1,0,504,70,14.220976332738882,3
VID-024,Machine Learning (ML),IBM Technology,The Power of Recurrent Neural Networks (RNN),http://www.youtube.com/watch?v=Gafjk7_w1i8,7:47,96K+,Sequential Architecture Walkthrough,Unfolded timeline diagram of neural network loop states from time step t-1 to t+1.,Predicting the next word in a sentence; stock market price fluctuations.,Short-term human working memory: retaining what was said in the first sentence to understand the second.,"Audio transcription services, financial ticker trend analysis.",Clear lightboard presentation; impeccable vocal articulation; high visual contrast.,Unfold loop diagrams across horizontal time steps so sequential memory becomes visually obvious.,467,96000.0,"The Power of Recurrent Neural Networks (RNN) Sequential Architecture Walkthrough Unfolded timeline diagram of neural network loop states from time step t-1 to t+1. Predicting the next word in a sentence; stock market price fluctuations. Short-term human working memory: retaining what was said in the first sentence to understand the second. Audio transcription services, financial ticker trend analysis. Unfold loop diagrams across horizontal time steps so sequential memory becomes visually obvious.",1,1,1,1,0,0,501,71,11.472113887062386,6
VID-025,Machine Learning (ML),StatQuest with Josh Starmer,"Long Short-Term Memory (LSTM), Clearly Explained",http://www.youtube.com/watch?v=YCzL96nL7j0,20:45,1.0M+,Cell Gate Mechanics & Internal Intuition,"Cell memory pipeline with Forget Gate, Input Gate, and Output Gate valves illustrated with math.",Predicting word sequences across paragraphs where early context changes later meaning.,A high-school student reading a textbook with a highlighter (input gate) and an eraser (forget gate).,"Language translation, long-horizon weather forecasting.",Enthusiastic pedagogical delivery; acoustic guitar interludes; clean minimalist vector graphics.,Deconstruct complex multi-gate architectures into isolated one-valve operations before combining them.,1245,1000000.0,"Long Short-Term Memory (LSTM), Clearly Explained Cell Gate Mechanics & Internal Intuition Cell memory pipeline with Forget Gate, Input Gate, and Output Gate valves illustrated with math. Predicting word sequences across paragraphs where early context changes later meaning. A high-school student reading a textbook with a highlighter (input gate) and an eraser (forget gate). Language translation, long-horizon weather forecasting. Deconstruct complex multi-gate architectures into isolated one-valve operations before combining them.",1,1,1,1,1,0,534,70,13.815511557963774,6
VID-026,Machine Learning (ML),3-Minute Data Science,Linear Regression in 3 Minutes,http://www.youtube.com/watch?v=3dhcmeOTZ_Q,3:55,384K+,Fast Micro-Derivation,2D scatter plane with animated slope and intercept adjusting to minimize sum of squared errors.,Predicting apartment rental price based on square footage.,Adjusting a taut rubber band between scattered pins until total tension is minimized.,"Real estate appraisal formulas, temperature forecasting.","Rapid, clear vocal delivery; high-contrast minimalist diagrams; zero fluff.",Visualize the line rotating to minimize residual squares before stating y = mx + b.,235,384000.0,"Linear Regression in 3 Minutes Fast Micro-Derivation 2D scatter plane with animated slope and intercept adjusting to minimize sum of squared errors. Predicting apartment rental price based on square footage. Adjusting a taut rubber band between scattered pins until total tension is minimized. Real estate appraisal formulas, temperature forecasting. Visualize the line rotating to minimize residual squares before stating y = mx + b.",1,1,1,1,0,0,434,64,12.85840043573314,8
VID-027,Machine Learning (ML),IBM Technology,Why Linear regression for Machine Learning?,http://www.youtube.com/watch?v=qxo8p8PtFeA,3:59,97K+,Lightboard Foundational Rationale,Trendline on lightboard illustrating interpretability vs black-box complexity.,Predicting car fuel efficiency from vehicle weight.,A glass clock where every gear is visible versus an opaque digital watch.,Regulatory compliance in banking where decisions must be legally explainable.,High-clarity studio microphone; luminous marker contrast; steady cadence.,Highlight interpretability as linear regression's superpower in production.,239,97000.0,Why Linear regression for Machine Learning? Lightboard Foundational Rationale Trendline on lightboard illustrating interpretability vs black-box complexity. Predicting car fuel efficiency from vehicle weight. A glass clock where every gear is visible versus an opaque digital watch. Regulatory compliance in banking where decisions must be legally explainable. Highlight interpretability as linear regression's superpower in production.,1,1,1,1,0,0,436,55,11.48247656671073,8
VID-028,Machine Learning (ML),3-Minute Data Science,Logistic Regression in 3 Minutes,http://www.youtube.com/watch?v=EKm0spFxFG4,3:48,233K+,Rapid Geometric Derivation,Sigmoid S-curve bounding probabilities between 0 and 1; decision threshold boundary at 0.5.,Predicting whether an email is spam (1) or not spam (0) based on keyword count.,A dimmer switch that smoothly transitions from total darkness to full brightness.,"Credit default screening, disease presence indicators.",Brisk pacing; clean audio capture; crisp vector slides.,Show how probability outputs allow setting custom decision thresholds based on risk tolerance.,228,233000.0,"Logistic Regression in 3 Minutes Rapid Geometric Derivation Sigmoid S-curve bounding probabilities between 0 and 1; decision threshold boundary at 0.5. Predicting whether an email is spam (1) or not spam (0) based on keyword count. A dimmer switch that smoothly transitions from total darkness to full brightness. Credit default screening, disease presence indicators. Show how probability outputs allow setting custom decision thresholds based on risk tolerance.",1,1,1,1,1,0,463,67,12.358798024384122,8
VID-029,Machine Learning (ML),Google for Developers,Machine Learning Crash Course: Gradient Descent,http://www.youtube.com/watch?v=QoK1nNAURw4,2:12,201K+,Official Curriculum Micro-Animation,Parabolic loss bowl with step-size learning rate vectors (overshooting vs converging).,Calibrating weights for click-through rate prediction on web ads.,Taking strides down a hill: too big and you leap over the valley; too small and it takes years to reach bottom.,"Ad click prediction, self-driving sensor calibration.",Pristine Google developer production; balanced audio normalization; smooth animations.,Visually demonstrate learning rate extremes (divergence vs stagnation) side-by-side.,132,201000.0,"Machine Learning Crash Course: Gradient Descent Official Curriculum Micro-Animation Parabolic loss bowl with step-size learning rate vectors (overshooting vs converging). Calibrating weights for click-through rate prediction on web ads. Taking strides down a hill: too big and you leap over the valley; too small and it takes years to reach bottom. Ad click prediction, self-driving sensor calibration. Visually demonstrate learning rate extremes (divergence vs stagnation) side-by-side.",1,1,1,1,0,0,487,66,12.211065162153217,4
VID-030,Machine Learning (ML),IBM Technology,What is Random Forest?,http://www.youtube.com/watch?v=gkXX4h3qYm4,5:21,323K+,Lightboard Ensemble Breakdown,Drawing individual tree branches and showing bootstrap sampling of data and features.,"Predicting loan default based on income, debt, and payment history.",Asking 100 diverse specialists for medical advice instead of relying on a single general practitioner.,"Credit scoring systems, insurance underwriting risk models.",4K studio lightboard; crystal-clear audio; dynamic presentation tempo.,Emphasize feature bagging (random subspace method) as the secret behind tree diversity.,321,323000.0,"What is Random Forest? Lightboard Ensemble Breakdown Drawing individual tree branches and showing bootstrap sampling of data and features. Predicting loan default based on income, debt, and payment history. Asking 100 diverse specialists for medical advice instead of relying on a single general practitioner. Credit scoring systems, insurance underwriting risk models. Emphasize feature bagging (random subspace method) as the secret behind tree diversity.",1,1,1,1,0,0,457,63,12.685410698175234,8
VID-031,Natural Language Processing (NLP),Simplilearn,Natural Language Processing In 5 Minutes | What Is NLP And How Does It Work?,http://www.youtube.com/watch?v=CMrHM8a3hqw,5:29,860K+,Broad Executive Overview,2D animated characters; pipeline cards for Syntax vs Semantics; parsing tree diagrams.,Analyzing customer reviews for product sentiment; smart email spam filters.,"Teaching an extraterrestrial the rules of grammar, tone, and sarcasm from scratch.","Siri and Alexa smart assistants, Grammarly writing enhancement.",Professional voice talent; upbeat corporate sound design; smooth character vector tweens.,"Begin with the human difficulty of language (ambiguity, sarcasm) before showing algorithmic pipelines.",329,860000.0,"Natural Language Processing In 5 Minutes | What Is NLP And How Does It Work? Broad Executive Overview 2D animated characters; pipeline cards for Syntax vs Semantics; parsing tree diagrams. Analyzing customer reviews for product sentiment; smart email spam filters. Teaching an extraterrestrial the rules of grammar, tone, and sarcasm from scratch. Siri and Alexa smart assistants, Grammarly writing enhancement. Begin with the human difficulty of language (ambiguity, sarcasm) before showing algorithmic pipelines.",1,1,1,1,0,0,514,73,13.664688831019712,6
VID-032,Natural Language Processing (NLP),IBM Technology,What is NLP (Natural Language Processing)?,http://www.youtube.com/watch?v=fLvJ8VdHLA0,9:38,547K+,Taxonomic Lightboard Explanation,Live lightboard sketching breaking NLP down into NLU (Understanding) and NLG (Generation).,Parsing the sentence 'The bank is by the river' vs 'I deposited money in the bank'.,Reading comprehension (NLU) vs writing an essay (NLG).,"Enterprise document processing, legal contract review, search engine query resolution.",Studio-level audio clarity; balanced dynamic range; clear handwriting on glass.,Use polysemous word examples ('bank') to demonstrate why context is everything in NLP.,578,547000.0,"What is NLP (Natural Language Processing)? Taxonomic Lightboard Explanation Live lightboard sketching breaking NLP down into NLU (Understanding) and NLG (Generation). Parsing the sentence 'The bank is by the river' vs 'I deposited money in the bank'. Reading comprehension (NLU) vs writing an essay (NLG). Enterprise document processing, legal contract review, search engine query resolution. Use polysemous word examples ('bank') to demonstrate why context is everything in NLP.",1,1,1,1,0,0,479,68,13.212205909556012,6
VID-033,Natural Language Processing (NLP),TensorFlow,Natural Language Processing - Tokenization (NLP Zero to Hero - Part 1),http://www.youtube.com/watch?v=fNxaJsNG3-s,4:39,543K+,Hands-on Developer Introduction,Word-to-integer dictionary tables; Keras Tokenizer code snippets; sentence index arrays.,I love my dog' and 'I love my cat' mapped into numeric vectors.,Giving every student in a school a unique student ID badge number.,Converting customer support tickets into tensors for sentiment classifiers.,Crisp developer voiceover; high-contrast code displays; efficient 4-minute runtime.,Show immediate code output side-by-side with the text sentence to make integer mapping tangible.,279,543000.0,Natural Language Processing - Tokenization (NLP Zero to Hero - Part 1) Hands-on Developer Introduction Word-to-integer dictionary tables; Keras Tokenizer code snippets; sentence index arrays. I love my dog' and 'I love my cat' mapped into numeric vectors. Giving every student in a school a unique student ID badge number. Converting customer support tickets into tensors for sentiment classifiers. Show immediate code output side-by-side with the text sentence to make integer mapping tangible.,1,1,1,1,0,1,495,73,13.204866440535003,6
VID-034,Natural Language Processing (NLP),Annie Sexton,Tokens vs Embeddings – what are they + how are they different?,http://www.youtube.com/watch?v=izbifbq3-eI,6:52,50K+,Clear Conceptual Distinction,Cut-up paper text tokens; multi-dimensional coordinate space vector clouds; fruit clusters.,Tokenizing sub-words like 'unbelievable' into 'un-believe-able'; plotting 'apple' near 'banana'.,Tokens are vocabulary index cards; Embeddings are GPS coordinates describing word personalities.,"LLM API billing (tokens per million), semantic search engines (embeddings similarity).","Warm, authentic personal presentation; high-definition camera; clean graphics overlay.",Directly address the #1 point of confusion beginners have between two easily conflated terms.,412,50000.0,"Tokens vs Embeddings – what are they + how are they different? Clear Conceptual Distinction Cut-up paper text tokens; multi-dimensional coordinate space vector clouds; fruit clusters. Tokenizing sub-words like 'unbelievable' into 'un-believe-able'; plotting 'apple' near 'banana'. Tokens are vocabulary index cards; Embeddings are GPS coordinates describing word personalities. LLM API billing (tokens per million), semantic search engines (embeddings similarity). Directly address the #1 point of confusion beginners have between two easily conflated terms.",1,1,1,1,1,0,558,73,10.819798284210286,6
VID-035,Natural Language Processing (NLP),StatQuest with Josh Starmer,"Word Embedding and Word2Vec, Clearly Explained!!!",http://www.youtube.com/watch?v=viZrOnJclY0,16:12,597K+,First-Principles Visual Vector Math,2D vector planes; King - Man + Woman = Queen vector arithmetic arrows; neural network weights.,"Mapping relationships between royalty and gender words (King, Queen, Man, Woman, Prince).","Describing people using personality sliders (troll to giant, sad to happy).","Recommendation systems linking related items, automated translation between languages.",Signature upbeat pacing; crystal-clear voice recording; dynamic slide animations.,Use the iconic King-Queen vector math visualization to prove how geometry captures semantics.,972,597000.0,"Word Embedding and Word2Vec, Clearly Explained!!! First-Principles Visual Vector Math 2D vector planes; King - Man + Woman = Queen vector arithmetic arrows; neural network weights. Mapping relationships between royalty and gender words (King, Queen, Man, Woman, Prince). Describing people using personality sliders (troll to giant, sad to happy). Recommendation systems linking related items, automated translation between languages. Use the iconic King-Queen vector math visualization to prove how geometry captures semantics.",1,1,1,1,1,0,527,71,13.299674067415213,6
VID-036,Natural Language Processing (NLP),Jay Alammar,The Illustrated Word2vec - A Gentle Intro to Word Embeddings in Machine Learning,http://www.youtube.com/watch?v=ISPId9Lhc1g,8:44,80K+,Visual Diagrammatic Storytelling,Acclaimed custom 2D illustrations; color-coded vector arrays; sliding context windows.,Predicting neighbor words using Skip-Gram and Continuous Bag of Words (CBOW).,Knowing a person by the company they keep (J.R. Firth linguistic principle).,"Search autocomplete, content recommendation clustering.","Gentle, clear voiceover; gorgeous cohesive illustration style; perfectly timed animations.","Invest in a unique, beautiful illustration style; diagrammatic clarity creates evergreen educational assets.",524,80000.0,"The Illustrated Word2vec - A Gentle Intro to Word Embeddings in Machine Learning Visual Diagrammatic Storytelling Acclaimed custom 2D illustrations; color-coded vector arrays; sliding context windows. Predicting neighbor words using Skip-Gram and Continuous Bag of Words (CBOW). Knowing a person by the company they keep (J.R. Firth linguistic principle). Search autocomplete, content recommendation clustering. Invest in a unique, beautiful illustration style; diagrammatic clarity creates evergreen educational assets.",1,1,1,1,1,0,520,67,11.289794413577894,6
VID-037,Natural Language Processing (NLP),codebasics,"What is Word2Vec? A Simple Explanation | Deep Learning Tutorial 41 (Tensorflow, Keras & Python)",http://www.youtube.com/watch?v=hQwFeIupNP0,18:28,242K+,Intuitive Engineering Walkthrough,Digital pen sketches comparing One-Hot Encoding sparsity against dense embedding vectors.,"Representing a dictionary of 10,000 words in 300 continuous dimensions.",One-hot encoding as a massive wasteful row of light switches where only one is flipped on.,"Spam filtering, product category classification in large retail databases.",Clear spoken English; conversational tempo; responsive whiteboard interaction.,Demonstrate the mathematical curse of dimensionality with One-Hot encoding before revealing dense embeddings.,1108,242000.0,"What is Word2Vec? A Simple Explanation | Deep Learning Tutorial 41 (Tensorflow, Keras & Python) Intuitive Engineering Walkthrough Digital pen sketches comparing One-Hot Encoding sparsity against dense embedding vectors. Representing a dictionary of 10,000 words in 300 continuous dimensions. One-hot encoding as a massive wasteful row of light switches where only one is flipped on. Spam filtering, product category classification in large retail databases. Demonstrate the mathematical curse of dimensionality with One-Hot encoding before revealing dense embeddings.",1,1,1,1,1,1,567,77,12.396697137361691,6
VID-038,Natural Language Processing (NLP),IBM Technology,What are Transformers (Machine Learning Model)?,http://www.youtube.com/watch?v=ZXiruGOCn9s,5:51,801K+,Architectural Lightboard Overview,Encoder-Decoder block diagrams; self-attention matrix arrows drawn in glowing neon marker.,Translating English sentences to French; contrasting sequential RNN processing with parallel Transformers.,Reading a whole paragraph at a single glance versus reading one word at a time through a peephole.,"ChatGPT foundation, Google Translate, GitHub Copilot coding models.",High-end corporate studio fidelity; clear lightboard contrast; engaging presenter delivery.,Emphasize parallelization as the breakthrough innovation that unlocked modern AI scaling.,351,801000.0,"What are Transformers (Machine Learning Model)? Architectural Lightboard Overview Encoder-Decoder block diagrams; self-attention matrix arrows drawn in glowing neon marker. Translating English sentences to French; contrasting sequential RNN processing with parallel Transformers. Reading a whole paragraph at a single glance versus reading one word at a time through a peephole. ChatGPT foundation, Google Translate, GitHub Copilot coding models. Emphasize parallelization as the breakthrough innovation that unlocked modern AI scaling.",1,1,1,1,1,1,536,69,13.593617474489168,6
VID-039,Natural Language Processing (NLP),3Blue1Brown,"Transformers, the tech behind LLMs | Deep Learning Chapter 5",http://www.youtube.com/watch?v=wjZofJX0v4M,27:14:00,11.1M+,Rigorous Mathematical Deconstruction,Custom Manim animations of high-dimensional embedding spaces; softmax probability heatmaps.,Resolving the word 'mole' in 'take a biopsy of that mole' vs 'a mole burrowing in the ground'.,Words having conversation parties where context vectors pass notes to refine word meanings.,"How ChatGPT, Claude, and Gemini understand linguistic ambiguity.",Master-class audio delivery; calming orchestral underscore; razor-sharp 4K geometric graphics.,"Treat the audience to true mathematical depth; viewers appreciate thorough, uncompromising rigor.",98040,11100000.0,"Transformers, the tech behind LLMs | Deep Learning Chapter 5 Rigorous Mathematical Deconstruction Custom Manim animations of high-dimensional embedding spaces; softmax probability heatmaps. Resolving the word 'mole' in 'take a biopsy of that mole' vs 'a mole burrowing in the ground'. Words having conversation parties where context vectors pass notes to refine word meanings. How ChatGPT, Claude, and Gemini understand linguistic ambiguity. Treat the audience to true mathematical depth; viewers appreciate thorough, uncompromising rigor.",1,1,1,1,1,0,539,74,16.22245575637265,6
VID-040,Natural Language Processing (NLP),3Blue1Brown,"Attention in transformers, step-by-step | Deep Learning Chapter 6",http://www.youtube.com/watch?v=eMlx5fFNoYc,26:10:00,4.5M+,Step-by-Step Matrix Calculus Intuition,"Query, Key, and Value vector matrices interacting visually; dot product attention heatmaps.",Adjective-noun agreement and pronoun resolution ('The animal didn't cross the street because it was too tired').,"Query as a dating profile search query, Key as personal description, Value as actual conversation payload.","Machine translation systems, document summarization engines.",Flawless studio acoustic treatment; meditative voiceover cadence; fluid visual transitions.,Use the Query-Key-Value database/dating metaphor to make abstract dot products intuitive.,94200,4500000.0,"Attention in transformers, step-by-step | Deep Learning Chapter 6 Step-by-Step Matrix Calculus Intuition Query, Key, and Value vector matrices interacting visually; dot product attention heatmaps. Adjective-noun agreement and pronoun resolution ('The animal didn't cross the street because it was too tired'). Query as a dating profile search query, Key as personal description, Value as actual conversation payload. Machine translation systems, document summarization engines. Use the Query-Key-Value database/dating metaphor to make abstract dot products intuitive.",1,1,1,1,1,0,567,74,15.319588176962746,6
VID-041,Natural Language Processing (NLP),Google Cloud Tech,"Transformers, explained: Understand the model behind GPT, BERT, and T5",http://www.youtube.com/watch?v=SZorAJ4I-sA,9:11,1.2M+,Model Landscape Overview,"Diagrams comparing encoder-only (BERT), decoder-only (GPT), and encoder-decoder (T5) setups.",Masked language modeling predictions vs next-token generative autoregression.,"A Swiss Army Knife with interchangeable blades suited for classification, generation, or translation.","Google Search query understanding, Gmail Smart Compose.",Crisp corporate production; modern Google graphics aesthetic; balanced audio.,Clearly categorize model families (BERT vs GPT vs T5) by their architecture and primary use cases.,551,1200000.0,"Transformers, explained: Understand the model behind GPT, BERT, and T5 Model Landscape Overview Diagrams comparing encoder-only (BERT), decoder-only (GPT), and encoder-decoder (T5) setups. Masked language modeling predictions vs next-token generative autoregression. A Swiss Army Knife with interchangeable blades suited for classification, generation, or translation. Google Search query understanding, Gmail Smart Compose. Clearly categorize model families (BERT vs GPT vs T5) by their architecture and primary use cases.",1,1,1,1,0,0,523,67,13.997832948091215,6
VID-042,Natural Language Processing (NLP),ByteByteGo,Transformers Step-by-Step Explained (Attention Is All You Need),http://www.youtube.com/watch?v=avjX3QrYkls,10:04,124K+,Engineering Architecture Flowchart,Hand-drawn digital architecture diagrams; color-coded block pipelines; data flow indicators.,"Walking token tensors through Positional Encoding, Multi-Head Attention, Add & Norm, and Feed Forward layers.",An ultra-efficient multi-stage water filtration and enrichment plant.,Modern enterprise generative AI backbones.,Clear concise voiceover; distinctive hand-drawn diagram animation style; steady pacing.,Break paper architecture down into an explicit top-to-bottom flowchart with clean visual grouping.,604,124000.0,"Transformers Step-by-Step Explained (Attention Is All You Need) Engineering Architecture Flowchart Hand-drawn digital architecture diagrams; color-coded block pipelines; data flow indicators. Walking token tensors through Positional Encoding, Multi-Head Attention, Add & Norm, and Feed Forward layers. An ultra-efficient multi-stage water filtration and enrichment plant. Modern enterprise generative AI backbones. Break paper architecture down into an explicit top-to-bottom flowchart with clean visual grouping.",1,1,1,1,0,0,513,62,11.728044909070784,2
VID-043,Natural Language Processing (NLP),CodeEmporium,BERT Neural Network - EXPLAINED!,http://www.youtube.com/watch?v=xI0HHN5XKDo,11:37,505K+,Pre-training Objective Deep Dive,Whiteboard animation of Masked Language Model (MLM) and Next Sentence Prediction (NSP).,Predicting '[MASK]' in 'The man went to the [MASK] to buy a gallon of milk.',Filling in blanks on a high-school reading comprehension exam.,Google search query ranking improvements (bidirectional understanding).,Crisp energetic delivery; clean whiteboard style with highlighted code and architecture.,Explain pre-training objectives (Masked LM) explicitly before explaining downstream fine-tuning.,697,505000.0,BERT Neural Network - EXPLAINED! Pre-training Objective Deep Dive Whiteboard animation of Masked Language Model (MLM) and Next Sentence Prediction (NSP). Predicting '[MASK]' in 'The man went to the [MASK] to buy a gallon of milk.' Filling in blanks on a high-school reading comprehension exam. Google search query ranking improvements (bidirectional understanding). Explain pre-training objectives (Masked LM) explicitly before explaining downstream fine-tuning.,1,1,1,1,0,0,462,62,13.132315688453556,6
VID-044,Natural Language Processing (NLP),StatQuest with Josh Starmer,"Attention for Neural Networks, Clearly Explained!!!",http://www.youtube.com/watch?v=PSs6nxngL6k,15:51,464K+,Stepwise Mathematical Intuition,Animated softmax equations; color-coded attention weight bars adjusting dynamically across words.,Translating the phrase 'bank of the river' into Spanish and focusing attention on 'river'.,Spotlight operators illuminating the most relevant actor on a crowded theater stage.,"Multilingual document translation, automated legal contract summarization.","Energetic, clear acoustic setup; trademark mnemonics and celebration sound bites.",Show how attention scores are calculated using simple unnormalized dot products before showing softmax.,951,464000.0,"Attention for Neural Networks, Clearly Explained!!! Stepwise Mathematical Intuition Animated softmax equations; color-coded attention weight bars adjusting dynamically across words. Translating the phrase 'bank of the river' into Spanish and focusing attention on 'river'. Spotlight operators illuminating the most relevant actor on a crowded theater stage. Multilingual document translation, automated legal contract summarization. Show how attention scores are calculated using simple unnormalized dot products before showing softmax.",1,1,1,1,1,0,536,67,13.047641986378483,6
VID-045,Natural Language Processing (NLP),Data Science Garage,Calculate TF-IDF in NLP (Simple Example),http://www.youtube.com/watch?v=vZAXpvHhQow,8:22,143K+,Manual Calculation & Formula Breakdown,Document term tables; step-by-step arithmetic substitution into TF and IDF formulas.,"Three mini-documents comparing frequency of common words ('the', 'is') vs rare words ('algorithm').",A filter that mutes white noise while amplifying rare musical notes.,"Information retrieval in search engines, legal e-discovery keyword search.",Clear instructional voiceover; full-screen formula breakdowns; focused instructional delivery.,Manually compute the numbers for a 3-sentence corpus so viewers understand why common words get penalized.,502,143000.0,"Calculate TF-IDF in NLP (Simple Example) Manual Calculation & Formula Breakdown Document term tables; step-by-step arithmetic substitution into TF and IDF formulas. Three mini-documents comparing frequency of common words ('the', 'is') vs rare words ('algorithm'). A filter that mutes white noise while amplifying rare musical notes. Information retrieval in search engines, legal e-discovery keyword search. Manually compute the numbers for a 3-sentence corpus so viewers understand why common words get penalized.",1,1,1,1,1,0,515,71,11.870606902224589,0
VID-046,Natural Language Processing (NLP),CodeCraft Academy,NLP Basics Explained: Tokenization & Embeddings,http://www.youtube.com/watch?v=TlflB-3Xd-4,7:16,809,Beginner Conceptual Stepping-Stone,Text sentence breaking into colored token blocks; numeric vectors mapped to semantic axes.,Converting 'AI is amazing' into word IDs and embedding coordinates.,Translating spoken language into musical notes that an automated player piano can read.,"Search bar query completion, chat filter moderation.",Warm voiceover; clean slide cards; well-paced delivery.,Avoid introducing complex math in beginner videos; emphasize input-transformation-output flow.,436,809.0,"NLP Basics Explained: Tokenization & Embeddings Beginner Conceptual Stepping-Stone Text sentence breaking into colored token blocks; numeric vectors mapped to semantic axes. Converting 'AI is amazing' into word IDs and embedding coordinates. Translating spoken language into musical notes that an automated player piano can read. Search bar query completion, chat filter moderation. Avoid introducing complex math in beginner videos; emphasize input-transformation-output flow.",1,1,1,1,1,0,477,62,6.697034247666484,6
VID-047,Natural Language Processing (NLP),IBM Technology,What are Word Embeddings?,http://www.youtube.com/watch?v=wgfSDrqYMJ4,8:38,277K+,Semantic Space Lightboard Lecture,3D coordinate axes drawn on lightboard with words positioned by semantic proximity.,"Plotting 'coffee', 'tea', 'cup', and 'mug' in one cluster, and 'rocket', 'moon', 'star' in another.","Arranging grocery items in supermarket aisles: dairy products grouped together, hardware elsewhere.","E-commerce related search suggestions, multilingual translation engines.",Studio-level audio clarity; balanced dynamic range; clear handwriting on glass.,Plot familiar word clusters on a whiteboard to make n-dimensional vector geometry feel intuitive.,518,277000.0,"What are Word Embeddings? Semantic Space Lightboard Lecture 3D coordinate axes drawn on lightboard with words positioned by semantic proximity. Plotting 'coffee', 'tea', 'cup', and 'mug' in one cluster, and 'rocket', 'moon', 'star' in another. Arranging grocery items in supermarket aisles: dairy products grouped together, hardware elsewhere. E-commerce related search suggestions, multilingual translation engines. Plot familiar word clusters on a whiteboard to make n-dimensional vector geometry feel intuitive.",1,1,1,1,1,0,514,68,12.531776395271262,6
VID-048,Natural Language Processing (NLP),Krish Naik,Word Embedding - Natural Language Processing,http://www.youtube.com/watch?v=pO_6Jk0QtKw,15:10,219K+,Curriculum-Aligned Technical Lecture,Handwritten digital notes; vector dimensionality reduction formulas; feature representation matrices.,"Representing vocabulary in a 300-dimension vector matrix with gender, age, and nobility features.",Giving words a detailed resume with scores across hundreds of character traits.,"Document classification in legal firms, sentiment scoring of financial filings.",Clear conversational Indian English; detailed tablet writing; focused and thorough.,"Show concrete feature labels (e.g. 'Gender', 'Royalty', 'Food') on initial embedding matrix columns.",910,219000.0,"Word Embedding - Natural Language Processing Curriculum-Aligned Technical Lecture Handwritten digital notes; vector dimensionality reduction formulas; feature representation matrices. Representing vocabulary in a 300-dimension vector matrix with gender, age, and nobility features. Giving words a detailed resume with scores across hundreds of character traits. Document classification in legal firms, sentiment scoring of financial filings. Show concrete feature labels (e.g. 'Gender', 'Royalty', 'Food') on initial embedding matrix columns.",1,1,1,1,1,0,542,67,12.296831574998258,6
VID-049,Natural Language Processing (NLP),CodeEmporium,BERT vs GPT,http://www.youtube.com/watch?v=BEt_BACGw6g,1:00,449K+,60-Second Rapid Architectural Contrast,Split-screen comparing Bidirectional Encoder (BERT) looking both ways vs Autoregressive Decoder (GPT) looking left.,BERT solving sentence classification vs GPT generating the next sentence.,A reader inspecting an entire historical sentence vs a writer composing word-by-word into the future.,Search query classification (BERT) vs chatbot conversation generation (GPT).,High-energy voiceover; rapid text and graphic animations; zero silence.,Focus on the single core distinction (Bidirectional vs Unidirectional) in under 60 seconds.,60,449000.0,BERT vs GPT 60-Second Rapid Architectural Contrast Split-screen comparing Bidirectional Encoder (BERT) looking both ways vs Autoregressive Decoder (GPT) looking left. BERT solving sentence classification vs GPT generating the next sentence. A reader inspecting an entire historical sentence vs a writer composing word-by-word into the future. Search query classification (BERT) vs chatbot conversation generation (GPT). Focus on the single core distinction (Bidirectional vs Unidirectional) in under 60 seconds.,1,1,1,1,0,0,511,68,13.014780393893403,6
VID-050,Natural Language Processing (NLP),Jay Alammar,Language Processing with BERT: The 3 Minute Intro,http://www.youtube.com/watch?v=ioGry-89gqE,6:10,109K+,Illustrated Concept Primer,Acclaimed visual book illustrations; token embedding stacks; transformer block flow.,Fine-tuning BERT for spam vs non-spam email classification with a single extra output layer.,Hiring a genius who has read every book in the world and training them for 10 minutes on your company's email sorting.,"Customer sentiment routing, intent classification in contact centers.","Gentle, authoritative voiceover; exquisite illustration aesthetics; peaceful background.",Use the 'transfer learning: pre-trained generalist + lightweight task head' visual metaphor.,370,109000.0,"Language Processing with BERT: The 3 Minute Intro Illustrated Concept Primer Acclaimed visual book illustrations; token embedding stacks; transformer block flow. Fine-tuning BERT for spam vs non-spam email classification with a single extra output layer. Hiring a genius who has read every book in the world and training them for 10 minutes on your company's email sorting. Customer sentiment routing, intent classification in contact centers. Use the 'transfer learning: pre-trained generalist + lightweight task head' visual metaphor.",1,1,1,1,0,0,536,77,11.599112335481124,6
VID-051,Natural Language Processing (NLP),AssemblyAI,What is BERT and how does it work?,http://www.youtube.com/watch?v=6ahxPTLZxU8,8:56,87K+,Developer Motion Graphics,Animated transformer encoders; masking probability distributions; next sentence labels.,Masking 15% of tokens in Wikipedia sentences during pre-training.,A student practicing fill-in-the-blank language quizzes to achieve native fluency.,"Named Entity Recognition (NER), question answering over technical documentation.",Clean studio microphone; upbeat tech pacing; professional motion design.,"Clearly explain the 15% masking rule (80% [MASK], 10% random, 10% original) to demystify pre-training.",536,87000.0,"What is BERT and how does it work? Developer Motion Graphics Animated transformer encoders; masking probability distributions; next sentence labels. Masking 15% of tokens in Wikipedia sentences during pre-training. A student practicing fill-in-the-blank language quizzes to achieve native fluency. Named Entity Recognition (NER), question answering over technical documentation. Clearly explain the 15% masking rule (80% [MASK], 10% random, 10% original) to demystify pre-training.",1,1,1,1,1,0,481,63,11.373674891823535,6
VID-052,Natural Language Processing (NLP),Under The Hood,How Attention Mechanism Works in Transformer Architecture,http://www.youtube.com/watch?v=KMHkbXzHn7s,22:10,139K+,In-Depth Matrix Derivation,Scaled dot product formulas; dimension normalization factors (1/sqrt(dk)); multi-head split projections.,Computing attention between words in a 5-word sentence with explicit 4x4 matrix multiplications.,Scaling variance like adjusting a microscope lens so extreme values don't push gradients into flat sigmoid zones.,High-accuracy sentence translation in international diplomacy and commerce.,"Measured, calm academic voiceover; detailed digital chalkboard calculations.",Explain WHY the scaling factor sqrt(dk) is necessary (preventing vanishing gradients in softmax).,1330,139000.0,How Attention Mechanism Works in Transformer Architecture In-Depth Matrix Derivation Scaled dot product formulas; dimension normalization factors (1/sqrt(dk)); multi-head split projections. Computing attention between words in a 5-word sentence with explicit 4x4 matrix multiplications. Scaling variance like adjusting a microscope lens so extreme values don't push gradients into flat sigmoid zones. High-accuracy sentence translation in international diplomacy and commerce. Explain WHY the scaling factor sqrt(dk) is necessary (preventing vanishing gradients in softmax).,1,1,1,1,1,0,574,72,11.842236406331557,6
VID-053,Natural Language Processing (NLP),Hex,Word Embeddings: TF-IDF,http://www.youtube.com/watch?v=x1u5TotQ0G0,5:26,17K+,Pragmatic Data Science Tutorial,Term count tables; log inverse curve graphs; sparse matrix visualizations.,Finding the most unique search terms in a collection of data science articles.,A metal detector that ignores common iron nails to beep only for rare gold coins.,"Search engine relevancy ranking, automated keyword tagging.",Crisp developer voiceover; high-contrast dark theme visuals; focused 5-minute pacing.,Keep the mathematical explanation grounded in a 3-document comparison table.,326,17000.0,"Word Embeddings: TF-IDF Pragmatic Data Science Tutorial Term count tables; log inverse curve graphs; sparse matrix visualizations. Finding the most unique search terms in a collection of data science articles. A metal detector that ignores common iron nails to beep only for rare gold coins. Search engine relevancy ranking, automated keyword tagging. Keep the mathematical explanation grounded in a 3-document comparison table.",1,1,1,1,1,0,428,62,9.741027444837728,0
VID-054,Natural Language Processing (NLP),DataMListic,Term Frequency Inverse Document Frequency (TF-IDF) Explained,http://www.youtube.com/watch?v=zLMEnNbdh4Q,8:59,43K+,Educational Formula Walkthrough,Stepwise math animations calculating log(N/df) for common vs rare terms.,"Filtering stop words ('the', 'a') and prioritizing domain terms ('quantum', 'cryptography').",Turning down the background static on a radio to hear the emergency broadcast clearly.,"Email spam filtering, topic modeling in news feeds.",Balanced audio; clear step-by-step mathematical slides; steady tempo.,Explain why the logarithm is applied to inverse frequency (dampening effect of huge document counts).,539,43000.0,"Term Frequency Inverse Document Frequency (TF-IDF) Explained Educational Formula Walkthrough Stepwise math animations calculating log(N/df) for common vs rare terms. Filtering stop words ('the', 'a') and prioritizing domain terms ('quantum', 'cryptography'). Turning down the background static on a radio to hear the emergency broadcast clearly. Email spam filtering, topic modeling in news feeds. Explain why the logarithm is applied to inverse frequency (dampening effect of huge document counts).",1,1,1,1,1,0,499,68,10.66897865021924,0
VID-055,Natural Language Processing (NLP),StatQuest with Josh Starmer,Sequence-to-Sequence (seq2seq) Encoder-Decoder Neural Networks,http://www.youtube.com/watch?v=L8HKweZIOmg,16:50,374K+,Pedagogical Pipeline Walkthrough,Encoder RNN condensing sentence into a context vector; Decoder RNN generating output tokens.,Translating 'How are you?' into Spanish '¿Cómo estás?'.,"A translator listening to an entire foreign sentence, summarizing the thought in their head, then speaking.","Voice transcription, closed-captioning generation.",Energetic and friendly tone; acoustic guitar breaks; colorful slide layout.,Show how the fixed-length context vector bottleneck created the need for the Attention mechanism.,1010,374000.0,"Sequence-to-Sequence (seq2seq) Encoder-Decoder Neural Networks Pedagogical Pipeline Walkthrough Encoder RNN condensing sentence into a context vector; Decoder RNN generating output tokens. Translating 'How are you?' into Spanish '¿Cómo estás?'. A translator listening to an entire foreign sentence, summarizing the thought in their head, then speaking. Voice transcription, closed-captioning generation. Show how the fixed-length context vector bottleneck created the need for the Attention mechanism.",1,1,1,1,1,0,501,63,12.832013750189883,6
VID-056,Large Language Models (LLM),3Blue1Brown,Large Language Models explained briefly,http://www.youtube.com/watch?v=LPZh9BOjkQs,7:58,7.5M+,Conceptual & Philosophical Deconstruction,Token probability distribution towers; vector space text morphing; animated connection graphs.,Predicting the next token following 'The first person to walk on the moon was...',An unimaginably sophisticated autocomplete engine that internalized a simulation of human knowledge.,"ChatGPT, automated coding assistants, AI creative writing engines.",Unrivaled vocal intimacy and acoustic polish; elegant 60fps Manim vector transitions.,Frame LLMs as next-token predictors before addressing emergent reasoning capabilities.,478,7500000.0,"Large Language Models explained briefly Conceptual & Philosophical Deconstruction Token probability distribution towers; vector space text morphing; animated connection graphs. Predicting the next token following 'The first person to walk on the moon was...' An unimaginably sophisticated autocomplete engine that internalized a simulation of human knowledge. ChatGPT, automated coding assistants, AI creative writing engines. Frame LLMs as next-token predictors before addressing emergent reasoning capabilities.",1,1,1,1,1,1,513,64,15.830413711839864,6
VID-057,Large Language Models (LLM),Andrej Karpathy,[1hr Talk] Intro to Large Language Models,http://www.youtube.com/watch?v=zjkBMFhNj_g,59:48:00,4.1M+,Masterclass Systems Engineering,Slide deck with internet-scale data compression statistics; GPU cluster photos; security jailbreak slides.,LLaMA-2 70B parameter file footprint; Llama prompt hacking and prompt injections.,LLM as the kernel process of an emerging operating system; pretraining as lossy zip compression of the web.,"Autonomous coding, enterprise AI workflows, LLM cybersecurity vulnerabilities.",Crisp podcast-grade Shure microphone audio; calm authoritative presentation; readable slides.,"Use the 'LLM as an Operating System' mental model to help viewers conceptualize RAM, CPU, and disk equivalents.",215280,4100000.0,"[1hr Talk] Intro to Large Language Models Masterclass Systems Engineering Slide deck with internet-scale data compression statistics; GPU cluster photos; security jailbreak slides. LLaMA-2 70B parameter file footprint; Llama prompt hacking and prompt injections. LLM as the kernel process of an emerging operating system; pretraining as lossy zip compression of the web. Autonomous coding, enterprise AI workflows, LLM cybersecurity vulnerabilities. Use the 'LLM as an Operating System' mental model to help viewers conceptualize RAM, CPU, and disk equivalents.",1,1,1,1,1,1,561,78,15.226497775576943,1
VID-058,Large Language Models (LLM),Andrej Karpathy,Deep Dive into LLMs like ChatGPT,http://www.youtube.com/watch?v=7xTGNNLPyMI,3:31:24,9.4M+,Exhaustive End-to-End Technical Deep Dive,Detailed slides; live terminal tokenization outputs; pretraining loss curves; reinforcement learning diagrams.,"Building and training a GPT from scratch; step-by-step training stages (Pre-training, SFT, RLHF).",Pretraining is reading billions of books; Fine-tuning is learning how to be a helpful customer support agent.,"State-of-the-art commercial AI products (ChatGPT, Claude, Gemini).",Impeccable acoustic setup; ultra-clear screen capture; transparent and engaging pedagogy.,Segment monumental multi-hour topics into crystal-clear developmental stages (Pretraining -> SFT -> RLHF).,12684,9400000.0,"Deep Dive into LLMs like ChatGPT Exhaustive End-to-End Technical Deep Dive Detailed slides; live terminal tokenization outputs; pretraining loss curves; reinforcement learning diagrams. Building and training a GPT from scratch; step-by-step training stages (Pre-training, SFT, RLHF). Pretraining is reading billions of books; Fine-tuning is learning how to be a helpful customer support agent. State-of-the-art commercial AI products (ChatGPT, Claude, Gemini). Segment monumental multi-hour topics into crystal-clear developmental stages (Pretraining -> SFT -> RLHF).",1,1,1,1,0,0,567,73,16.056220353623207,2
VID-059,Large Language Models (LLM),IBM Technology,How Large Language Models Work,http://www.youtube.com/watch?v=5sLYAQS9sWQ,5:34,1.6M+,Concise Conceptual Lightboard Lecture,Lightboard diagram showing the pipeline from massive text corpus to embeddings and prediction layers.,Predicting the word 'bark' given the context of 'The dog started to...'.,Super-powered smartphone autocomplete that understands context across hundreds of pages.,"Customer support chatbots, automated email composition tools.",Studio 4K video; crisp lapel microphone; luminous marker contrast on black background.,Deliver a complete end-to-end overview in 5 minutes for busy professionals and junior engineers.,334,1600000.0,"How Large Language Models Work Concise Conceptual Lightboard Lecture Lightboard diagram showing the pipeline from massive text corpus to embeddings and prediction layers. Predicting the word 'bark' given the context of 'The dog started to...'. Super-powered smartphone autocomplete that understands context across hundreds of pages. Customer support chatbots, automated email composition tools. Deliver a complete end-to-end overview in 5 minutes for busy professionals and junior engineers.",1,1,1,1,0,0,491,66,14.285514812209817,6
VID-060,Large Language Models (LLM),freeCodeCamp.org,Prompt Engineering Tutorial – Master ChatGPT and LLM Responses,http://www.youtube.com/watch?v=_ZvnD73m40o,41:36:00,2.8M+,Tactical Hands-on Implementation Guide,Real-time OpenAI playground prompt trials; side-by-side prompt output comparisons; markdown templates.,Few-shot prompting for legal text summarization; Chain-of-Thought (CoT) prompting for math puzzles.,"Directing an extremely intelligent intern who needs crystal-clear, structured instructions to do great work.","Automating customer support drafting, code generation pipelines, structured JSON data extraction.",Professional screencast audio; clean high-contrast web UI text; paced instructional progression.,Show 'Bad Prompt vs Good Prompt' side-by-side to visibly prove the performance gap.,149760,2800000.0,"Prompt Engineering Tutorial – Master ChatGPT and LLM Responses Tactical Hands-on Implementation Guide Real-time OpenAI playground prompt trials; side-by-side prompt output comparisons; markdown templates. Few-shot prompting for legal text summarization; Chain-of-Thought (CoT) prompting for math puzzles. Directing an extremely intelligent intern who needs crystal-clear, structured instructions to do great work. Automating customer support drafting, code generation pipelines, structured JSON data extraction. Show 'Bad Prompt vs Good Prompt' side-by-side to visibly prove the performance gap.",1,1,1,1,1,1,595,74,14.845130332288226,2
VID-061,Large Language Models (LLM),Tina Huang,Google's 9 Hour AI Prompt Engineering Course In 20 Minutes,http://www.youtube.com/watch?v=p09yRj47kNM,20:17,2.1M+,Curriculum Synthesis & Study Guide,Clean Notion-style slides; graphic cards summarizing prompt frameworks; live test demonstrations.,"Zero-shot, Few-shot, Role prompting, and ReAct prompt structures applied to marketing and analytics.",Prompting frameworks as structured recipe cards that prevent the model from hallucinating ingredients.,"Workplace productivity, automated report generation, market research synthesis.",Studio lighting; pleasing aesthetic desk setup; crisp vocal capture; animated bullet summaries.,Package lengthy official corporate courses into high-density 20-minute distillations.,1217,2100000.0,"Google's 9 Hour AI Prompt Engineering Course In 20 Minutes Curriculum Synthesis & Study Guide Clean Notion-style slides; graphic cards summarizing prompt frameworks; live test demonstrations. Zero-shot, Few-shot, Role prompting, and ReAct prompt structures applied to marketing and analytics. Prompting frameworks as structured recipe cards that prevent the model from hallucinating ingredients. Workplace productivity, automated report generation, market research synthesis. Package lengthy official corporate courses into high-density 20-minute distillations.",1,1,1,1,0,0,561,69,14.557448378884017,2
VID-062,Large Language Models (LLM),Matt Williams,Optimize Your AI - Quantization Explained,http://www.youtube.com/watch?v=K75j8MkwgJ0,12:10,528K+,Hardware & Model Compression Breakdown,Visual number lines comparing 32-bit floating point precision against 8-bit and 4-bit integers.,Fitting a 70B parameter model on consumer GPUs with FP16 vs INT4 quantization.,Converting an uncompressed high-definition audio file to an efficient MP3 that sounds almost identical.,Running LLMs locally on MacBooks and mobile edge devices without cloud costs.,Rich microphone presence; crisp software screencasts; clean animated graphs.,Explain the tradeoff between VRAM reduction and minor perplexity loss using visual precision grids.,730,528000.0,Optimize Your AI - Quantization Explained Hardware & Model Compression Breakdown Visual number lines comparing 32-bit floating point precision against 8-bit and 4-bit integers. Fitting a 70B parameter model on consumer GPUs with FP16 vs INT4 quantization. Converting an uncompressed high-definition audio file to an efficient MP3 that sounds almost identical. Running LLMs locally on MacBooks and mobile edge devices without cloud costs. Explain the tradeoff between VRAM reduction and minor perplexity loss using visual precision grids.,1,1,1,1,0,0,537,77,13.176853456626,1
VID-063,Large Language Models (LLM),ByteByteGo,How ChatGPT Works Technically | ChatGPT Architecture,http://www.youtube.com/watch?v=bSvTVREwSNw,7:54,948K+,System Architecture Animation,"Animated step-by-step block diagrams of Pre-training, Supervised Fine-Tuning, Reward Modeling, and PPO.",Human annotators ranking multiple model completions to train the reward model.,Pre-training is earning a college degree; SFT is job training; RLHF is learning company etiquette.,"Commercial conversational agents, safety alignment filters in modern AI.",Clean voiceover; consistent brand aesthetic; signature hand-drawn technical diagrams.,Use the three-stage training framework (Pretrain -> Fine-tune -> Align) to structure complex AI discussions.,474,948000.0,"How ChatGPT Works Technically | ChatGPT Architecture System Architecture Animation Animated step-by-step block diagrams of Pre-training, Supervised Fine-Tuning, Reward Modeling, and PPO. Human annotators ranking multiple model completions to train the reward model. Pre-training is earning a college degree; SFT is job training; RLHF is learning company etiquette. Commercial conversational agents, safety alignment filters in modern AI. Use the three-stage training framework (Pretrain -> Fine-tune -> Align) to structure complex AI discussions.",1,1,1,1,0,0,546,72,13.762110836088922,2
VID-064,Large Language Models (LLM),IBM Technology,What is Mixture of Experts?,http://www.youtube.com/watch?v=sYDlVVyJYn4,7:58,68K+,Sparse Architecture & Router Network,Gating router network diagrams directing incoming tokens to specialized expert sub-networks on lightboard.,Routing coding tokens to a coding expert and medical tokens to a biology expert in Mixtral 8x7B.,A hospital reception desk directing patients immediately to specialized doctors instead of generalists.,"High-throughput, cost-efficient LLM serving in commercial APIs (e.g. GPT-4, Mixtral).",Excellent studio acoustics; crisp marker diagramming; engaging and fluid explanation.,Distinguish active parameters per token from total model parameters to clear up efficiency confusion.,478,68000.0,"What is Mixture of Experts? Sparse Architecture & Router Network Gating router network diagrams directing incoming tokens to specialized expert sub-networks on lightboard. Routing coding tokens to a coding expert and medical tokens to a biology expert in Mixtral 8x7B. A hospital reception desk directing patients immediately to specialized doctors instead of generalists. High-throughput, cost-efficient LLM serving in commercial APIs (e.g. GPT-4, Mixtral). Distinguish active parameters per token from total model parameters to clear up efficiency confusion.",1,1,1,1,0,1,560,77,11.127277689932466,1
VID-065,Large Language Models (LLM),StatQuest with Josh Starmer,"Reinforcement Learning with Human Feedback (RLHF), Clearly Explained!!!",http://www.youtube.com/watch?v=qPN_XZcJf_s,18:02,69K+,Probabilistic Alignment Walkthrough,Reward model scoring plots; human ranking cards; PPO policy shift arrows.,"Rewarding a chatbot for helpful, safe answers and penalizing harmful or toxic completions.",Dog obedience training using treats for good behavior and gentle redirection for bad behavior.,Making ChatGPT polite and safe for public consumer use.,Enthusiastic vocal dynamics; warm audio capture; colorful clear slide illustrations.,Explain why human feedback is necessary because loss functions cannot measure subjective helpfulness.,1082,69000.0,"Reinforcement Learning with Human Feedback (RLHF), Clearly Explained!!! Probabilistic Alignment Walkthrough Reward model scoring plots; human ranking cards; PPO policy shift arrows. Rewarding a chatbot for helpful, safe answers and penalizing harmful or toxic completions. Dog obedience training using treats for good behavior and gentle redirection for bad behavior. Making ChatGPT polite and safe for public consumer use. Explain why human feedback is necessary because loss functions cannot measure subjective helpfulness.",1,1,1,1,0,0,525,71,11.141876276228,4
VID-066,Large Language Models (LLM),IBM Technology,How KV Cache Speeds Up LLMs for Faster AI Models on GPUs,http://www.youtube.com/watch?v=o0gkdZBtwEg,11:15,153K+,Inference Optimization & Memory Footprint,Token-by-token sequence generation on lightboard showing recomputation waste vs KV memory storage.,"Generating a 1,000-token response and saving GPU matrix multiplications by storing key-value vectors.",Writing down your math scratchwork so you don't have to re-solve previous equations for the next step.,Real-time streaming text generation speed in AI chat interfaces.,High-definition lightboard recording; balanced studio sound; engaging speaker cadence.,Directly calculate the redundant compute saved to demonstrate why KV caching is universally implemented.,675,153000.0,"How KV Cache Speeds Up LLMs for Faster AI Models on GPUs Inference Optimization & Memory Footprint Token-by-token sequence generation on lightboard showing recomputation waste vs KV memory storage. Generating a 1,000-token response and saving GPU matrix multiplications by storing key-value vectors. Writing down your math scratchwork so you don't have to re-solve previous equations for the next step. Real-time streaming text generation speed in AI chat interfaces. Directly calculate the redundant compute saved to demonstrate why KV caching is universally implemented.",1,1,1,1,1,0,572,82,11.938199736300923,1
VID-067,Large Language Models (LLM),Jeff Su,"AI Agents, Clearly Explained",http://www.youtube.com/watch?v=FwOTs4UxQS4,10:09,4.9M+,Workflow Analysis & Framework Guide,Modern motion graphics showing the Perception -> Planning -> Tool Execution -> Reflection loop.,Booking a complete vacation flight and hotel itinerary autonomously using web tools.,"A static chatbot is a brain in a jar; an AI agent is a person given hands, eyes, and a smartphone.","Automated sales prospecting, automated software debugging agents, autonomous research assistants.",Aesthetic studio lighting; pristine audio compression; kinetic motion typography; flawless pacing.,Use the 'Brain vs Hands' analogy to instantly explain the leap from basic LLMs to autonomous agents.,609,4900000.0,"AI Agents, Clearly Explained Workflow Analysis & Framework Guide Modern motion graphics showing the Perception -> Planning -> Tool Execution -> Reflection loop. Booking a complete vacation flight and hotel itinerary autonomously using web tools. A static chatbot is a brain in a jar; an AI agent is a person given hands, eyes, and a smartphone. Automated sales prospecting, automated software debugging agents, autonomous research assistants. Use the 'Brain vs Hands' analogy to instantly explain the leap from basic LLMs to autonomous agents.",1,1,1,1,0,0,543,83,15.404745967162468,2
VID-068,Large Language Models (LLM),Rabbitmetrics,LangChain Explained in 13 Minutes | QuickStart Tutorial for Beginners,http://www.youtube.com/watch?v=aywZrzNaKjs,12:44,1.1M+,Framework Architecture & Quickstart,"Modular component diagrams (Prompts, Models, Output Parsers, Chains, Memory); VS Code demo.",Connecting an LLM to a live weather API and parsing the output into a clean JSON response.,"LEGO building blocks that snap LLMs, data stores, and third-party APIs together.",Building customized internal company AI tools and enterprise chatbots.,Clear voice recording; enlarged code IDE; concise and practical instructional flow.,Introduce one framework component at a time before chaining them together into a complete pipeline.,764,1100000.0,"LangChain Explained in 13 Minutes | QuickStart Tutorial for Beginners Framework Architecture & Quickstart Modular component diagrams (Prompts, Models, Output Parsers, Chains, Memory); VS Code demo. Connecting an LLM to a live weather API and parsing the output into a clean JSON response. LEGO building blocks that snap LLMs, data stores, and third-party APIs together. Building customized internal company AI tools and enterprise chatbots. Introduce one framework component at a time before chaining them together into a complete pipeline.",1,1,1,1,0,1,540,79,13.910821646859096,2
VID-069,Large Language Models (LLM),codebasics,LangChain Crash Course For Beginners | LangChain Tutorial,http://www.youtube.com/watch?v=nAmC7SoVLd8,46:07:00,703K+,Comprehensive Project Tutorial,Architecture slides paired with live Python code development in Jupyter Notebooks.,Building a Restaurant Name & Menu Item Generator based on selected cuisine.,Chaining together specialized factory conveyor belts where each worker performs one task.,"Automated marketing content generators, multi-step customer inquiries.","Warm, engaging vocal delivery; crisp screencast quality; clear repository links provided.","Anchor framework learning in a fun, tangible project (restaurant generator) that outputs results immediately.",166020,703000.0,"LangChain Crash Course For Beginners | LangChain Tutorial Comprehensive Project Tutorial Architecture slides paired with live Python code development in Jupyter Notebooks. Building a Restaurant Name & Menu Item Generator based on selected cuisine. Chaining together specialized factory conveyor belts where each worker performs one task. Automated marketing content generators, multi-step customer inquiries. Anchor framework learning in a fun, tangible project (restaurant generator) that outputs results immediately.",1,1,1,1,0,1,518,67,13.463113593266897,2
VID-070,Large Language Models (LLM),AI Coffee Break with Letitia,Positional embeddings in transformers EXPLAINED | Demystifying positional encodings.,http://www.youtube.com/watch?v=1biZfFLPRSY,9:40,95K+,Mathematical Intuition & Curves,Animated sinusoidal sine and cosine wave frequencies; binary counter comparison tables.,Differentiating 'Dog bites man' from 'Man bites dog' when self-attention processes words in parallel.,Clock hands rotating at different speeds to pinpoint the exact time of day.,Preserving word order in document translation and legal contract parsing.,"Gentle, precise articulation; pleasing aesthetic visual identity; clean formula animations.",Explain why transformers have no inherent sense of order before introducing sinusoidal clock wave solutions.,580,95000.0,Positional embeddings in transformers EXPLAINED | Demystifying positional encodings. Mathematical Intuition & Curves Animated sinusoidal sine and cosine wave frequencies; binary counter comparison tables. Differentiating 'Dog bites man' from 'Man bites dog' when self-attention processes words in parallel. Clock hands rotating at different speeds to pinpoint the exact time of day. Preserving word order in document translation and legal contract parsing. Explain why transformers have no inherent sense of order before introducing sinusoidal clock wave solutions.,1,1,1,1,1,0,565,76,11.461642696843066,6
VID-071,Large Language Models (LLM),codebasics,LLM Explained | What is LLM,http://www.youtube.com/watch?v=67_aMPDk2zw,4:17,461K+,High-Level Conceptual Summary,"Interactive whiteboard sketches connecting massive training data, transformer backbones, and chat apps.",Asking an LLM to draft a formal leave letter or generate Python code.,A super-librarian who has memorized every book in the world and answers questions instantly.,"Office productivity, virtual coding assistants, creative brainstorming tools.",Crisp conversational Indian English; clean tablet drawings; fast 4-minute runtime.,Provide a simple 4-minute introductory video for non-technical viewers before diving into transformers.,257,461000.0,"LLM Explained | What is LLM High-Level Conceptual Summary Interactive whiteboard sketches connecting massive training data, transformer backbones, and chat apps. Asking an LLM to draft a formal leave letter or generate Python code. A super-librarian who has memorized every book in the world and answers questions instantly. Office productivity, virtual coding assistants, creative brainstorming tools. Provide a simple 4-minute introductory video for non-technical viewers before diving into transformers.",1,1,1,1,0,1,506,69,13.04115549117383,2
VID-072,Large Language Models (LLM),Matthew Berman,Everything You Need To Know About Large Language Models (LLMs),http://www.youtube.com/watch?v=osKyvYJ3PRM,25:20:00,514K+,Industry Landscape Review,Model leaderboard benchmarks; open-source vs proprietary charts; architecture diagrams.,"Comparing Llama 3, Claude 3.5 Sonnet, and GPT-4o on coding and reasoning benchmarks.",Choosing a car: commercial luxury sedan with driver (API) vs customizable race car you tune yourself (open source).,"Choosing enterprise AI infrastructure, startup tech stack decisions.",Studio Shure microphone; dynamic on-screen graphics; charismatic creator presence.,"Compare open-source vs closed-source models across price, privacy, and performance parameters.",91200,514000.0,"Everything You Need To Know About Large Language Models (LLMs) Industry Landscape Review Model leaderboard benchmarks; open-source vs proprietary charts; architecture diagrams. Comparing Llama 3, Claude 3.5 Sonnet, and GPT-4o on coding and reasoning benchmarks. Choosing a car: commercial luxury sedan with driver (API) vs customizable race car you tune yourself (open source). Choosing enterprise AI infrastructure, startup tech stack decisions. Compare open-source vs closed-source models across price, privacy, and performance parameters.",1,1,1,1,0,1,541,72,13.1499804899607,2
VID-073,Large Language Models (LLM),Shaw Talebi,Fine-tuning Large Language Models (LLMs) | w/ Example Code,http://www.youtube.com/watch?v=eC6Hd1hFvos,28:18:00,576K+,Applied Code & Theory Workshop,Clean slide diagrams illustrating LoRA adapter matrices alongside Python code in Google Colab.,Fine-tuning an open-source LLM on custom medical dialogue pairs to adopt clinical tone.,Adding a specialized attachment to a kitchen stand mixer rather than forging a new motor from scratch.,"Healthcare chatbot fine-tuning, specialized financial analyst assistants.","Gentle, polished vocal delivery; beautiful dark-mode slides; high-resolution IDE text.",Show the training loss curve dropping during the Colab run to prove the model is actually learning.,101880,576000.0,"Fine-tuning Large Language Models (LLMs) | w/ Example Code Applied Code & Theory Workshop Clean slide diagrams illustrating LoRA adapter matrices alongside Python code in Google Colab. Fine-tuning an open-source LLM on custom medical dialogue pairs to adopt clinical tone. Adding a specialized attachment to a kitchen stand mixer rather than forging a new motor from scratch. Healthcare chatbot fine-tuning, specialized financial analyst assistants. Show the training loss curve dropping during the Colab run to prove the model is actually learning.",1,1,1,1,0,1,549,81,13.263864675787632,6
VID-074,Large Language Models (LLM),Matt Wolfe,How To Fine-Tune A Large Language Model (Step-By-Step),http://www.youtube.com/watch?v=pddeyCqevnw,28:20:00,40K+,Creator-Friendly Practical Guide,Browser-based fine-tuning UI walkthroughs; JSONL dataset formatting examples; test generation prompts.,Formatting training data into prompt-completion JSONL pairs and uploading to fine-tuning endpoints.,Training an actor on a specific theater script after they already know how to act.,"Customizing brand voice for marketing agencies, domain-specific support bots.",High-end creator studio lighting; warm podcast vocal presence; crisp screencast capture.,Walk through preparing the JSONL training file row by row to prevent data formatting errors.,102000,40000.0,"How To Fine-Tune A Large Language Model (Step-By-Step) Creator-Friendly Practical Guide Browser-based fine-tuning UI walkthroughs; JSONL dataset formatting examples; test generation prompts. Formatting training data into prompt-completion JSONL pairs and uploading to fine-tuning endpoints. Training an actor on a specific theater script after they already know how to act. Customizing brand voice for marketing agencies, domain-specific support bots. Walk through preparing the JSONL training file row by row to prevent data formatting errors.",1,1,1,1,0,0,544,73,10.59665973278358,2
VID-075,Large Language Models (LLM),Tech With Tim,Prompt Engineering Full Course,http://www.youtube.com/watch?v=2BpCk4d2Cc0,37:44:00,298K+,Developer Coding Masterclass,Python scripting with OpenAI API; markdown system prompt templates; output validation schemas.,Building automated customer service agents with Pydantic output parsing and temperature tuning.,Writing clear technical specifications for a contractor: ambiguity leads to flawed construction.,"Automated data extraction from invoices, enterprise API integrations.",Professional developer audio; clean code editor; methodical and engaging cadence.,Teach Pydantic/JSON structured outputs rather than unstructured free-form text completions.,135840,298000.0,"Prompt Engineering Full Course Developer Coding Masterclass Python scripting with OpenAI API; markdown system prompt templates; output validation schemas. Building automated customer service agents with Pydantic output parsing and temperature tuning. Writing clear technical specifications for a contractor: ambiguity leads to flawed construction. Automated data extraction from invoices, enterprise API integrations. Teach Pydantic/JSON structured outputs rather than unstructured free-form text completions.",1,1,1,1,0,1,509,61,12.604852121186608,2
VID-076,Large Language Models (LLM),Julia Turc,How LLMs survive in low precision | Quantization Fundamentals,http://www.youtube.com/watch?v=qoQJq5UwV1c,20:34,72K+,Hardware & Mathematical Engineering,"Floating point bit layouts (sign, exponent, mantissa); symmetric vs asymmetric quantization math.",Compressing 16-bit float weight tensors into 4-bit integers (AWQ and GPTQ).,"Rounding currency to the nearest cent: pennies matter for accounting, but fractions of a penny are negligible.","Running 70B parameter models on single-GPU servers, cutting cloud inference costs by 75%.",Pristine studio audio; razor-sharp technical diagrams; exceptional clarity.,Explain the IEEE 754 floating-point structure before showing how quantization clamps values into integer buckets.,1234,72000.0,"How LLMs survive in low precision | Quantization Fundamentals Hardware & Mathematical Engineering Floating point bit layouts (sign, exponent, mantissa); symmetric vs asymmetric quantization math. Compressing 16-bit float weight tensors into 4-bit integers (AWQ and GPTQ). Rounding currency to the nearest cent: pennies matter for accounting, but fractions of a penny are negligible. Running 70B parameter models on single-GPU servers, cutting cloud inference costs by 75%. Explain the IEEE 754 floating-point structure before showing how quantization clamps values into integer buckets.",1,1,1,1,1,0,586,81,11.184435286790633,1
VID-077,Large Language Models (LLM),Kyle Hill,ChatGPT Explained Completely.,http://www.youtube.com/watch?v=-4Oso9-9KTQ,27:39:00,1.4M+,Documentary-Style Narrative,Cinematic visual effects; neural network cosmos animations; pop-culture movie clips.,From Markov chains and Eliza to Transformers and emergent multi-step reasoning in ChatGPT.,The Chinese Room argument; autocomplete that read the entire Library of Alexandria.,"The future of labor, creative arts disruption, Turing test obsolescence.",Hollywood-grade sound mix; broadcast television lighting; charismatic delivery.,Weave philosophical questions (Can machines think?) into technical explanations to maximize engagement.,99540,1400000.0,"ChatGPT Explained Completely. Documentary-Style Narrative Cinematic visual effects; neural network cosmos animations; pop-culture movie clips. From Markov chains and Eliza to Transformers and emergent multi-step reasoning in ChatGPT. The Chinese Room argument; autocomplete that read the entire Library of Alexandria. The future of labor, creative arts disruption, Turing test obsolescence. Weave philosophical questions (Can machines think?) into technical explanations to maximize engagement.",1,1,1,1,0,0,494,62,14.151983508870948,6
VID-078,Large Language Models (LLM),Maarten Grootendorst,A Visual Guide to Mixture of Experts (MoE) in LLMs,http://www.youtube.com/watch?v=sOPDGQjFcuM,19:44,69K+,Visual Diagrammatic Guide,Custom diagrams showing token dispatch to Top-K expert Feed-Forward blocks.,Mixtral 8x7B activating only 2 out of 8 experts per token (13B active vs 47B total parameters).,Consulting two specialists on a panel of eight doctors for each symptom.,State-of-the-art open-source LLM efficiency in server clusters.,"Calm, precise narration; elegant custom color palette; smooth animations.",Provide visual architecture diagrams that viewers can screenshot and use as mental models.,1184,69000.0,A Visual Guide to Mixture of Experts (MoE) in LLMs Visual Diagrammatic Guide Custom diagrams showing token dispatch to Top-K expert Feed-Forward blocks. Mixtral 8x7B activating only 2 out of 8 experts per token (13B active vs 47B total parameters). Consulting two specialists on a panel of eight doctors for each symptom. State-of-the-art open-source LLM efficiency in server clusters. Provide visual architecture diagrams that viewers can screenshot and use as mental models.,1,1,1,1,0,0,476,72,11.141876276228,1
VID-079,Large Language Models (LLM),IBM Technology,Reinforcement Learning from Human Feedback (RLHF) Explained,http://www.youtube.com/watch?v=T_X4XFwKX8k,11:29,100K+,Alignment Lightboard Architecture,"Step-by-step lightboard diagram of the three phases: SFT, Reward Model training, and PPO alignment.","Training an AI to politely decline dangerous instructions (e.g., 'How to pick a lock').",Teaching a child manners and ethics after they have already learned how to read and speak.,"AI safety benchmarks, commercial enterprise compliance in LLM deployments.",Top-tier studio recording; vibrant marker contrast; articulate presentation.,Contrast the Reward Model's loss curve with standard language modeling loss.,689,100000.0,"Reinforcement Learning from Human Feedback (RLHF) Explained Alignment Lightboard Architecture Step-by-step lightboard diagram of the three phases: SFT, Reward Model training, and PPO alignment. Training an AI to politely decline dangerous instructions (e.g., 'How to pick a lock'). Teaching a child manners and ethics after they have already learned how to read and speak. AI safety benchmarks, commercial enterprise compliance in LLM deployments. Contrast the Reward Model's loss curve with standard language modeling loss.",1,1,1,1,0,0,524,74,11.51293546492023,4
VID-080,Large Language Models (LLM),Efficient NLP,The KV Cache: Memory Usage in Transformers,http://www.youtube.com/watch?v=80bIUggRJf4,8:33,136K+,GPU Systems Deep Dive,Visual GPU VRAM breakdown showing model weights vs KV cache memory growth during long context generation.,"Serving a 13B model with 4,000-token context across concurrent user requests.",A chef keeping pre-chopped vegetables within arm's reach instead of walking back to the fridge for every dish.,"High-concurrency AI chat serving, reducing latency in voice bots.",Clear instructional audio; high-density diagrams; concise explanation.,Provide the exact arithmetic formula for calculating KV cache memory.,513,136000.0,"The KV Cache: Memory Usage in Transformers GPU Systems Deep Dive Visual GPU VRAM breakdown showing model weights vs KV cache memory growth during long context generation. Serving a 13B model with 4,000-token context across concurrent user requests. A chef keeping pre-chopped vegetables within arm's reach instead of walking back to the fridge for every dish. High-concurrency AI chat serving, reducing latency in voice bots. Provide the exact arithmetic formula for calculating KV cache memory.",1,1,1,1,1,0,495,75,11.820417517632333,1
VID-081,Retrieval-Augmented Generation (RAG),IBM Technology,What is Retrieval-Augmented Generation (RAG)?,http://www.youtube.com/watch?v=T-D1OfcDW1M,6:36,2.0M+,Foundational Lightboard Architecture,"Three-phase diagram: Knowledge Base Indexing, Semantic Retrieval, and Augmented Generation on glass.",Asking an LLM about an internal company HR policy updated yesterday.,Closed-book exam (pure LLM) versus open-book exam with reference textbooks on the desk (RAG).,"Corporate internal wikis, enterprise customer support bots, legal document analysis.",Top-tier studio acoustics; vibrant marker contrast; confident and engaging presentation.,The 'Open-book vs Closed-book exam' metaphor is the single most effective explanation for RAG.,396,2000000.0,"What is Retrieval-Augmented Generation (RAG)? Foundational Lightboard Architecture Three-phase diagram: Knowledge Base Indexing, Semantic Retrieval, and Augmented Generation on glass. Asking an LLM about an internal company HR policy updated yesterday. Closed-book exam (pure LLM) versus open-book exam with reference textbooks on the desk (RAG). Corporate internal wikis, enterprise customer support bots, legal document analysis. The 'Open-book vs Closed-book exam' metaphor is the single most effective explanation for RAG.",1,1,1,1,0,0,526,69,14.508658238524095,0
VID-082,Retrieval-Augmented Generation (RAG),KodeKloud,RAG Explained For Beginners,http://www.youtube.com/watch?v=_HQ2H_0Ayy0,10:09,740K+,Step-by-Step Practical Architectural Walkthrough,"Clean 2D motion graphics illustrating chunking, embedding generation, vector search, and prompt injection.",A hospital medical assistant querying proprietary patient records and clinical trial PDFs.,A court lawyer being handed relevant precedent cases by a paralegal right before addressing the judge.,"Healthcare record analysis, banking compliance review, enterprise knowledge discovery.",Clear instructional voiceover; modern tech illustration style; smooth animations.,Walk through the timeline of a query: User Query -> Embed -> Search Vector DB -> Prompt Injection -> LLM Answer.,609,740000.0,"RAG Explained For Beginners Step-by-Step Practical Architectural Walkthrough Clean 2D motion graphics illustrating chunking, embedding generation, vector search, and prompt injection. A hospital medical assistant querying proprietary patient records and clinical trial PDFs. A court lawyer being handed relevant precedent cases by a paralegal right before addressing the judge. Healthcare record analysis, banking compliance review, enterprise knowledge discovery. Walk through the timeline of a query: User Query -> Embed -> Search Vector DB -> Prompt Injection -> LLM Answer.",1,1,1,1,1,0,577,79,13.51440681653079,0
VID-083,Retrieval-Augmented Generation (RAG),freeCodeCamp.org,Learn RAG From Scratch – Python AI Tutorial from a LangChain Engineer,http://www.youtube.com/watch?v=sVcwVQRHIc8,2:33:11,1.6M+,End-to-End Hands-on Engineering Workshop,"VS Code terminal, LangChain Python scripting, ChromaDB local vectors, architecture diagrams.",Building a custom Q&A engine over Nike's annual financial 10-K report PDF.,Building a customized search engine that feeds its top results directly into an AI writer's prompt.,"Financial statement analysis, automated legal discovery, customer FAQ automation.",Clean developer audio; full-screen IDE code visibility; timestamped chapter indexing.,Build a real-world working project using a public enterprise PDF (like Nike 10-K) to show genuine utility.,9191,1600000.0,"Learn RAG From Scratch – Python AI Tutorial from a LangChain Engineer End-to-End Hands-on Engineering Workshop VS Code terminal, LangChain Python scripting, ChromaDB local vectors, architecture diagrams. Building a custom Q&A engine over Nike's annual financial 10-K report PDF. Building a customized search engine that feeds its top results directly into an AI writer's prompt. Financial statement analysis, automated legal discovery, customer FAQ automation. Build a real-world working project using a public enterprise PDF (like Nike 10-K) to show genuine utility.",1,1,1,1,0,1,567,81,14.285514812209817,2
VID-084,Retrieval-Augmented Generation (RAG),IBM Technology,What is a Vector Database? Powering Semantic Search & AI Applications,http://www.youtube.com/watch?v=gl1r1XV0SLw,9:49,950K+,Core Infrastructure & Math Intuition,"Multi-dimensional vector space diagrams; distance metric formulas (Cosine, Euclidean) drawn on glass.",Searching for 'cute puppies' and matching articles about 'adorable golden retriever dogs' without keyword overlap.,A traditional database is an exact alphabetical filing cabinet; a vector database is a conceptual galaxy.,"E-commerce visual product search, Spotify music recommendation, RAG document stores.",Professional broadcast audio; dynamic lightboard diagramming; engaging pacing.,Contrast exact keyword matching (SQL LIKE) with semantic closeness to highlight why vector DBs exist.,589,950000.0,"What is a Vector Database? Powering Semantic Search & AI Applications Core Infrastructure & Math Intuition Multi-dimensional vector space diagrams; distance metric formulas (Cosine, Euclidean) drawn on glass. Searching for 'cute puppies' and matching articles about 'adorable golden retriever dogs' without keyword overlap. A traditional database is an exact alphabetical filing cabinet; a vector database is a conceptual galaxy. E-commerce visual product search, Spotify music recommendation, RAG document stores. Contrast exact keyword matching (SQL LIKE) with semantic closeness to highlight why vector DBs exist.",1,1,1,1,1,0,616,84,13.76421831620775,0
VID-085,Retrieval-Augmented Generation (RAG),AssemblyAI,Vector Databases simply explained! (Embeddings & Indexes),http://www.youtube.com/watch?v=dN0lsF2cvm4,4:23,683K+,Fast-Paced Motion Graphic Animation,Colorful 3D geometric vector plots; clustering clouds; HNSW index navigation arrows.,"Grouping words, sentences, and audio clips into dense vector spaces based on conceptual similarity.",Organizing books in a library by their deeper meaning rather than the author's last name.,"Podcast search, multimodal audio-to-text retrieval, automated customer question answering.",Crisp dynamic vocal delivery; upbeat tech background track; fluid 3D geometric rendering.,Explain approximate nearest neighbors (HNSW) visually in under 60 seconds.,263,683000.0,"Vector Databases simply explained! (Embeddings & Indexes) Fast-Paced Motion Graphic Animation Colorful 3D geometric vector plots; clustering clouds; HNSW index navigation arrows. Grouping words, sentences, and audio clips into dense vector spaces based on conceptual similarity. Organizing books in a library by their deeper meaning rather than the author's last name. Podcast search, multimodal audio-to-text retrieval, automated customer question answering. Explain approximate nearest neighbors (HNSW) visually in under 60 seconds.",1,1,1,1,1,0,534,70,13.434251602680698,0
VID-086,Retrieval-Augmented Generation (RAG),Cole Medin,Every RAG Strategy Explained in 13 Minutes (No Fluff),http://www.youtube.com/watch?v=tLMViADvSNE,12:51,133K+,Strategy Matrix & Architecture Tiers,"Comprehensive strategy flowcharts comparing Naive RAG, Sentence Window, Auto-merging, and Hybrid Search.",Handling complex multi-part queries across dense technical PDF documentation manuals.,Upgrading from a simple flashlight (Naive RAG) to a multi-spectrum radar system (Advanced RAG).,"Enterprise engineering documentation search, aerospace maintenance troubleshooting.",Punchy vocal pacing; clean aesthetic dark-mode diagrams; zero fluff; high information density.,Structure advanced strategies into clear evolutionary tiers (Basic -> Intermediate -> Production Advanced).,771,133000.0,"Every RAG Strategy Explained in 13 Minutes (No Fluff) Strategy Matrix & Architecture Tiers Comprehensive strategy flowcharts comparing Naive RAG, Sentence Window, Auto-merging, and Hybrid Search. Handling complex multi-part queries across dense technical PDF documentation manuals. Upgrading from a simple flashlight (Naive RAG) to a multi-spectrum radar system (Advanced RAG). Enterprise engineering documentation search, aerospace maintenance troubleshooting. Structure advanced strategies into clear evolutionary tiers (Basic -> Intermediate -> Production Advanced).",1,1,1,1,1,0,569,70,11.798111925972618,0
VID-087,Retrieval-Augmented Generation (RAG),Google Cloud Tech,Advanced RAG techniques for developers,http://www.youtube.com/watch?v=sGvXO7CVwc0,8:17,93K+,Production Best Practices,"Diagrams covering Query Expansion, HyDE (Hypothetical Document Embeddings), and Re-ranking pipelines.",Expanding ambiguous user queries into multiple search variants before querying vector stores.,A detective asking five clarifying questions to rephrase a vague tip before launching an investigation.,"Customer service chatbots solving multi-intent questions, cloud enterprise knowledge engines.",Crisp developer voiceover; polished Google Cloud corporate design; clean slide progressions.,Explain HyDE (generating a fake hypothetical answer first to match relevant documents) as a breakthrough technique.,497,93000.0,"Advanced RAG techniques for developers Production Best Practices Diagrams covering Query Expansion, HyDE (Hypothetical Document Embeddings), and Re-ranking pipelines. Expanding ambiguous user queries into multiple search variants before querying vector stores. A detective asking five clarifying questions to rephrase a vague tip before launching an investigation. Customer service chatbots solving multi-intent questions, cloud enterprise knowledge engines. Explain HyDE (generating a fake hypothetical answer first to match relevant documents) as a breakthrough technique.",1,1,1,1,1,0,574,72,11.440365524765756,0
VID-088,Retrieval-Augmented Generation (RAG),IBM Technology,RAG vs Fine-Tuning vs Prompt Engineering: Optimizing AI Models,http://www.youtube.com/watch?v=zYGDpG-pTho,13:10,722K+,Decision Framework & Strategic Comparison,"Matrix comparison on lightboard evaluating Cost, Implementation Effort, Data Freshness, and Accuracy.",Adapting an AI to speak like a doctor (Fine-tuning) vs answering questions on today's patient charts (RAG).,Prompt Engineering is writing good instructions; Fine-tuning is going to medical school; RAG is consulting patient files.,"Enterprise AI strategy budgeting, corporate customer experience deployments.",Studio-mastered audio; clear visual structure on glass; engaging presenter authority.,Use the 'Medical School vs Patient Chart' analogy to definitively separate Fine-Tuning from RAG.,790,722000.0,"RAG vs Fine-Tuning vs Prompt Engineering: Optimizing AI Models Decision Framework & Strategic Comparison Matrix comparison on lightboard evaluating Cost, Implementation Effort, Data Freshness, and Accuracy. Adapting an AI to speak like a doctor (Fine-tuning) vs answering questions on today's patient charts (RAG). Prompt Engineering is writing good instructions; Fine-tuning is going to medical school; RAG is consulting patient files. Enterprise AI strategy budgeting, corporate customer experience deployments. Use the 'Medical School vs Patient Chart' analogy to definitively separate Fine-Tuning from RAG.",1,1,1,1,1,1,610,82,13.489781802915555,2
VID-089,Retrieval-Augmented Generation (RAG),IBM Technology,GraphRAG vs. Traditional RAG: Higher Accuracy & Insight with LLM,http://www.youtube.com/watch?v=Aw7iQjKAX2k,4:17,208K+,Emergent Technology Comparison,Lightboard diagram contrasting disconnected vector chunks with interconnected knowledge graph nodes.,Answering global corpus-level questions ('What are the main themes across all company emails this year?').,Vector search finds individual puzzle pieces; GraphRAG understands how all pieces assemble into the full picture.,"Corporate compliance auditing, scientific research literature mapping.",Ultra-clear lightboard presentation; fast-paced execution; high visual contrast.,Highlight Traditional RAG's biggest weakness (global thematic questions) to motivate why graphs are needed.,257,208000.0,"GraphRAG vs. Traditional RAG: Higher Accuracy & Insight with LLM Emergent Technology Comparison Lightboard diagram contrasting disconnected vector chunks with interconnected knowledge graph nodes. Answering global corpus-level questions ('What are the main themes across all company emails this year?'). Vector search finds individual puzzle pieces; GraphRAG understands how all pieces assemble into the full picture. Corporate compliance auditing, scientific research literature mapping. Highlight Traditional RAG's biggest weakness (global thematic questions) to motivate why graphs are needed.",1,1,1,1,1,0,596,76,12.245298166364206,0
VID-090,Retrieval-Augmented Generation (RAG),Mervin Praison,Chunking Strategies in RAG: Optimising Data for Advanced AI Responses,http://www.youtube.com/watch?v=pIGRwMjhMaQ,14:02,136K+,Data Preprocessing Deep Dive,"Document breakdown slides comparing Fixed-size chunking, Character chunking, Semantic chunking, and Recursive chunking.",Splitting a legal contract so sentences aren't chopped in half mid-clause; chunk overlap preservation.,Slicing a loaf of bread: cutting arbitrarily with a machete vs slicing cleanly along natural loaf sections.,"Technical documentation ingestion, customer support ticket parsing.",Clear instructional voice; zoomed-in code and text comparisons; practical real-world focus.,Demonstrate the catastrophic context loss that happens when chunk borders cut across critical thoughts.,842,136000.0,"Chunking Strategies in RAG: Optimising Data for Advanced AI Responses Data Preprocessing Deep Dive Document breakdown slides comparing Fixed-size chunking, Character chunking, Semantic chunking, and Recursive chunking. Splitting a legal contract so sentences aren't chopped in half mid-clause; chunk overlap preservation. Slicing a loaf of bread: cutting arbitrarily with a machete vs slicing cleanly along natural loaf sections. Technical documentation ingestion, customer support ticket parsing. Demonstrate the catastrophic context loss that happens when chunk borders cut across critical thoughts.",1,1,1,1,0,0,601,79,11.820417517632333,6
VID-091,Retrieval-Augmented Generation (RAG),vectorize,Rerank for better RAG (Explained),http://www.youtube.com/watch?v=K1F8BIgcoNk,13:39,49K+,Two-Stage Retrieval Optimization,Two-stage funnel graphic: Bi-Encoder fast broad search (top 50) feeding Cross-Encoder precision reranker (top 5).,Retrieving customer policy documents and reordering results so the exact clause ranks #1.,A casting call: casting director brings in 50 actors (bi-encoder); director does a deep screen test with 3 finalists (cross-encoder).,"E-commerce product search, enterprise legal discovery, high-stakes medical literature search.",Clean studio microphone; elegant diagrams; logical progression from problem to benchmark metrics.,Show how cross-encoders eliminate the 'lost in the middle' phenomenon in large context windows.,819,49000.0,"Rerank for better RAG (Explained) Two-Stage Retrieval Optimization Two-stage funnel graphic: Bi-Encoder fast broad search (top 50) feeding Cross-Encoder precision reranker (top 5). Retrieving customer policy documents and reordering results so the exact clause ranks #1. A casting call: casting director brings in 50 actors (bi-encoder); director does a deep screen test with 3 finalists (cross-encoder). E-commerce product search, enterprise legal discovery, high-stakes medical literature search. Show how cross-encoders eliminate the 'lost in the middle' phenomenon in large context windows.",1,1,1,1,0,0,594,80,10.799595985047786,0
VID-092,Retrieval-Augmented Generation (RAG),AI Bites,Build an Agentic RAG Pipeline with LangGraph + ChromaDB (Step-by-Step Tutorial),http://www.youtube.com/watch?v=oo4OeE3yVBI,27:20:00,5.0K+,State Machine Implementation,LangGraph node-and-edge state graphs; routing decisions; Python code screencast in VS Code.,"An agent that evaluates retrieved documents, decides if they are sufficient, and rewrites query if irrelevant.","An investigator who doesn't just read the first file, but checks if it actually answers the case, and orders more files if needed.","Autonomous financial auditing, complex research paper analysis.",Clear developer audio; high-resolution code display; step-by-step terminal verification.,Show cyclical corrective loops (self-reflection and query rewriting) rather than one-shot linear pipelines.,98400,5000.0,"Build an Agentic RAG Pipeline with LangGraph + ChromaDB (Step-by-Step Tutorial) State Machine Implementation LangGraph node-and-edge state graphs; routing decisions; Python code screencast in VS Code. An agent that evaluates retrieved documents, decides if they are sufficient, and rewrites query if irrelevant. An investigator who doesn't just read the first file, but checks if it actually answers the case, and orders more files if needed. Autonomous financial auditing, complex research paper analysis. Show cyclical corrective loops (self-reflection and query rewriting) rather than one-shot linear pipelines.",1,1,1,1,0,1,614,85,8.517393171418904,2
VID-093,Retrieval-Augmented Generation (RAG),IBM Technology,What is Agentic RAG?,http://www.youtube.com/watch?v=0z9_MhcYvcY,5:42,349K+,Agentic Architecture Evolution,"Lightboard diagram showing routing agents, tool calling, document grading, and fallback search loops.","An enterprise assistant deciding whether to query SQL tables, vector docs, or live Google Search.",Moving from a static vending machine to an active human research assistant.,"Enterprise multi-department IT helpdesks, dynamic business intelligence suites.",Professional lightboard aesthetic; crisp audio; clear visual grouping of agent decisions.,Explain how routing agents solve the problem of selecting between multiple disparate data stores.,342,349000.0,"What is Agentic RAG? Agentic Architecture Evolution Lightboard diagram showing routing agents, tool calling, document grading, and fallback search loops. An enterprise assistant deciding whether to query SQL tables, vector docs, or live Google Search. Moving from a static vending machine to an active human research assistant. Enterprise multi-department IT helpdesks, dynamic business intelligence suites. Explain how routing agents solve the problem of selecting between multiple disparate data stores.",1,1,1,1,1,0,505,69,12.762830066509972,2
VID-094,Retrieval-Augmented Generation (RAG),AWS Developers,Build a RAG pipeline in LlamaIndex (simple),http://www.youtube.com/watch?v=vNpxWaVzky8,9:40,460K+,Concise Framework Walkthrough,LlamaIndex document loading; VectorStoreIndex generation; and query engine invocation in Jupyter.,Querying local corporate PDF documentation in 5 lines of Python code.,A plug-and-play adapter connecting your private PDF hard drive into the back of an LLM.,"Internal developer documentation search, automated onboarding assistants.",Clean studio microphone; high-resolution screencast; clear step-by-step terminal execution.,Show the minimal working 5-line code snippet first so beginners immediately feel capable.,580,460000.0,"Build a RAG pipeline in LlamaIndex (simple) Concise Framework Walkthrough LlamaIndex document loading; VectorStoreIndex generation; and query engine invocation in Jupyter. Querying local corporate PDF documentation in 5 lines of Python code. A plug-and-play adapter connecting your private PDF hard drive into the back of an LLM. Internal developer documentation search, automated onboarding assistants. Show the minimal working 5-line code snippet first so beginners immediately feel capable.",1,1,1,1,0,1,493,67,13.03898394237596,0
VID-095,Retrieval-Augmented Generation (RAG),codebasics,RAG Explained | All about RAG - Retrieval Augmented Generation,http://www.youtube.com/watch?v=dDkynerzV-Q,14:36,100K+,Practical Architecture & Concepts,Digital pen sketches comparing generic LLM hallucinations against verified grounded RAG answers.,"Company HR policies, employee leave balances, proprietary enterprise databases.",A doctor writing a prescription from memory vs consulting a patient's exact real-time lab test results.,"Healthcare diagnosis compliance, company intranet search bots.","Warm, engaging Indian English; responsive whiteboard drawing; clear audio capture.",Show hallucinations side-by-side with RAG grounded answers to prove the business value.,876,100000.0,"RAG Explained | All about RAG - Retrieval Augmented Generation Practical Architecture & Concepts Digital pen sketches comparing generic LLM hallucinations against verified grounded RAG answers. Company HR policies, employee leave balances, proprietary enterprise databases. A doctor writing a prescription from memory vs consulting a patient's exact real-time lab test results. Healthcare diagnosis compliance, company intranet search bots. Show hallucinations side-by-side with RAG grounded answers to prove the business value.",1,1,1,1,0,0,528,70,11.51293546492023,0
VID-096,Retrieval-Augmented Generation (RAG),Morten Rand-Hendriksen,AI Explained: What is RAG - Retrieval Augmented Generation?,http://www.youtube.com/watch?v=tKPSmn-urB4,2:57,35K+,Ultra-Fast Executive Overview,Dynamic text animations; high-contrast infographic cards; clean split-screen.,Asking an AI about today's weather or recent breaking news.,A student looking up answers in an open textbook during an exam.,"Internal corporate search, dynamic customer service chat.",Studio condenser mic; energetic pacing; sharp professional graphics.,Explain the fundamental value proposition in under 3 minutes for business decision-makers.,177,35000.0,"AI Explained: What is RAG - Retrieval Augmented Generation? Ultra-Fast Executive Overview Dynamic text animations; high-contrast infographic cards; clean split-screen. Asking an AI about today's weather or recent breaking news. A student looking up answers in an open textbook during an exam. Internal corporate search, dynamic customer service chat. Explain the fundamental value proposition in under 3 minutes for business decision-makers.",1,1,1,1,0,0,441,61,10.463131911491969,0
VID-097,Retrieval-Augmented Generation (RAG),ritvikmath,Retrieval Augmented Generation (RAG) Explained in 8 Minutes!,http://www.youtube.com/watch?v=HREbdmOSQ18,8:12,20K+,Enthusiastic Whiteboard Pedagogy,"Real-time tablet sketching of user prompts, embeddings, vector databases, and LLM responses.",A user asking about a company's confidential 2026 Q3 product roadmap.,A smart executive who consults a specialized research binder before answering a board member's question.,"Enterprise search, medical documentation querying.","Energetic, engaging voice; responsive digital ink sketching; friendly delivery.",Draw the complete architecture live while speaking to keep viewers engaged.,492,20000.0,"Retrieval Augmented Generation (RAG) Explained in 8 Minutes! Enthusiastic Whiteboard Pedagogy Real-time tablet sketching of user prompts, embeddings, vector databases, and LLM responses. A user asking about a company's confidential 2026 Q3 product roadmap. A smart executive who consults a specialized research binder before answering a board member's question. Enterprise search, medical documentation querying. Draw the complete architecture live while speaking to keep viewers engaged.",1,1,1,1,1,0,488,65,9.90353755128617,0
VID-098,Retrieval-Augmented Generation (RAG),KodeKloud,RAG Crash Course for Beginners,http://www.youtube.com/watch?v=swvzKSOEluc,58:50:00,285K+,Comprehensive Crash Course,Hands-on terminal screencasts; vector DB installation; Python LangChain code walkthrough.,"Ingesting a collection of company PDFs, generating vector embeddings, and running retrieval QA.",Building a customized Google Search engine scoped specifically to your private documents.,"Automated employee onboarding portals, legal discovery pipelines.",High-fidelity microphone; zoomed code editor; structured chapter markers.,Provide a complete GitHub repository link with all prerequisites pre-configured.,211800,285000.0,"RAG Crash Course for Beginners Comprehensive Crash Course Hands-on terminal screencasts; vector DB installation; Python LangChain code walkthrough. Ingesting a collection of company PDFs, generating vector embeddings, and running retrieval QA. Building a customized Google Search engine scoped specifically to your private documents. Automated employee onboarding portals, legal discovery pipelines. Provide a complete GitHub repository link with all prerequisites pre-configured.",1,1,1,1,1,1,480,60,12.560247968016562,2
VID-099,Retrieval-Augmented Generation (RAG),Krish Naik,Introduction To Understanding RAG(Retrieval-Augmented Generation),http://www.youtube.com/watch?v=fZM3oX4xEyg,20:40,398K+,Applied Architecture Lecture,"Detailed digital pen notes mapping ingestion pipelines, vector stores, and prompt templates.",Querying specialized medical research papers using ChromaDB and LangChain.,A research assistant preparing a 1-page briefing doc for a busy CEO before a press conference.,"Medical literature search, corporate intranet QA bots.",Clear conversational Indian English; detailed tablet writing; focused and thorough.,Explicitly draw both the offline ingestion phase and online query phase separately.,1240,398000.0,"Introduction To Understanding RAG(Retrieval-Augmented Generation) Applied Architecture Lecture Detailed digital pen notes mapping ingestion pipelines, vector stores, and prompt templates. Querying specialized medical research papers using ChromaDB and LangChain. A research assistant preparing a 1-page briefing doc for a busy CEO before a press conference. Medical literature search, corporate intranet QA bots. Explicitly draw both the offline ingestion phase and online query phase separately.",1,1,1,1,1,0,496,64,12.894209796826232,0
VID-100,Retrieval-Augmented Generation (RAG),Apna College,What is RAG ? | Completely Explained in 15 Minutes,http://www.youtube.com/watch?v=Ty8gcCKuwNI,17:24,871K+,High-Energy Student Lecture,Animated slide diagrams; practical code snippets; highlighted architecture flowcharts.,Asking an AI questions about university syllabus notes and exam dates.,An open-book examination where you bring your handwritten notes into the hall.,"EdTech student assistance, customer support automated bots.","Passionate, clear Hinglish/English delivery; bright studio lighting; crisp graphics.",Use energetic student-relevant analogies (exam notes) to make technology instantly relatable.,1044,871000.0,"What is RAG ? | Completely Explained in 15 Minutes High-Energy Student Lecture Animated slide diagrams; practical code snippets; highlighted architecture flowcharts. Asking an AI questions about university syllabus notes and exam dates. An open-book examination where you bring your handwritten notes into the hall. EdTech student assistance, customer support automated bots. Use energetic student-relevant analogies (exam notes) to make technology instantly relatable.",1,1,1,1,0,1,469,63,13.677398403939607,0
VID-101,Retrieval-Augmented Generation (RAG),Better Stack,How to Build a RAG System That Actually Works,http://www.youtube.com/watch?v=pvCabUerwss,12:48,43K+,Production Failure Analysis,Failure mode charts; chunk overlap diagrams; vector distance metrics; production telemetry.,Fixing silent failures where retrieved chunks missed the exact answer clause in a financial report.,A filing clerk who brings you 5 pages that mention the subject but don't contain the actual answer.,"Production enterprise AI systems, automated customer support accuracy.",Crisp developer voice; clean modern dark-mode slides; high information density.,"Focus on real-world pitfalls (retrieval degradation, chunking boundaries) rather than just happy paths.",768,43000.0,"How to Build a RAG System That Actually Works Production Failure Analysis Failure mode charts; chunk overlap diagrams; vector distance metrics; production telemetry. Fixing silent failures where retrieved chunks missed the exact answer clause in a financial report. A filing clerk who brings you 5 pages that mention the subject but don't contain the actual answer. Production enterprise AI systems, automated customer support accuracy. Focus on real-world pitfalls (retrieval degradation, chunking boundaries) rather than just happy paths.",1,1,1,1,1,0,540,77,10.66897865021924,0
VID-102,Retrieval-Augmented Generation (RAG),IBM Technology,Is RAG Still Needed? Choosing the Best Approach for LLMs,http://www.youtube.com/watch?v=UabBYexBD4k,11:10,988K+,Long Context vs RAG Architectural Debate,Lightboard comparison evaluating 1-million-token context windows against vector RAG retrieval.,"Dumping 1,000 PDFs into a million-token context window vs retrieving top 5 chunks via RAG.",Reading the entire encyclopedia every time you have a question vs using the index to flip to page 42.,"Cloud API billing optimization, enterprise latency reduction.",Flawless lightboard production; balanced studio sound; authoritative delivery.,Tackle emerging controversies directly (e.g. 'Does 1M context kill RAG?') with latency and cost math.,670,988000.0,"Is RAG Still Needed? Choosing the Best Approach for LLMs Long Context vs RAG Architectural Debate Lightboard comparison evaluating 1-million-token context windows against vector RAG retrieval. Dumping 1,000 PDFs into a million-token context window vs retrieving top 5 chunks via RAG. Reading the entire encyclopedia every time you have a question vs using the index to flip to page 42. Cloud API billing optimization, enterprise latency reduction. Tackle emerging controversies directly (e.g. 'Does 1M context kill RAG?') with latency and cost math.",1,1,1,1,1,0,549,82,13.80343898887524,0
VID-103,Retrieval-Augmented Generation (RAG),Prompt Engineering,Graph RAG: Improving RAG with Knowledge Graphs,http://www.youtube.com/watch?v=vX3A96_F3FU,15:58,144K+,Knowledge Graph Architecture,Interconnected entity graph nodes; community clustering summaries; Python code implementation.,Synthesizing themes across thousands of intelligence reports using Microsoft GraphRAG.,Connecting police evidence pins with red yarn on a corkboard to see the syndicate structure.,"Financial crime investigation, complex scientific paper synthesis.",Clear instructional audio; step-by-step terminal execution; detailed architecture slides.,Show how Knowledge Graphs extract entity relationships to answer global questions vector search cannot.,958,144000.0,"Graph RAG: Improving RAG with Knowledge Graphs Knowledge Graph Architecture Interconnected entity graph nodes; community clustering summaries; Python code implementation. Synthesizing themes across thousands of intelligence reports using Microsoft GraphRAG. Connecting police evidence pins with red yarn on a corkboard to see the syndicate structure. Financial crime investigation, complex scientific paper synthesis. Show how Knowledge Graphs extract entity relationships to answer global questions vector search cannot.",1,1,1,1,1,1,521,66,11.87757552297847,0
VID-104,Retrieval-Augmented Generation (RAG),AI Engineer,GraphRAG: The Marriage of Knowledge Graphs and RAG: Emil Eifrem,http://www.youtube.com/watch?v=knDDGYHnnSI,19:15,287K+,Keynote Conference Presentation,Conference presentation slides; live audience keynote stage; Neo4j graph queries.,Detecting Panama Papers offshore money laundering structures using combined graph and text search.,Knowing someone's entire social tree and background versus just reading their single latest tweet.,"Global anti-money laundering, pharmaceutical drug discovery interaction mapping.",Auditorium professional audio capture; multi-camera stage footage; clear presentation slides.,Ground advanced AI topics in high-profile historical investigative datasets (e.g. Panama Papers).,1155,287000.0,"GraphRAG: The Marriage of Knowledge Graphs and RAG: Emil Eifrem Keynote Conference Presentation Conference presentation slides; live audience keynote stage; Neo4j graph queries. Detecting Panama Papers offshore money laundering structures using combined graph and text search. Knowing someone's entire social tree and background versus just reading their single latest tweet. Global anti-money laundering, pharmaceutical drug discovery interaction mapping. Ground advanced AI topics in high-profile historical investigative datasets (e.g. Panama Papers).",1,1,1,1,0,0,554,70,12.567240979056246,0
VID-105,Retrieval-Augmented Generation (RAG),pixegami,RAG Reranking Explained: How To Improve RAG Results,http://www.youtube.com/watch?v=R5MPqm0V6aQ,14:25,15K+,Visual Code & Math Tutorial,Side-by-side Python code; Cohere Rerank API calls; precision metric comparison bar charts.,Re-ranking search results over technical coding documentation to promote the exact syntax example.,"A guidance counselor reviewing 100 applications, then an admissions dean interviewing top 5.","Developer documentation search engines, e-commerce catalog search.",Crisp close-mic audio; clean VS Code environment; smooth pacing.,Demonstrate the measurable jump in retrieval accuracy (Hit Rate / MRR) after adding a reranker.,865,15000.0,"RAG Reranking Explained: How To Improve RAG Results Visual Code & Math Tutorial Side-by-side Python code; Cohere Rerank API calls; precision metric comparison bar charts. Re-ranking search results over technical coding documentation to promote the exact syntax example. A guidance counselor reviewing 100 applications, then an admissions dean interviewing top 5. Developer documentation search engines, e-commerce catalog search. Demonstrate the measurable jump in retrieval accuracy (Hit Rate / MRR) after adding a reranker.",1,1,1,1,1,1,525,73,9.61587214452889,0
VID-106,Retrieval-Augmented Generation (RAG),AI Anytime,Build an Agentic RAG System with LangGraph,http://www.youtube.com/watch?v=moaWbFTVOEo,18:23,4.0K+,Code-First Step-by-Step Build,LangGraph state transition graph diagram; VS Code development; terminal evaluation output.,Creating an agent that grades retrieved documents for relevance and triggers web search if vector store fails.,"A researcher who checks their local bookshelf first, and if missing, heads to the city library.","Autonomous market intelligence gathering, enterprise decision support.",Clear instructional audio; high-resolution code display; steady pacing.,Implement a fallback web search step to show how agents handle missing internal documentation.,1103,4000.0,"Build an Agentic RAG System with LangGraph Code-First Step-by-Step Build LangGraph state transition graph diagram; VS Code development; terminal evaluation output. Creating an agent that grades retrieved documents for relevance and triggers web search if vector store fails. A researcher who checks their local bookshelf first, and if missing, heads to the city library. Autonomous market intelligence gathering, enterprise decision support. Implement a fallback web search step to show how agents handle missing internal documentation.",1,1,1,1,1,1,536,75,8.294299608857235,2
VID-107,Retrieval-Augmented Generation (RAG),Alejandro AO,Introduction to LlamaIndex with Python (2025),http://www.youtube.com/watch?v=cCyYGYyCka4,39:57:00,73K+,Comprehensive Framework Guide,LlamaIndex pipeline diagrams; live Jupyter notebook coding; vector store inspection.,Building document indices over multiple PDF formats with metadata filtering.,Creating an automated personal librarian who indexes every document as soon as it touches your desk.,"Personal knowledge management, enterprise document search.","Warm, engaging vocal delivery; crisp screencasts; structured timestamps.",Highlight metadata filtering as an essential prerequisite for enterprise-grade RAG.,143820,73000.0,"Introduction to LlamaIndex with Python (2025) Comprehensive Framework Guide LlamaIndex pipeline diagrams; live Jupyter notebook coding; vector store inspection. Building document indices over multiple PDF formats with metadata filtering. Creating an automated personal librarian who indexes every document as soon as it touches your desk. Personal knowledge management, enterprise document search. Highlight metadata filtering as an essential prerequisite for enterprise-grade RAG.",1,1,1,1,1,1,481,61,11.19822841866684,0
VID-108,Retrieval-Augmented Generation (RAG),Digibase Media,LangChain vs LlamaIndex (2025) - Which One is Better?,http://www.youtube.com/watch?v=sw_IK4M7S0A,3:09,25K+,Framework Comparison,Split-screen feature comparison table; use-case categorization flowcharts.,Choosing LangChain for complex multi-agent workflows vs LlamaIndex for advanced search and data indexing.,LangChain is a Swiss Army Knife with many tools; LlamaIndex is a precision scalpel for document retrieval.,"Enterprise architecture stack selection, startup MVP development.","Clean, punchy narration; fast slide transitions; clear summary bullets.",Help viewers choose between competing tools in under 4 minutes using clear decision criteria.,189,25000.0,"LangChain vs LlamaIndex (2025) - Which One is Better? Framework Comparison Split-screen feature comparison table; use-case categorization flowcharts. Choosing LangChain for complex multi-agent workflows vs LlamaIndex for advanced search and data indexing. LangChain is a Swiss Army Knife with many tools; LlamaIndex is a precision scalpel for document retrieval. Enterprise architecture stack selection, startup MVP development. Help viewers choose between competing tools in under 4 minutes using clear decision criteria.",1,1,1,1,0,0,522,70,10.12667110305036,0
VID-109,Generative AI & Diffusion Models,3Blue1Brown,But how do AI images and videos actually work? | Guest video by Welch Labs,http://www.youtube.com/watch?v=iv-5mZ_9CPY,37:20:00,2.1M+,Mathematical Intuition & Visual Manim Animations,"Vector space morphing, noise degradation trajectories, score-based vector arrows reversing entropy.",Generating photorealistic portraits and continuous video sequences from pure Gaussian static.,Sculpting a statue out of a block of marble; reversing a drop of ink dispersing into a glass of water.,"Midjourney, Sora, Stable Diffusion, autonomous game asset rendering.","Welch Labs hallmark narrative storytelling, pristine acoustic isolation, cinematic 60fps Manim math.",Explain forward noise addition as an easily reversible thermodynamic process before showing U-Net math.,134400,2100000.0,"But how do AI images and videos actually work? | Guest video by Welch Labs Mathematical Intuition & Visual Manim Animations Vector space morphing, noise degradation trajectories, score-based vector arrows reversing entropy. Generating photorealistic portraits and continuous video sequences from pure Gaussian static. Sculpting a statue out of a block of marble; reversing a drop of ink dispersing into a glass of water. Midjourney, Sora, Stable Diffusion, autonomous game asset rendering. Explain forward noise addition as an easily reversible thermodynamic process before showing U-Net math.",1,1,1,1,1,0,593,85,14.557448378884017,5
VID-110,Generative AI & Diffusion Models,AssemblyAI,Diffusion models explained in 4-difficulty levels,http://www.youtube.com/watch?v=yTAMrHVG1ew,7:08,175K+,Multi-Tiered Pedagogical Escalation,Layered conceptual diagrams escalating from 5-year-old sketches to differential equations.,"Progressive noise removal on a digital dog photo across 1,000 discrete timesteps.",Level 1: Cleaning a messy room; Level 4: Solving stochastic reverse-time Langevin dynamics.,"Photoshop generative fill, text-to-image commercial platforms.","Dynamic vocal modulation, modern 2D motion graphics, clear chapter segmentation.",The '4 levels of difficulty' framework gives beginners a gentle on-ramp while satisfying advanced viewers.,428,175000.0,"Diffusion models explained in 4-difficulty levels Multi-Tiered Pedagogical Escalation Layered conceptual diagrams escalating from 5-year-old sketches to differential equations. Progressive noise removal on a digital dog photo across 1,000 discrete timesteps. Level 1: Cleaning a messy room; Level 4: Solving stochastic reverse-time Langevin dynamics. Photoshop generative fill, text-to-image commercial platforms. The '4 levels of difficulty' framework gives beginners a gentle on-ramp while satisfying advanced viewers.",1,1,1,1,0,0,520,65,12.07254696717504,5
VID-111,Generative AI & Diffusion Models,IBM Technology,Diffusion Models for AI Image Generation,http://www.youtube.com/watch?v=x2GRE-RzmD8,12:05,97K+,Lightboard System Architectural Walkthrough,Hand-sketched U-Net architecture diagrams with skip connections and CLIP text conditioning arrows.,Synthesizing a 'cat astronaut riding a horse on Mars' from noisy random pixels.,A blind artist feeling out the rough contours of clay and progressively refining fine details.,"Advertising creative generation, film concept art iteration.","4K studio lightboard, neon marker contrast against dark backdrop, executive delivery.",Pair the visual image noise breakdown with the text conditioning (CLIP) pipeline in the same diagram.,725,97000.0,"Diffusion Models for AI Image Generation Lightboard System Architectural Walkthrough Hand-sketched U-Net architecture diagrams with skip connections and CLIP text conditioning arrows. Synthesizing a 'cat astronaut riding a horse on Mars' from noisy random pixels. A blind artist feeling out the rough contours of clay and progressively refining fine details. Advertising creative generation, film concept art iteration. Pair the visual image noise breakdown with the text conditioning (CLIP) pipeline in the same diagram.",1,1,1,1,0,0,521,73,11.48247656671073,5
VID-112,Generative AI & Diffusion Models,Ari Seff,What are Diffusion Models?,http://www.youtube.com/watch?v=fbLgFrlTnGU,15:28,329K+,Graduate-Level Visual Paper Synthesis,"Markov chain forward-backward trajectory plots, probability distribution manifolds.",Denoising Diffusion Probabilistic Models (DDPM) and score-based generative modeling.,Tracking the Brownian motion of particles suspended in air and rewinding the tape backwards.,"Protein structure generation in biopharma, synthetic medical data generation.","Calm, deeply articulate academic narration, pristine custom animated slide diagrams.",Illustrate the Markov chain transition steps visually to explain why latent sampling takes multiple steps.,928,329000.0,"What are Diffusion Models? Graduate-Level Visual Paper Synthesis Markov chain forward-backward trajectory plots, probability distribution manifolds. Denoising Diffusion Probabilistic Models (DDPM) and score-based generative modeling. Tracking the Brownian motion of particles suspended in air and rewinding the tape backwards. Protein structure generation in biopharma, synthetic medical data generation. Illustrate the Markov chain transition steps visually to explain why latent sampling takes multiple steps.",1,1,1,1,1,0,511,63,12.703816069256568,5
VID-113,Generative AI & Diffusion Models,Computerphile,How AI Image Generators Work (Stable Diffusion / Dall-E) - Computerphile,http://www.youtube.com/watch?v=1CIpzeNxIhU,17:50,1.1M+,Conversational Expert Interview,Dr. Mike Pound demonstrating latent space vectors on paper and live software overlays.,Latent space compression reducing a 512x512 image into a compact 64x64 latent tensor.,Packing clothes into a vacuum-seal space bag before shipping them across the country.,Consumer generative AI running on standard laptop graphics cards.,"Classic Computerphile conversational tone, close-up camera angles, spontaneous diagrams.",Explain Latent Diffusion by contrasting pixel-space rendering cost with compressed latent-space efficiency.,1070,1100000.0,How AI Image Generators Work (Stable Diffusion / Dall-E) - Computerphile Conversational Expert Interview Dr. Mike Pound demonstrating latent space vectors on paper and live software overlays. Latent space compression reducing a 512x512 image into a compact 64x64 latent tensor. Packing clothes into a vacuum-seal space bag before shipping them across the country. Consumer generative AI running on standard laptop graphics cards. Explain Latent Diffusion by contrasting pixel-space rendering cost with compressed latent-space efficiency.,1,1,1,1,0,0,537,74,13.910821646859096,5
VID-114,Generative AI & Diffusion Models,Render Realm,Stable Diffusion explained (in less than 10 minutes),http://www.youtube.com/watch?v=QdRP9pO89MY,9:56,132K+,Creator-Focused Rapid Visual Overview,"3-stage pipeline motion graphics: VAE Encoder/Decoder, U-Net Denoiser, and Text CLIP Encoder.",Generating cyber-punk cityscape illustrations with negative prompting control.,"Three team members: the Translator (CLIP), the Detective (U-Net), and the Artist (VAE Decoder).","Digital art studios, video game texture generation.","Crisp dynamic narration, clean graphic assets, rapid information delivery.",Assign human character roles to the three major model components to clarify their functional handoffs.,596,132000.0,"Stable Diffusion explained (in less than 10 minutes) Creator-Focused Rapid Visual Overview 3-stage pipeline motion graphics: VAE Encoder/Decoder, U-Net Denoiser, and Text CLIP Encoder. Generating cyber-punk cityscape illustrations with negative prompting control. Three team members: the Translator (CLIP), the Detective (U-Net), and the Artist (VAE Decoder). Digital art studios, video game texture generation. Assign human character roles to the three major model components to clarify their functional handoffs.",1,1,1,1,0,0,514,68,11.790564777297387,5
VID-115,Generative AI & Diffusion Models,IBM Technology,What are GANs (Generative Adversarial Networks)?,http://www.youtube.com/watch?v=TpMIssRdhco,8:23,517K+,Adversarial Game Theory Lightboard Lecture,Two competing neural network boxes (Generator vs Discriminator) in an adversarial feedback loop.,Generating realistic human faces from scratch (ThisPersonDoesNotExist).,An art forger trying to paint a fake Rembrandt while an art detective tries to catch them.,"Video game texture upscaling, synthetic training data generation.","Studio-mastered audio, vivid marker contrast, engaging interactive presentation.",The 'Art Forger vs Art Detective' metaphor is universally recognized and instantly understood.,503,517000.0,"What are GANs (Generative Adversarial Networks)? Adversarial Game Theory Lightboard Lecture Two competing neural network boxes (Generator vs Discriminator) in an adversarial feedback loop. Generating realistic human faces from scratch (ThisPersonDoesNotExist). An art forger trying to paint a fake Rembrandt while an art detective tries to catch them. Video game texture upscaling, synthetic training data generation. The 'Art Forger vs Art Detective' metaphor is universally recognized and instantly understood.",1,1,1,1,0,0,512,69,13.155800087724671,5
VID-116,Generative AI & Diffusion Models,Computerphile,Generative Adversarial Networks (GANs) - Computerphile,http://www.youtube.com/watch?v=Sw9r8CL98N0,21:21,679K+,First-Principles Computer Science Discussion,Hand-drawn paper diagrams showing min-max optimization loss curves and latent vectors.,Fashion dataset generation and MNIST digit generation competitions.,Counterfeiter printing bills and police officer inspecting them under UV light.,"Deepfake generation, historical photo colorization.","Authentic academic dialogue, direct camera interaction, clear whiteboard paper demonstrations.",Show the training race: what happens when the detective becomes too good too fast (mode collapse).,1281,679000.0,"Generative Adversarial Networks (GANs) - Computerphile First-Principles Computer Science Discussion Hand-drawn paper diagrams showing min-max optimization loss curves and latent vectors. Fashion dataset generation and MNIST digit generation competitions. Counterfeiter printing bills and police officer inspecting them under UV light. Deepfake generation, historical photo colorization. Show the training race: what happens when the detective becomes too good too fast (mode collapse).",1,1,1,1,0,0,485,61,13.428377879293798,5
VID-117,Generative AI & Diffusion Models,Deepia,Variational Autoencoders | Generative AI Animated,http://www.youtube.com/watch?v=qJeaCHQ1k2w,20:09,254K+,Mathematical Animation & Latent Manifold,"Smooth continuous 2D/3D latent manifolds, Gaussian distribution bell curves, reparameterization trick.",Sampling new handwriting styles from continuous mean and variance coordinates.,Creating a recipe book where slight changes in ingredients produce predictable new flavor variations.,"Molecule generation for drug discovery, audio synthesis.","Mesmerizing visual animations, calm and clear pacing, high-fidelity sound.",Visually animate the Reparameterization Trick to explain how backpropagation flows through random sampling.,1209,254000.0,"Variational Autoencoders | Generative AI Animated Mathematical Animation & Latent Manifold Smooth continuous 2D/3D latent manifolds, Gaussian distribution bell curves, reparameterization trick. Sampling new handwriting styles from continuous mean and variance coordinates. Creating a recipe book where slight changes in ingredients produce predictable new flavor variations. Molecule generation for drug discovery, audio synthesis. Visually animate the Reparameterization Trick to explain how backpropagation flows through random sampling.",1,1,1,1,1,0,539,66,12.445093483000798,5
VID-118,Generative AI & Diffusion Models,Arxiv Insights,Variational Autoencoders,http://www.youtube.com/watch?v=9zKuYvjFFS8,15:05,594K+,Intuitive Mathematical Physics & AI Synthesis,"KL-divergence penalty springs pulling latent clusters together, reconstruction loss springs pulling them apart.",Generating smooth face interpolations (smiling to frowning) along latent vector axes.,A physical spring system balancing compression clustering with fidelity expansion.,"Anomaly detection in manufacturing, high-dimensional data compression.","Calm, intellectual delivery; custom graphical software models; clear equation walkthroughs.",Use physical mechanical analogies (springs balancing forces) to explain opposing loss terms.,905,594000.0,"Variational Autoencoders Intuitive Mathematical Physics & AI Synthesis KL-divergence penalty springs pulling latent clusters together, reconstruction loss springs pulling them apart. Generating smooth face interpolations (smiling to frowning) along latent vector axes. A physical spring system balancing compression clustering with fidelity expansion. Anomaly detection in manufacturing, high-dimensional data compression. Use physical mechanical analogies (springs balancing forces) to explain opposing loss terms.",1,1,1,1,1,0,515,61,13.29463628184505,5
VID-119,Advanced Neural Architectures,AI Papers Academy,Vision Transformers Explained | The ViT Paper,http://www.youtube.com/watch?v=NetSJM590Lo,4:32,12.5K+,Concise Paper Architecture Summary,"Cutting images into 16x16 grid patches, flattening into vectors, prepending [CLS] token.",ImageNet benchmark classification without using convolutional kernels.,Treating picture patches exactly like words in a sentence ('An image is worth 16x16 words').,"Autonomous driving vision, satellite terrain analysis.","Fast-paced, clean graphic badges, high information density.",The 'image patches as visual tokens' visual animation makes the entire paper concept clear in 30 seconds.,272,12500.0,"Vision Transformers Explained | The ViT Paper Concise Paper Architecture Summary Cutting images into 16x16 grid patches, flattening into vectors, prepending [CLS] token. ImageNet benchmark classification without using convolutional kernels. Treating picture patches exactly like words in a sentence ('An image is worth 16x16 words'). Autonomous driving vision, satellite terrain analysis. The 'image patches as visual tokens' visual animation makes the entire paper concept clear in 30 seconds.",1,1,1,1,0,0,494,68,9.433563920090563,3
VID-120,Advanced Neural Architectures,CodeEmporium,Vision Transformers - Explained!,http://www.youtube.com/watch?v=Hnsrm1ezI3g,22:21,16K+,Deep Technical Walkthrough with Math,"Patch projection matrix multiplications, 1D positional embedding addition, transformer encoder stacks.",Tracking linear projection from 16x16x3 pixel patches into 768-dimensional token vectors.,"Slicing a mosaic into uniform tiles, stamping serial numbers on their backs, and feeding them into a translator.","Medical radiology scanning, industrial quality defect screening.","Energetic, clear whiteboard presentation, comprehensive equation derivations.","Show the tensor dimension transformations at each layer step (e.g. [B, 3, 224, 224] -> [B, 196, 768]).",1341,16000.0,"Vision Transformers - Explained! Deep Technical Walkthrough with Math Patch projection matrix multiplications, 1D positional embedding addition, transformer encoder stacks. Tracking linear projection from 16x16x3 pixel patches into 768-dimensional token vectors. Slicing a mosaic into uniform tiles, stamping serial numbers on their backs, and feeding them into a translator. Medical radiology scanning, industrial quality defect screening. Show the tensor dimension transformations at each layer step (e.g. [B, 3, 224, 224] -> [B, 196, 768]).",1,1,1,1,1,0,543,74,9.680406499268877,3
VID-121,Advanced Neural Architectures,Alex Foo,Graph Neural Networks - a perspective from the ground up,http://www.youtube.com/watch?v=GXhBEj1ZtE8,14:28,294K+,Foundational Graph Theory & Message Passing,"Node connection networks, message passing arrows, permutation invariance demonstrations.",Classifying molecules and predicting social network friendship formations.,Neighborhood gossip: everyone shares rumors with immediate neighbors until the whole town knows.,"Drug discovery binding affinity, fraud ring detection in banking.","Thoughtful, articulate voiceover, custom geometric diagrams, calm pacing.",Explain permutation invariance first to show why standard MLPs and CNNs fail on graph data.,868,294000.0,"Graph Neural Networks - a perspective from the ground up Foundational Graph Theory & Message Passing Node connection networks, message passing arrows, permutation invariance demonstrations. Classifying molecules and predicting social network friendship formations. Neighborhood gossip: everyone shares rumors with immediate neighbors until the whole town knows. Drug discovery binding affinity, fraud ring detection in banking. Explain permutation invariance first to show why standard MLPs and CNNs fail on graph data.",1,1,1,1,0,0,519,70,12.59133844767558,7
VID-122,Advanced Neural Architectures,IBM Technology,Graph Neural Networks Explained: A Clear Guide to GNN Basics & Models,http://www.youtube.com/watch?v=eGoszzMkGfU,16:47,33K+,Lightboard Taxonomy & Model Comparison,"Sketches of GCN (Convolutional), GAT (Attention), and GraphSAGE message aggregations on glass.","Analyzing social graphs, traffic networks, and chemical compound properties.",Determining an individual's character by averaging the traits of their closest friend group.,"Google Maps ETA route forecasting, molecular pharmacology.","Studio lightboard clarity, vivid marker contrast, articulate presentation.",Compare GNN node aggregation to convolutional spatial pooling to bridge computer vision knowledge.,1007,33000.0,"Graph Neural Networks Explained: A Clear Guide to GNN Basics & Models Lightboard Taxonomy & Model Comparison Sketches of GCN (Convolutional), GAT (Attention), and GraphSAGE message aggregations on glass. Analyzing social graphs, traffic networks, and chemical compound properties. Determining an individual's character by averaging the traits of their closest friend group. Google Maps ETA route forecasting, molecular pharmacology. Compare GNN node aggregation to convolutional spatial pooling to bridge computer vision knowledge.",1,1,1,1,0,0,531,71,10.404293143019792,4
VID-123,Advanced Neural Architectures,AI Coffee Break with Letitia,MAMBA and State Space Models explained | SSM explained,http://www.youtube.com/watch?v=vrF3MtGwD0Y,22:27,95K+,Theoretical Deep-Dive & Hardware-Aware Algorithms,"Continuous differential equations discretized into recurrence matrices, selective state space gates.",Processing million-token sequences with linear O(N) time complexity vs quadratic O(N^2) attention.,A conveyor belt with selective sorting gates that remembers critical packages and lets junk slide off.,"Long-context DNA sequence modeling, high-speed edge LLM inference.","Precise articulation, clean mathematical slides, well-timed visual annotations.",Highlight the hardware-aware scan: show how SRAM memory bandwidth determines model speed.,1347,95000.0,"MAMBA and State Space Models explained | SSM explained Theoretical Deep-Dive & Hardware-Aware Algorithms Continuous differential equations discretized into recurrence matrices, selective state space gates. Processing million-token sequences with linear O(N) time complexity vs quadratic O(N^2) attention. A conveyor belt with selective sorting gates that remembers critical packages and lets junk slide off. Long-context DNA sequence modeling, high-speed edge LLM inference. Highlight the hardware-aware scan: show how SRAM memory bandwidth determines model speed.",1,1,1,1,0,0,564,73,11.461642696843066,1
VID-124,Advanced Neural Architectures,Maarten Grootendorst,Intuition behind Mamba and State Space Models | Enhancing LLMs!,http://www.youtube.com/watch?v=BDTVVlUU1Ck,24:06:00,42K+,Visual Diagrammatic Guide,"Bespoke custom diagrams illustrating continuous state spaces, discretization, and selective scan mechanisms.",Selecting key context tokens from long conversational transcripts while discarding filler words.,An executive secretary who only takes notes when significant decisions are made.,"Real-time audio processing, linear-time alternative to Transformer LLMs.","Calm, steady narration, aesthetic color palette, modular visual cards.",Use the 'Selective Scan' contrast against classic SSMs to highlight Mamba's key innovation.,86760,42000.0,"Intuition behind Mamba and State Space Models | Enhancing LLMs! Visual Diagrammatic Guide Bespoke custom diagrams illustrating continuous state spaces, discretization, and selective scan mechanisms. Selecting key context tokens from long conversational transcripts while discarding filler words. An executive secretary who only takes notes when significant decisions are made. Real-time audio processing, linear-time alternative to Transformer LLMs. Use the 'Selective Scan' contrast against classic SSMs to highlight Mamba's key innovation.",1,1,1,1,0,0,541,70,10.645448706505872,1
VID-125,Advanced Neural Architectures,Professor Bryce,Residual Networks and Skip Connections (DL 15),http://www.youtube.com/watch?v=Q1JCrG1bJ-A,17:00,97K+,Academic Lecture & Gradient Dynamics,"Mathematical residual block F(x) + x diagrams, backpropagation gradient flow paths.",Training ultra-deep 152-layer neural networks without vanishing gradients.,An express highway bypass lane around a congested city center.,"Modern computer vision backbones, modern Transformer residual stream architectures.","Crystal-clear university audio capture, detailed blackboard equations, methodical progression.",Show that the identity connection allows gradients to flow directly backwards untouched during backprop.,1020,97000.0,"Residual Networks and Skip Connections (DL 15) Academic Lecture & Gradient Dynamics Mathematical residual block F(x) + x diagrams, backpropagation gradient flow paths. Training ultra-deep 152-layer neural networks without vanishing gradients. An express highway bypass lane around a congested city center. Modern computer vision backbones, modern Transformer residual stream architectures. Show that the identity connection allows gradients to flow directly backwards untouched during backprop.",1,1,1,1,1,0,494,64,11.48247656671073,3
VID-126,Advanced Neural Architectures,rupert ai,ResNet (actually) explained in under 10 minutes,http://www.youtube.com/watch?v=o_3mboe1jYI,9:47,216K+,Brisk Developer-First Video,"Comparative loss curves of plain deep networks vs residual networks, PyTorch residual block code.",Solving the degradation problem where deeper 56-layer networks performed worse than 20-layer networks.,Learning a new skill as a slight tweak on top of what you already know rather than relearning from scratch.,"ImageNet competition breakthroughs, modern deep learning stability.","Clean modern editing, engaging delivery, concise runtime.","Highlight the shocking paradox: deeper networks failing due to optimization difficulty, not overfitting.",587,216000.0,"ResNet (actually) explained in under 10 minutes Brisk Developer-First Video Comparative loss curves of plain deep networks vs residual networks, PyTorch residual block code. Solving the degradation problem where deeper 56-layer networks performed worse than 20-layer networks. Learning a new skill as a slight tweak on top of what you already know rather than relearning from scratch. ImageNet competition breakthroughs, modern deep learning stability. Highlight the shocking paradox: deeper networks failing due to optimization difficulty, not overfitting.",1,1,1,1,0,1,557,77,12.283038316285214,3
VID-127,Agentic AI & Multi-Agent Systems,aiwithbrandon,CrewAI Tutorial: Complete Crash Course for Beginners,http://www.youtube.com/watch?v=sPzc6hMg7So,1:05:43,312K+,Project-Based Implementation Course,"VS Code screencast, terminal execution logs, multi-agent role cards (Researcher, Writer, Editor).",Automating an entire market research pipeline that drafts complete industry reports.,Hiring and orchestrating a specialized corporate department where everyone has a specific job title.,"Automated content marketing agencies, automated competitive intelligence gathering.","Pristine developer audio, zoomed IDE font, step-by-step terminal verification.","Define distinct Agent Roles, Goals, and Backstories to show how persona prompting changes output quality.",3943,312000.0,"CrewAI Tutorial: Complete Crash Course for Beginners Project-Based Implementation Course VS Code screencast, terminal execution logs, multi-agent role cards (Researcher, Writer, Editor). Automating an entire market research pipeline that drafts complete industry reports. Hiring and orchestrating a specialized corporate department where everyone has a specific job title. Automated content marketing agencies, automated competitive intelligence gathering. Define distinct Agent Roles, Goals, and Backstories to show how persona prompting changes output quality.",1,1,1,1,0,1,562,70,12.650761671914688,2
VID-128,Agentic AI & Multi-Agent Systems,codebasics,CrewAI Tutorial | Agentic AI Tutorial,http://www.youtube.com/watch?v=G42J2MSKyc8,1:11:04,126K+,End-to-End Enterprise Architecture Guide,"Interactive whiteboard sketches connecting LLM backends, Serper search tools, and agent task queues.",Building a custom trip-planning agency with flight researcher and local tour guide agents.,A project manager assigning Jira tickets to junior engineers and QA testers.,"Autonomous travel booking, corporate workflow automation.","Engaging conversational Indian English, clear step-by-step code progression.",Show execution errors and how to configure verbose=True so viewers learn how to debug agent loops.,4264,126000.0,"CrewAI Tutorial | Agentic AI Tutorial End-to-End Enterprise Architecture Guide Interactive whiteboard sketches connecting LLM backends, Serper search tools, and agent task queues. Building a custom trip-planning agency with flight researcher and local tour guide agents. A project manager assigning Jira tickets to junior engineers and QA testers. Autonomous travel booking, corporate workflow automation. Show execution errors and how to configure verbose=True so viewers learn how to debug agent loops.",1,1,1,1,0,0,504,70,11.744045122410055,2
VID-129,Agentic AI & Multi-Agent Systems,W.W. AI Adventures,Agentic Framework LangGraph explained in 8 minutes | Beginners Guide,http://www.youtube.com/watch?v=1Q_MDOWaljk,8:04,147K+,State Machine Architectural Breakdown,"Clean cyclic state diagrams: Nodes (agents/tools), Edges (conditional transitions), and Shared State dictionaries.","Building an autonomous coding agent that writes code, runs unit tests, and loops back to fix errors.",A board game with distinct decision tiles where players loop around the board until winning conditions are met.,"Autonomous code debugging, customer onboarding ticket escalation.","Crisp modern narration, dark-mode visual cards, focused 8-minute runtime.",Contrast LangChain's linear DAG chains with LangGraph's cyclic loops to explain why graphs matter.,484,147000.0,"Agentic Framework LangGraph explained in 8 minutes | Beginners Guide State Machine Architectural Breakdown Clean cyclic state diagrams: Nodes (agents/tools), Edges (conditional transitions), and Shared State dictionaries. Building an autonomous coding agent that writes code, runs unit tests, and loops back to fix errors. A board game with distinct decision tiles where players loop around the board until winning conditions are met. Autonomous code debugging, customer onboarding ticket escalation. Contrast LangChain's linear DAG chains with LangGraph's cyclic loops to explain why graphs matter.",1,1,1,1,0,1,599,83,11.898194668458824,2
VID-130,Agentic AI & Multi-Agent Systems,IBM Technology,LangChain vs LangGraph: A Tale of Two Frameworks,http://www.youtube.com/watch?v=qAF1NjEVHhY,9:55,633K+,Taxonomic Lightboard Comparison,Side-by-side lightboard comparison: Linear sequential pipeline (LangChain) vs State Machine Graph (LangGraph).,Simple document QA pipeline vs complex multi-agent customer support with human-in-the-loop.,An assembly line conveyor belt (LangChain) versus a sophisticated air traffic control network (LangGraph).,"Enterprise software stack modernization, production agent orchestration.","Studio lightboard excellence, vibrant neon drawings, engaging authoritative delivery.",Explain 'Human-in-the-loop' checkpoints as LangGraph's superpower for enterprise governance.,595,633000.0,"LangChain vs LangGraph: A Tale of Two Frameworks Taxonomic Lightboard Comparison Side-by-side lightboard comparison: Linear sequential pipeline (LangChain) vs State Machine Graph (LangGraph). Simple document QA pipeline vs complex multi-agent customer support with human-in-the-loop. An assembly line conveyor belt (LangChain) versus a sophisticated air traffic control network (LangGraph). Enterprise software stack modernization, production agent orchestration. Explain 'Human-in-the-loop' checkpoints as LangGraph's superpower for enterprise governance.",1,1,1,1,0,0,556,64,13.358227280903897,2
VID-131,Agentic AI & Multi-Agent Systems,Matthew Berman,AutoGen Tutorial 🚀 Create Custom AI Agents EASILY (Incredible),http://www.youtube.com/watch?v=vU2S6dVf79M,20:10,385K+,Practical Framework Demo & Code Walkthrough,"Multi-agent terminal dialogue screencasts, UserProxyAgent executing local Docker bash commands.",Two agents collaborating to write a Python stock price charting script and executing it on disk.,A lead software architect discussing code with a junior developer while the computer executes the tests.,"Automated data analysis, rapid prototyping of algorithmic trading bots.","High-energy creator presentation, clear code displays, charismatic and engaging delivery.",Demonstrate live code execution in terminal to prove the tangible power of agentic tools.,1210,385000.0,"AutoGen Tutorial 🚀 Create Custom AI Agents EASILY (Incredible) Practical Framework Demo & Code Walkthrough Multi-agent terminal dialogue screencasts, UserProxyAgent executing local Docker bash commands. Two agents collaborating to write a Python stock price charting script and executing it on disk. A lead software architect discussing code with a junior developer while the computer executes the tests. Automated data analysis, rapid prototyping of algorithmic trading bots. Demonstrate live code execution in terminal to prove the tangible power of agentic tools.",1,1,1,1,0,1,566,80,12.861001210669146,2
VID-132,Agentic AI & Multi-Agent Systems,Shaw Talebi,Model Context Protocol (MCP) Explained in 20 Minutes,http://www.youtube.com/watch?v=N3vHJcHBS-w,19:49,221K+,Technical Standard & Architecture Deep Dive,"Clean dark-mode diagrams showing MCP Host (Claude Desktop), MCP Client, and MCP Server connections.","Connecting Claude to local SQLite databases, GitHub repositories, and Google Drive.",USB-C for AI: an open universal standard connector replacing a mess of proprietary adapters.,"Standardized enterprise AI tool integration, local developer environment agents.","Polished aesthetic visuals, calm and precise audio, methodical architectural progression.",The 'USB-C for AI' analogy is the definitive mental model for explaining MCP.,1189,221000.0,"Model Context Protocol (MCP) Explained in 20 Minutes Technical Standard & Architecture Deep Dive Clean dark-mode diagrams showing MCP Host (Claude Desktop), MCP Client, and MCP Server connections. Connecting Claude to local SQLite databases, GitHub repositories, and Google Drive. USB-C for AI: an open universal standard connector replacing a mess of proprietary adapters. Standardized enterprise AI tool integration, local developer environment agents. The 'USB-C for AI' analogy is the definitive mental model for explaining MCP.",1,1,1,1,0,1,532,75,12.30592250537653,2
VID-133,Agentic AI & Multi-Agent Systems,KodeKloud,Model Context Protocol (MCP) Explained for Beginners: AI Flight Booking Demo!,http://www.youtube.com/watch?v=E2DEHOEbzks,24:10:00,1.3M+,Beginner-Friendly Practical Application,"Interactive flight booking UI demonstration, JSON-RPC message protocol logs on screen.",AI assistant using an MCP flight booking server to check live ticket availability and confirm seats.,"A hotel concierge using standard telephone lines to call airlines, car rentals, and restaurants.","Consumer travel AI, internal IT helpdesk database connectors.","High-production animation, engaging voiceover, complete practical demonstration.",Show the JSON-RPC request and response payload on screen so viewers see how the protocol actually communicates.,87000,1300000.0,"Model Context Protocol (MCP) Explained for Beginners: AI Flight Booking Demo! Beginner-Friendly Practical Application Interactive flight booking UI demonstration, JSON-RPC message protocol logs on screen. AI assistant using an MCP flight booking server to check live ticket availability and confirm seats. A hotel concierge using standard telephone lines to call airlines, car rentals, and restaurants. Consumer travel AI, internal IT helpdesk database connectors. Show the JSON-RPC request and response payload on screen so viewers see how the protocol actually communicates.",1,1,1,1,0,0,576,80,14.077875591662238,2
VID-134,Agentic AI & Multi-Agent Systems,codebasics,Model Context Protocol Clearly Explained | MCP Beyond the Hype,http://www.youtube.com/watch?v=tzrwxLNHtRY,15:04,567K+,Industry Strategic Analysis,Digital pen sketches comparing N*M custom API connectors with N+M standardized MCP servers.,Connecting 5 LLM models to 10 company data sources (50 custom pipelines vs 15 MCP endpoints).,Electrical power wall plugs: one universal socket standard for all appliances.,"Enterprise data architecture standardization, cutting software integration costs.","Clear, engaging Indian English, practical business focus, clean whiteboard sketches.",Use the N*M vs N+M integration complexity math to justify why standards always win.,904,567000.0,"Model Context Protocol Clearly Explained | MCP Beyond the Hype Industry Strategic Analysis Digital pen sketches comparing N*M custom API connectors with N+M standardized MCP servers. Connecting 5 LLM models to 10 company data sources (50 custom pipelines vs 15 MCP endpoints). Electrical power wall plugs: one universal socket standard for all appliances. Enterprise data architecture standardization, cutting software integration costs. Use the N*M vs N+M integration complexity math to justify why standards always win.",1,1,1,1,1,0,521,75,13.248116346376763,1
VID-135,Agentic AI & Multi-Agent Systems,NDC Conferences,"AI Agents In-Depth – Function Calling, MCP and Tool Use Under the Hood - Alan Smith",http://www.youtube.com/watch?v=Mvcxa35_PMA,1:01:26,5.2K+,Senior Engineering Conference Masterclass,"Live architectural slide presentations, JSON schema tool definitions, system prompt injection logs.",Structuring strict JSON schema parameter definitions for SQL query tools and weather APIs.,Providing a technician with a customized toolbox where every wrench fits an exact bolt size.,"Enterprise ERP automated integrations, mission-critical autonomous agents.","Auditorium professional audio capture, multi-camera stage setup, deep technical rigor.","Demystify function calling: show that the LLM doesn't execute code, it simply generates structured JSON arguments.",3686,5200.0,"AI Agents In-Depth – Function Calling, MCP and Tool Use Under the Hood - Alan Smith Senior Engineering Conference Masterclass Live architectural slide presentations, JSON schema tool definitions, system prompt injection logs. Structuring strict JSON schema parameter definitions for SQL query tools and weather APIs. Providing a technician with a customized toolbox where every wrench fits an exact bolt size. Enterprise ERP automated integrations, mission-critical autonomous agents. Demystify function calling: show that the LLM doesn't execute code, it simply generates structured JSON arguments.",1,1,1,1,0,1,599,83,8.556606193773073,2
VID-136,Advanced Retrieval & Search,Prompt Engineering,The Best RAG Technique Yet? Anthropic’s Contextual Retrieval Explained!,http://www.youtube.com/watch?v=tmiBae2goJM,16:14,138K+,Breakthrough Technique Deep Dive,Diagrams comparing standard isolated chunks vs context-prepended chunks; retrieval accuracy benchmarks.,Chunk mentioning 'revenue grew 3%' prepended with context: 'This chunk discusses Acme Corp Q2 2024 financials'.,Writing the book title and chapter name on every torn page so you never lose where it came from.,"Complex legal contract retrieval, financial SEC 10-K search engines.","Clear instructional audio, step-by-step Python code implementation, clean visual slides.",Show the dramatic drop in retrieval failure rates (up to 49%) when adding contextual document summaries.,974,138000.0,"The Best RAG Technique Yet? Anthropic’s Contextual Retrieval Explained! Breakthrough Technique Deep Dive Diagrams comparing standard isolated chunks vs context-prepended chunks; retrieval accuracy benchmarks. Chunk mentioning 'revenue grew 3%' prepended with context: 'This chunk discusses Acme Corp Q2 2024 financials'. Writing the book title and chapter name on every torn page so you never lose where it came from. Complex legal contract retrieval, financial SEC 10-K search engines. Show the dramatic drop in retrieval failure rates (up to 49%) when adding contextual document summaries.",1,1,1,1,0,0,591,84,11.8350162104899,0
VID-137,Advanced Retrieval & Search,Prompt Engineering,Supercharge Your RAG with Contextualized Late Interactions,http://www.youtube.com/watch?v=xTzUn3G9YA0,17:45,19K+,ColBERT Multi-Vector Deep Dive,Visual matrix comparing single dense vector embeddings vs token-level late interaction matrices (MaxSim operator).,Retrieving specific nuanced clauses in long technical manuals where single-vector pooling compresses away details.,Comparing two resumes word-by-word with highlighters instead of condensing both into a single 1-word summary score.,"High-accuracy search in technical documentation, clinical medical literature search.","Crisp developer voiceover, high-contrast diagrams, complete Python ColBERT implementation.",Visually illustrate the MaxSim operator to demystify why token-level matching preserves fine details.,1065,19000.0,"Supercharge Your RAG with Contextualized Late Interactions ColBERT Multi-Vector Deep Dive Visual matrix comparing single dense vector embeddings vs token-level late interaction matrices (MaxSim operator). Retrieving specific nuanced clauses in long technical manuals where single-vector pooling compresses away details. Comparing two resumes word-by-word with highlighters instead of condensing both into a single 1-word summary score. High-accuracy search in technical documentation, clinical medical literature search. Visually illustrate the MaxSim operator to demystify why token-level matching preserves fine details.",1,1,1,1,1,0,622,77,9.852246888342531,0
VID-138,Advanced Retrieval & Search,Sam Witteveen,Advanced RAG 03 - Hybrid Search BM25 & Ensembles,http://www.youtube.com/watch?v=lYxGYXjfrNI,6:47,41K+,Practical Engineering Guide,"Reciprocal Rank Fusion (RRF) formula overlays, side-by-side retrieval tables.",Searching for exact part serial numbers ('XG-9021') alongside semantic concepts ('replacement hydraulic valve').,Using both a metal detector (exact keyword BM25) and a sniffer dog (semantic vector search) at an airport.,"E-commerce catalog search, enterprise inventory management.","Clear developer audio, high-resolution IDE screencasts, concise and practical flow.","Show how dense vector search fails on exact serial numbers, proving why BM25 keyword search is still vital.",407,41000.0,"Advanced RAG 03 - Hybrid Search BM25 & Ensembles Practical Engineering Guide Reciprocal Rank Fusion (RRF) formula overlays, side-by-side retrieval tables. Searching for exact part serial numbers ('XG-9021') alongside semantic concepts ('replacement hydraulic valve'). Using both a metal detector (exact keyword BM25) and a sniffer dog (semantic vector search) at an airport. E-commerce catalog search, enterprise inventory management. Show how dense vector search fails on exact serial numbers, proving why BM25 keyword search is still vital.",1,1,1,1,1,0,542,76,10.62135173563291,0
VID-139,Advanced Retrieval & Search,Mervin Praison,RAGAS: How to Evaluate a RAG Application Like a Pro for Beginners,http://www.youtube.com/watch?v=5fp6e5nhJRk,8:38,63K+,Evaluation Framework Tutorial,"The 4 core RAGAS metric cards: Faithfulness, Answer Relevancy, Context Precision, and Context Recall.",Automating continuous evaluation of RAG customer support responses against a golden test dataset.,Having an independent grading rubric with four strict teaching assistants grading every student essay.,"Enterprise AI quality assurance, CI/CD pipeline automated regression testing for LLMs.","Crisp voice recording, zoomed terminal outputs, practical real-world tutorial.",Categorize evaluation into Retrieval metrics (precision/recall) vs Generation metrics (faithfulness/relevancy).,518,63000.0,"RAGAS: How to Evaluate a RAG Application Like a Pro for Beginners Evaluation Framework Tutorial The 4 core RAGAS metric cards: Faithfulness, Answer Relevancy, Context Precision, and Context Recall. Automating continuous evaluation of RAG customer support responses against a golden test dataset. Having an independent grading rubric with four strict teaching assistants grading every student essay. Enterprise AI quality assurance, CI/CD pipeline automated regression testing for LLMs. Categorize evaluation into Retrieval metrics (precision/recall) vs Generation metrics (faithfulness/relevancy).",1,1,1,1,0,0,597,77,11.050905878263569,0
VID-140,Advanced Retrieval & Search,Logical Lenses,"RAG Evaluation: Precision, Recall, Faithfulness, RAGAS Explained Clearly",http://www.youtube.com/watch?v=7_LTU0LA374,12:19,24K+,Metric Formulation & Visual Math,Venn diagrams and formulas showing how an LLM judge calculates faithfulness without human ground truth labels.,Detecting hallucinations when the model mentions facts not present in the retrieved context.,A fact-checker at a newspaper comparing an article word-for-word against the reporter's interview transcripts.,"Regulated banking AI audits, medical chatbot compliance verification.","Balanced audio, clear step-by-step mathematical slides, steady tempo.",Show how LLM-as-a-judge prompts work under the hood to calculate faithfulness scores.,739,24000.0,"RAG Evaluation: Precision, Recall, Faithfulness, RAGAS Explained Clearly Metric Formulation & Visual Math Venn diagrams and formulas showing how an LLM judge calculates faithfulness without human ground truth labels. Detecting hallucinations when the model mentions facts not present in the retrieved context. A fact-checker at a newspaper comparing an article word-for-word against the reporter's interview transcripts. Regulated banking AI audits, medical chatbot compliance verification. Show how LLM-as-a-judge prompts work under the hood to calculate faithfulness scores.",1,1,1,1,1,0,576,76,10.085850775128716,0
VID-141,LLM Systems & Inference Optimization,AI Coffee Break with Letitia,Direct Preference Optimization: Your Language Model is Secretly a Reward Model,http://www.youtube.com/watch?v=XZLc09hkMwA,8:55,43K+,Mathematical Simplification & Paper Breakdown,Clean slide diagrams contrasting the multi-step RLHF pipeline against single-step DPO closed-form loss.,Aligning LLaMA models directly on preferred vs rejected response pairs.,"Learning directly from a coach who points out good vs bad plays, eliminating the complex referee scoring system.","Modern post-training alignment for open-source models (Zephyr, Llama 3).","Gentle, precise articulation, pleasing aesthetic visual identity, clean formula animations.",Explain how mathematical reparameterization lets you optimize policy directly without training a separate reward model.,535,43000.0,"Direct Preference Optimization: Your Language Model is Secretly a Reward Model Mathematical Simplification & Paper Breakdown Clean slide diagrams contrasting the multi-step RLHF pipeline against single-step DPO closed-form loss. Aligning LLaMA models directly on preferred vs rejected response pairs. Learning directly from a coach who points out good vs bad plays, eliminating the complex referee scoring system. Modern post-training alignment for open-source models (Zephyr, Llama 3). Explain how mathematical reparameterization lets you optimize policy directly without training a separate reward model.",1,1,1,1,1,0,606,81,10.66897865021924,4
VID-142,LLM Systems & Inference Optimization,Luis Serrano Academy,Direct Preference Optimization (DPO) - How to fine-tune LLMs directly without reinforcement learning,http://www.youtube.com/watch?v=k2pD3k1485A,21:15,37K+,Pedagogical Geometric Intuition,Probability curves shifting: pushing up probabilities of winning answers while pulling down losing answers.,Teaching a chatbot to write concise responses instead of verbose essays.,Tug-of-war where good answers pull the rope toward themselves and bad answers let go.,"Consumer chatbot alignment, tone adjustment for enterprise support bots.","Warm, encouraging instructional voice, beautiful hand-drawn style animations.",Use the visual 'probability seesaw' metaphor to show probabilities shifting between preferred and dispreferred tokens.,1275,37000.0,"Direct Preference Optimization (DPO) - How to fine-tune LLMs directly without reinforcement learning Pedagogical Geometric Intuition Probability curves shifting: pushing up probabilities of winning answers while pulling down losing answers. Teaching a chatbot to write concise responses instead of verbose essays. Tug-of-war where good answers pull the rope toward themselves and bad answers let go. Consumer chatbot alignment, tone adjustment for enterprise support bots. Use the visual 'probability seesaw' metaphor to show probabilities shifting between preferred and dispreferred tokens.",1,1,1,1,1,0,591,79,10.518700218288163,4
VID-143,LLM Systems & Inference Optimization,Jia-Bin Huang,How FlashAttention Accelerates Generative AI Revolution,http://www.youtube.com/watch?v=gBMO1JZav44,11:54,39K+,GPU Architecture & Hardware Tiling,"GPU memory hierarchy diagrams (HBM vs SRAM), tiled block matrix multiplications, online softmax fusion.",Training Transformers 3x faster with 10x less memory overhead on A100 GPUs.,A chef cooking at their small kitchen counter (fast SRAM) instead of running back and forth to the basement pantry (slow HBM).,The hardware foundation that enabled 100K+ token context windows in modern AI.,"Crystal-clear audio, exceptional technical illustrations, high-density systems knowledge.","Show that the speedup comes from reducing memory read/write bottlenecks (IO-awareness), not just fewer FLOPs.",714,39000.0,"How FlashAttention Accelerates Generative AI Revolution GPU Architecture & Hardware Tiling GPU memory hierarchy diagrams (HBM vs SRAM), tiled block matrix multiplications, online softmax fusion. Training Transformers 3x faster with 10x less memory overhead on A100 GPUs. A chef cooking at their small kitchen counter (fast SRAM) instead of running back and forth to the basement pantry (slow HBM). The hardware foundation that enabled 100K+ token context windows in modern AI. Show that the speedup comes from reducing memory read/write bottlenecks (IO-awareness), not just fewer FLOPs.",1,1,1,1,1,0,586,86,10.5713425658087,1
VID-144,LLM Systems & Inference Optimization,IBM Technology,Faster LLMs: Accelerate Inference with Speculative Decoding,http://www.youtube.com/watch?v=VkWlLSTdHs8,9:39,34K+,Lightboard Parallel Inference Walkthrough,"Two model timelines: Small draft model proposing 5 tokens rapidly, large target model verifying all 5 in parallel.",Using a 1B parameter draft model to accelerate a 70B parameter model by 2.5x with identical outputs.,An eager junior writer drafting sentences quickly while a senior editor approves or corrects them in a single glance.,"Real-time enterprise coding autocomplete, low-latency conversational voice bots.","Studio 4K video, crisp lapel microphone, luminous marker contrast on black background.",Highlight the mathematical guarantee: speculative decoding produces the EXACT same output distribution as the large model.,579,34000.0,"Faster LLMs: Accelerate Inference with Speculative Decoding Lightboard Parallel Inference Walkthrough Two model timelines: Small draft model proposing 5 tokens rapidly, large target model verifying all 5 in parallel. Using a 1B parameter draft model to accelerate a 70B parameter model by 2.5x with identical outputs. An eager junior writer drafting sentences quickly while a senior editor approves or corrects them in a single glance. Real-time enterprise coding autocomplete, low-latency conversational voice bots. Highlight the mathematical guarantee: speculative decoding produces the EXACT same output distribution as the large model.",1,1,1,1,1,1,639,89,10.434145214930489,6
VID-145,LLM Systems & Inference Optimization,IBM Technology,What is vLLM? Efficient AI Inference for Large Language Models,http://www.youtube.com/watch?v=McLdlg5Gc9s,4:58,101K+,Systems Infrastructure & PagedAttention,PagedAttention memory diagram comparing fragmented sequential memory with non-contiguous virtual paging.,Serving 4x more concurrent user requests on the same GPU without running out of VRAM.,Operating system virtual memory paging: storing memory blocks in whatever free slots exist rather than demanding giant continuous chunks.,"High-scale AI API hosting, enterprise cloud inference infrastructure.","4K studio lightboard, concise delivery, zero unnecessary filler.",Show the VRAM waste problem (internal/external memory fragmentation) before revealing PagedAttention.,298,101000.0,"What is vLLM? Efficient AI Inference for Large Language Models Systems Infrastructure & PagedAttention PagedAttention memory diagram comparing fragmented sequential memory with non-contiguous virtual paging. Serving 4x more concurrent user requests on the same GPU without running out of VRAM. Operating system virtual memory paging: storing memory blocks in whatever free slots exist rather than demanding giant continuous chunks. High-scale AI API hosting, enterprise cloud inference infrastructure. Show the VRAM waste problem (internal/external memory fragmentation) before revealing PagedAttention.",1,1,1,1,0,0,603,78,11.52288569676448,1
VID-146,LLM Systems & Inference Optimization,Edward Hu,What is Low-Rank Adaptation (LoRA) | explained by the inventor,http://www.youtube.com/watch?v=DhRoTONcyZE,7:29,141K+,Primary Source Mathematical Intuition,Weight matrix decomposition: multiplying giant matrix W by frozen weights and adding low-rank product A * B.,Freezing a 175B parameter model and training only tiny rank-8 adapter matrices (0.01% of parameters).,Wearing a custom lightweight costume over an existing mannequin rather than molding a whole new body.,"Fine-tuning enterprise models on consumer GPUs, modular multi-tenant AI systems.","Authoritative, humble, direct-from-inventor explanation, clean mathematical slides.",Learning from the original paper creator offers unmatched conceptual purity; keep the math focused on rank decomposition.,449,141000.0,"What is Low-Rank Adaptation (LoRA) | explained by the inventor Primary Source Mathematical Intuition Weight matrix decomposition: multiplying giant matrix W by frozen weights and adding low-rank product A * B. Freezing a 175B parameter model and training only tiny rank-8 adapter matrices (0.01% of parameters). Wearing a custom lightweight costume over an existing mannequin rather than molding a whole new body. Fine-tuning enterprise models on consumer GPUs, modular multi-tenant AI systems. Learning from the original paper creator offers unmatched conceptual purity; keep the math focused on rank decomposition.",1,1,1,1,1,0,616,89,11.856522261533735,1
VID-147,Computer Vision & Multimodal AI,codebasics,What is YOLO algorithm? | Deep Learning Tutorial 31,http://www.youtube.com/watch?v=ag3DLKsl2vk,16:05,952K+,Object Detection Grid Architecture,"Splitting an image into an S x S grid, bounding box regression coordinates, IoU intersection over union.","Detecting pedestrians, cars, and traffic lights simultaneously in real-time camera feeds.",Scanning an entire painting in one single glance rather than scanning a magnifying glass over every square inch.,"Autonomous vehicle perception, security camera surveillance, automated robotics.","Engaging conversational Indian English, clear digital drawing, structured conceptual progression.",Contrast two-stage detectors (R-CNN sliding windows) with YOLO's single-pass grid to prove why YOLO achieves real-time FPS.,965,952000.0,"What is YOLO algorithm? | Deep Learning Tutorial 31 Object Detection Grid Architecture Splitting an image into an S x S grid, bounding box regression coordinates, IoU intersection over union. Detecting pedestrians, cars, and traffic lights simultaneously in real-time camera feeds. Scanning an entire painting in one single glance rather than scanning a magnifying glass over every square inch. Autonomous vehicle perception, security camera surveillance, automated robotics. Contrast two-stage detectors (R-CNN sliding windows) with YOLO's single-pass grid to prove why YOLO achieves real-time FPS.",1,1,1,1,0,0,599,84,13.766321364193118,3
VID-148,Computer Vision & Multimodal AI,TED,How computers learn to recognize objects instantly | Joseph Redmon,http://www.youtube.com/watch?v=Cgxsv1riJhI,7:38,1.1M+,Inspiring Visionary Keynote Demo,"Live webcam object detection running at 60 FPS on stage, bounding boxes tracking objects in real time.","Detecting horses, dogs, sheep, and attendees in real time across the live auditorium.",The human eye processing an entire visual scene instantaneously without stopping to think.,"Robotics, conservation tracking of endangered animals, medical imaging.","TED main-stage production, charismatic creator humor, thrilling real-time live software demo.",A live interactive software demo running in real time generates unforgettable impact.,458,1100000.0,"How computers learn to recognize objects instantly | Joseph Redmon Inspiring Visionary Keynote Demo Live webcam object detection running at 60 FPS on stage, bounding boxes tracking objects in real time. Detecting horses, dogs, sheep, and attendees in real time across the live auditorium. The human eye processing an entire visual scene instantaneously without stopping to think. Robotics, conservation tracking of endangered animals, medical imaging. A live interactive software demo running in real time generates unforgettable impact.",1,1,1,1,0,0,537,77,13.910821646859096,3
VID-149,Computer Vision & Multimodal AI,Roboflow,SAM - Segment Anything Model by Meta AI: Complete Guide,http://www.youtube.com/watch?v=D-D6ZmadzPE,12:55,117K+,Foundation Model Architecture & Python Demo,"Zero-shot segmentation mask overlays on complex scenes, point prompts and bounding box prompts.","Segmenting every object, shadow, and reflection in an image with zero custom fine-tuning.",A digital laser scalpel that cleanly cuts out any object you touch with a finger.,"Automated data labeling, augmented reality, medical surgery guidance.","Pristine developer audio, clear Jupyter notebook demonstration, high visual contrast.",Show promptable segmentation (click a point -> generate mask) to demonstrate foundational model zero-shot power.,775,117000.0,"SAM - Segment Anything Model by Meta AI: Complete Guide Foundation Model Architecture & Python Demo Zero-shot segmentation mask overlays on complex scenes, point prompts and bounding box prompts. Segmenting every object, shadow, and reflection in an image with zero custom fine-tuning. A digital laser scalpel that cleanly cuts out any object you touch with a finger. Automated data labeling, augmented reality, medical surgery guidance. Show promptable segmentation (click a point -> generate mask) to demonstrate foundational model zero-shot power.",1,1,1,1,0,1,550,80,11.669937760751914,3
VID-150,Computer Vision & Multimodal AI,What's AI by Louis-François Bouchard,OpenAI's Whisper Model Explained,http://www.youtube.com/watch?v=uFOkMme19Zs,5:25,36K+,Speech Recognition Architecture & Weak Supervision,"Log-mel spectrogram input audio patches, encoder-decoder transformer blocks, multitask token sequences.","Transcribing noisy podcast speech with accents, auto-translating into English.","A bilingual court stenographer trained on 680,000 hours of internet radio broadcasts.","Automated podcast transcription, medical doctor dictation, YouTube auto-subtitles.","Crisp modern editing, smooth animation transitions, punchy 5-minute explanation.",Explain weak supervision: training on massive noisy web audio beats smaller curated datasets.,325,36000.0,"OpenAI's Whisper Model Explained Speech Recognition Architecture & Weak Supervision Log-mel spectrogram input audio patches, encoder-decoder transformer blocks, multitask token sequences. Transcribing noisy podcast speech with accents, auto-translating into English. A bilingual court stenographer trained on 680,000 hours of internet radio broadcasts. Automated podcast transcription, medical doctor dictation, YouTube auto-subtitles. Explain weak supervision: training on massive noisy web audio beats smaller curated datasets.",1,1,1,1,0,0,529,63,10.491301994830229,6
VID-151,Computer Vision & Multimodal AI,IBM Technology,What Are Vision Language Models? How AI Sees & Understands Images,http://www.youtube.com/watch?v=lOD_EE96jhM,9:48,141K+,Multimodal Lightboard Architecture,Drawing vision encoders (CLIP/SigLIP) projecting image patches into LLM token spaces on lightboard.,Uploading a photo of a refrigerator and asking the AI for dinner recipes based on ingredients.,Giving an AI visual optic nerves that translate sight directly into language thought tokens.,"Visual inspection on manufacturing lines, assistive tools for visually impaired users.","4K studio lightboard, neon marker drawings, balanced and articulate delivery.",Show the projection layer (linear projector or MLP) as the bridge connecting the visual world to the text LLM.,588,141000.0,"What Are Vision Language Models? How AI Sees & Understands Images Multimodal Lightboard Architecture Drawing vision encoders (CLIP/SigLIP) projecting image patches into LLM token spaces on lightboard. Uploading a photo of a refrigerator and asking the AI for dinner recipes based on ingredients. Giving an AI visual optic nerves that translate sight directly into language thought tokens. Visual inspection on manufacturing lines, assistive tools for visually impaired users. Show the projection layer (linear projector or MLP) as the bridge connecting the visual world to the text LLM.",1,1,1,1,0,0,586,87,11.856522261533735,6
VID-152,Computer Vision & Multimodal AI,Yannic Kilcher,NeRF: Representing Scenes as Neural Radiance Fields for View Synthesis,http://www.youtube.com/watch?v=CRlN-cYFxTk,33:56:00,205K+,In-Depth Paper Review & Volumetric Rendering,"Original paper figures, ray marching through 3D spatial points (x,y,z) with viewing angles (theta, phi).",Rendering photorealistic 3D novel views of a synthetic bulldozer and drum kit from 50 photographs.,Representing a physical 3D scene inside a neural network's weights instead of polygons and textures.,"Virtual reality scene recreation, VFX movie production, robotic spatial mapping.","Informal, highly knowledgeable academic walkthrough, live paper reading with critical analysis.",Walk through the ray-marching volume rendering integral step-by-step so viewers understand how 2D pixels are computed.,122160,205000.0,"NeRF: Representing Scenes as Neural Radiance Fields for View Synthesis In-Depth Paper Review & Volumetric Rendering Original paper figures, ray marching through 3D spatial points (x,y,z) with viewing angles (theta, phi). Rendering photorealistic 3D novel views of a synthetic bulldozer and drum kit from 50 photographs. Representing a physical 3D scene inside a neural network's weights instead of polygons and textures. Virtual reality scene recreation, VFX movie production, robotic spatial mapping. Walk through the ray-marching volume rendering integral step-by-step so viewers understand how 2D pixels are computed.",1,1,1,1,1,0,620,87,12.230770136157428,3
VID-153,Reinforcement Learning & Game Theory,Siraj Raval,Q Learning Explained (tutorial),http://www.youtube.com/watch?v=aCEvtRtNO-M,9:27,381K+,High-Energy Interactive Tutorial,"Q-table grid state-action matrix, animated robot maze path, Bellman equation breakdown.",A robot agent learning to navigate a grid world with fire pits and treasure goals.,Training a puppy with treats: exploring new rooms vs repeating actions that earned treats before.,"Robotic warehouse navigation, algorithmic market trading.","Fast-paced, vibrant graphics, comedic timing, clear code overlays.",Use the Exploration vs Exploitation dilemma (trying a new restaurant vs going to your favorite spot) as the core hook.,567,381000.0,"Q Learning Explained (tutorial) High-Energy Interactive Tutorial Q-table grid state-action matrix, animated robot maze path, Bellman equation breakdown. A robot agent learning to navigate a grid world with fire pits and treasure goals. Training a puppy with treats: exploring new rooms vs repeating actions that earned treats before. Robotic warehouse navigation, algorithmic market trading. Use the Exploration vs Exploitation dilemma (trying a new restaurant vs going to your favorite spot) as the core hook.",1,1,1,1,1,0,510,74,12.850557278777307,4
VID-154,Reinforcement Learning & Game Theory,CodeEmporium,Deep Q-Networks Explained!,http://www.youtube.com/watch?v=x83WmvbRa2I,10:51,77K+,Neural Network Integration & Stability Tricks,"Whiteboard diagrams showing DeepMind's Atari architecture, Experience Replay buffer, and Target Network.",AI learning to play Atari Breakout and discovering the tunnel strategy to win.,Replaying past soccer game tapes in your sleep (Experience Replay) to learn from mistakes without recency bias.,"Autonomous robotics, complex game-playing AI.","Energetic, clear whiteboard presentation, comprehensive stability equation derivations.",Explain the two critical stability innovations: Experience Replay (breaking correlation) and Target Networks.,651,77000.0,"Deep Q-Networks Explained! Neural Network Integration & Stability Tricks Whiteboard diagrams showing DeepMind's Atari architecture, Experience Replay buffer, and Target Network. AI learning to play Atari Breakout and discovering the tunnel strategy to win. Replaying past soccer game tapes in your sleep (Experience Replay) to learn from mistakes without recency bias. Autonomous robotics, complex game-playing AI. Explain the two critical stability innovations: Experience Replay (breaking correlation) and Target Networks.",1,1,1,1,0,0,524,69,11.251573687764475,4
VID-155,Reinforcement Learning & Game Theory,Julia Turc,Proximal Policy Optimization (PPO) for LLMs Explained Intuitively,http://www.youtube.com/watch?v=8jtAzxUwDj0,22:03,69K+,Mathematical Pedagogy for AI Practitioners,"Clipped surrogate objective formulas, policy ratio r(theta) plots with clipping bounds [1-eps, 1+eps].",Aligning ChatGPT responses to remain polite and avoid catastrophic policy collapse.,"Putting guardrails on a mountain trail: the model can take steps toward better answers, but cannot take giant suicidal leaps.","ChatGPT RLHF alignment, autonomous drone flight control.","Pristine audio, elegant mathematical motion graphics, calm and authoritative teaching.",Graph the Clipped Objective function piecewise to show exactly why destructive large policy updates are blocked.,1323,69000.0,"Proximal Policy Optimization (PPO) for LLMs Explained Intuitively Mathematical Pedagogy for AI Practitioners Clipped surrogate objective formulas, policy ratio r(theta) plots with clipping bounds [1-eps, 1+eps]. Aligning ChatGPT responses to remain polite and avoid catastrophic policy collapse. Putting guardrails on a mountain trail: the model can take steps toward better answers, but cannot take giant suicidal leaps. ChatGPT RLHF alignment, autonomous drone flight control. Graph the Clipped Objective function piecewise to show exactly why destructive large policy updates are blocked.",1,1,1,1,1,0,591,80,11.141876276228,4
VID-156,Generative AI & Diffusion Models,DeepBean,Understanding GANs (Generative Adversarial Networks),http://www.youtube.com/watch?v=RAa55G-oEuk,26:46:00,70K+,Mathematical Pedagogy & Loss Landscapes,"Minimax game theory payoff matrices, gradient arrows pushing generator distribution toward real data distribution.",Generating high-resolution anime faces and synthetic landscape images.,A currency counterfeiter trying to fool a bank teller with increasingly convincing counterfeit watermarks.,"Video game texture generation, historical film remastering.","Calm, deeply academic presentation, detailed mathematical derivations, clean slide cards.",Graph the Jensen-Shannon divergence to show why early GANs suffered from vanishing gradients.,96360,70000.0,"Understanding GANs (Generative Adversarial Networks) Mathematical Pedagogy & Loss Landscapes Minimax game theory payoff matrices, gradient arrows pushing generator distribution toward real data distribution. Generating high-resolution anime faces and synthetic landscape images. A currency counterfeiter trying to fool a bank teller with increasingly convincing counterfeit watermarks. Video game texture generation, historical film remastering. Graph the Jensen-Shannon divergence to show why early GANs suffered from vanishing gradients.",1,1,1,1,1,0,539,66,11.156264806643742,5
VID-157,Generative AI & Diffusion Models,Packt,What are Generative Adversarial Networks (GANs) and how do they work?,http://www.youtube.com/watch?v=-Upj_VhjTBs,3:55,88K+,Concise Developer Overview,"2D animated block diagram showing random noise input entering generator, discriminator binary scoring.",Converting low-resolution pixel art to high-resolution vector artwork.,A student taking practice tests and an automated grader providing instant feedback scores.,"Image super-resolution, synthetic data augmentation for autonomous vehicles.","Professional voiceover, clear motion graphics, efficient 4-minute runtime.",Deliver a fast conceptual primer for engineers before plunging into training code.,235,88000.0,"What are Generative Adversarial Networks (GANs) and how do they work? Concise Developer Overview 2D animated block diagram showing random noise input entering generator, discriminator binary scoring. Converting low-resolution pixel art to high-resolution vector artwork. A student taking practice tests and an automated grader providing instant feedback scores. Image super-resolution, synthetic data augmentation for autonomous vehicles. Deliver a fast conceptual primer for engineers before plunging into training code.",1,1,1,1,1,1,521,68,11.38510345703214,5
VID-158,Generative AI & Diffusion Models,DeepBean,Understanding Variational Autoencoders (VAEs),http://www.youtube.com/watch?v=HBYQvKlaE0A,29:54:00,72K+,In-Depth Mathematical Derivation,"Evidence Lower Bound (ELBO) formula derivations, Gaussian latent manifold projections.",Continuous digit morphing in 2D latent space from 0 to 9 without discontinuous jumps.,"Compressing a novel into an emotional blueprint, then having an author reconstruct the story from the blueprint.","Drug discovery molecular generation, acoustic audio modeling.","Thorough university-level math instruction, clear digital ink annotations, quiet studio background.",Derive the ELBO step-by-step to demystify why VAE loss consists of reconstruction plus KL divergence.,107640,72000.0,"Understanding Variational Autoencoders (VAEs) In-Depth Mathematical Derivation Evidence Lower Bound (ELBO) formula derivations, Gaussian latent manifold projections. Continuous digit morphing in 2D latent space from 0 to 9 without discontinuous jumps. Compressing a novel into an emotional blueprint, then having an author reconstruct the story from the blueprint. Drug discovery molecular generation, acoustic audio modeling. Derive the ELBO step-by-step to demystify why VAE loss consists of reconstruction plus KL divergence.",1,1,1,1,1,0,528,70,11.184435286790633,5
VID-159,Advanced Neural Architectures,DeepFindr,Vision Transformer Quick Guide - Theory and Code in (almost) 15 min,http://www.youtube.com/watch?v=j3VNqtJUoz0,16:51,209K+,Theory + PyTorch Code Implementation,Split-screen comparing ViT architecture paper diagrams directly with PyTorch nn.Module code.,Writing patch embedding layers and multi-head self-attention in 50 lines of PyTorch.,Turning a 2D photograph into an audio tape of consecutive visual soundbites.,High-throughput computer vision classification on cloud servers.,"Engaging developer presentation, crisp code editor text, synchronized architecture diagrams.",Map every paper architecture block directly to its corresponding PyTorch class line-by-line.,1011,209000.0,Vision Transformer Quick Guide - Theory and Code in (almost) 15 min Theory + PyTorch Code Implementation Split-screen comparing ViT architecture paper diagrams directly with PyTorch nn.Module code. Writing patch embedding layers and multi-head self-attention in 50 lines of PyTorch. Turning a 2D photograph into an audio tape of consecutive visual soundbites. High-throughput computer vision classification on cloud servers. Map every paper architecture block directly to its corresponding PyTorch class line-by-line.,1,1,1,1,0,1,517,71,12.250094315624496,3
VID-160,Advanced Neural Architectures,AGI Lambda,Vision Transformer,http://www.youtube.com/watch?v=vJF3TBI8esQ,5:05,69K+,Micro-Animation Architecture Primer,"Dynamic 3D animations of image patch unrolling, linear projections, and transformer attention matrix passes.",Feeding a dog photograph as 16x16 patch vectors into self-attention heads.,Reading a graphic comic book panel by panel in sequential order.,"Satellite imagery analysis, medical lesion detection.","High-end 3D motion design, punchy narration, zero wasted seconds.",Use 3D spatial unrolling animations to show how 2D images become 1D sequence tokens.,305,69000.0,"Vision Transformer Micro-Animation Architecture Primer Dynamic 3D animations of image patch unrolling, linear projections, and transformer attention matrix passes. Feeding a dog photograph as 16x16 patch vectors into self-attention heads. Reading a graphic comic book panel by panel in sequential order. Satellite imagery analysis, medical lesion detection. Use 3D spatial unrolling animations to show how 2D images become 1D sequence tokens.",1,1,1,1,1,0,442,61,11.141876276228,3
VID-161,Advanced Neural Architectures,Aleksa Gordić - The AI Epiphany,Vision Transformer (ViT) - An image is worth 16x16 words | Paper Explained,http://www.youtube.com/watch?v=j6kuz_NqkG0,24:57:00,47K+,Comprehensive Research Paper Reading,"Full paper markup, annotated attention rollout diagrams, inductive bias vs pretraining data graphs.",ViT scaling properties on JFT-300M dataset vs ImageNet pretraining.,A newborn baby with no built-in visual instincts needing millions of examples to learn visual physics.,"Meta AI vision models, autonomous robotics perception.","Deeply knowledgeable machine learning researcher voice, transparent paper highlighting, intellectual honesty.",Discuss inductive bias: explain why CNNs dominate on small data while ViTs win at internet scale.,89820,47000.0,"Vision Transformer (ViT) - An image is worth 16x16 words | Paper Explained Comprehensive Research Paper Reading Full paper markup, annotated attention rollout diagrams, inductive bias vs pretraining data graphs. ViT scaling properties on JFT-300M dataset vs ImageNet pretraining. A newborn baby with no built-in visual instincts needing millions of examples to learn visual physics. Meta AI vision models, autonomous robotics perception. Discuss inductive bias: explain why CNNs dominate on small data while ViTs win at internet scale.",1,1,1,1,0,0,535,78,10.757924157061597,3
VID-162,Advanced Neural Architectures,Vizuara,"Graph Neural Networks (GNN) | Nodes, Edges, Adjacency Matrix, Message Passing",http://www.youtube.com/watch?v=m-pttXkgXrs,29:00:00,21K+,Foundational Graph Theory & Mathematical Walkthrough,"Adjacency matrices multiplied against node feature vectors, neighborhood aggregation trees.","Predicting chemical toxicity from molecular bond graphs (atoms as nodes, bonds as edges).",Passing notes in class: each student updates their note with secrets whispered by adjacent desks.,"Pharmaceutical chemistry, fraud ring detection in financial networks.","Methodical academic delivery, clean digital chalkboard equations, comprehensive derivations.",Show how the adjacency matrix represents graph topology algebraically before introducing neural weights.,104400,21000.0,"Graph Neural Networks (GNN) | Nodes, Edges, Adjacency Matrix, Message Passing Foundational Graph Theory & Mathematical Walkthrough Adjacency matrices multiplied against node feature vectors, neighborhood aggregation trees. Predicting chemical toxicity from molecular bond graphs (atoms as nodes, bonds as edges). Passing notes in class: each student updates their note with secrets whispered by adjacent desks. Pharmaceutical chemistry, fraud ring detection in financial networks. Show how the adjacency matrix represents graph topology algebraically before introducing neural weights.",1,1,1,1,1,0,585,76,9.952325334619427,7
VID-163,Advanced Neural Architectures,SandboxAQ,AI Explained - Graph Neural Networks | How AI Uses Graphs to Accelerate Innovation,http://www.youtube.com/watch?v=epVW0_iVBX8,3:24,4.8M+,Cinematic Corporate Science Visualization,Breathtaking 3D molecular protein structures glowing with message passing data packets.,Modeling quantum interactions and discovering new battery electrolytes.,A galactic constellation where gravitational pull depends on relational distances.,"Next-gen battery design, oncology drug synthesis.","Hollywood-grade documentary sound design and VFX, television-quality narration.","Show the immense real-world societal impact (clean energy, medicine) to create emotional resonance.",204,4800000.0,"AI Explained - Graph Neural Networks | How AI Uses Graphs to Accelerate Innovation Cinematic Corporate Science Visualization Breathtaking 3D molecular protein structures glowing with message passing data packets. Modeling quantum interactions and discovering new battery electrolytes. A galactic constellation where gravitational pull depends on relational distances. Next-gen battery design, oncology drug synthesis. Show the immense real-world societal impact (clean energy, medicine) to create emotional resonance.",1,1,1,1,0,0,517,66,15.38412668421143,4
VID-164,Advanced Neural Architectures,Algorithmic Simplicity,MAMBA from Scratch: Neural Nets Better and Faster than Transformers,http://www.youtube.com/watch?v=N6Piou4oYx8,31:51:00,318K+,First-Principles Software Engineering,"Associative scan algorithm diagrams, GPU parallel prefix sum trees, hardware memory bandwidth charts.",Implementing Mamba selective state space scanning in pure Python and Triton.,A relay race where runners pass baton data without having to wait for the entire team to assemble.,"High-throughput audio generation, ultra-long context document analysis.","Top-tier developer presentation, elegant dark-theme slides, exceptionally lucid algorithmic breakdowns.",Explain the Parallel Associative Scan: show how an apparently sequential loop can be parallelized on GPUs.,114660,318000.0,"MAMBA from Scratch: Neural Nets Better and Faster than Transformers First-Principles Software Engineering Associative scan algorithm diagrams, GPU parallel prefix sum trees, hardware memory bandwidth charts. Implementing Mamba selective state space scanning in pure Python and Triton. A relay race where runners pass baton data without having to wait for the entire team to assemble. High-throughput audio generation, ultra-long context document analysis. Explain the Parallel Associative Scan: show how an apparently sequential loop can be parallelized on GPUs.",1,1,1,1,0,1,562,78,12.669809806411456,1
VID-165,Advanced Neural Architectures,Steve Brunton,Residual Networks (ResNet) [Physics Informed Machine Learning],http://www.youtube.com/watch?v=w1UsKanMatM,17:26,93K+,Engineering Mathematics & Dynamical Systems,"Euler integration discretization formulas, phase portrait flow lines, residual skip diagrams.",Modeling turbulent fluid dynamics and non-linear pendulum physics using deep ResNets.,Euler's method for differential equations: taking tiny incremental steps dx rather than jumping blindly.,"Aerospace flight simulation, climate modeling, deep neural stability.","Renowned engineering professor pedagogy, pristine whiteboard delivery, crystal-clear sound.",Connect deep neural network skip connections directly to numerical differential equations (Euler forward steps).,1046,93000.0,"Residual Networks (ResNet) [Physics Informed Machine Learning] Engineering Mathematics & Dynamical Systems Euler integration discretization formulas, phase portrait flow lines, residual skip diagrams. Modeling turbulent fluid dynamics and non-linear pendulum physics using deep ResNets. Euler's method for differential equations: taking tiny incremental steps dx rather than jumping blindly. Aerospace flight simulation, climate modeling, deep neural stability. Connect deep neural network skip connections directly to numerical differential equations (Euler forward steps).",1,1,1,1,0,0,574,70,11.440365524765756,4
VID-166,Agentic AI & Multi-Agent Systems,Krish Naik,crewAI Crash Course For Beginners-How To Create Multi AI Agent For Complex Usecases,http://www.youtube.com/watch?v=UV81LAb3x2g,32:42:00,152K+,Practical Implementation Masterclass,"Architecture slides, VS Code setup, environment variables configuration, multi-agent execution output.",Creating an AI research analyst that searches DuckDuckGo and passes findings to a technical writer.,A media newsroom where the investigative journalist files field notes and the chief editor writes the headline.,"Automated SEO article generation, business intelligence tracking.","Clear conversational Indian English, step-by-step code progression, complete GitHub links.",Show the terminal thought log (Thought -> Action -> Action Input -> Observation) in real time.,117720,152000.0,"crewAI Crash Course For Beginners-How To Create Multi AI Agent For Complex Usecases Practical Implementation Masterclass Architecture slides, VS Code setup, environment variables configuration, multi-agent execution output. Creating an AI research analyst that searches DuckDuckGo and passes findings to a technical writer. A media newsroom where the investigative journalist files field notes and the chief editor writes the headline. Automated SEO article generation, business intelligence tracking. Show the terminal thought log (Thought -> Action -> Action Input -> Observation) in real time.",1,1,1,1,0,1,596,82,11.93164237875414,2
VID-167,Agentic AI & Multi-Agent Systems,CrewAI,Getting Started with CrewAI Open Source,http://www.youtube.com/watch?v=-kSOTtYzgEw,14:21,82K+,Official Framework Quickstart,"CLI initialization commands, agent role definition YAML files, workflow execution graphs.",Setting up a sequential multi-agent task pipeline in under 10 lines of configuration.,Hiring a remote freelance team with strict milestone deliverables.,"Enterprise workflow automation, customer outreach qualification.","Official product polish, clean screencasts, direct-from-maintainers guidance.",Provide simple CLI scaffolding (crewai create crew) so beginners can start without boilerplate fatigue.,861,82000.0,"Getting Started with CrewAI Open Source Official Framework Quickstart CLI initialization commands, agent role definition YAML files, workflow execution graphs. Setting up a sequential multi-agent task pipeline in under 10 lines of configuration. Hiring a remote freelance team with strict milestone deliverables. Enterprise workflow automation, customer outreach qualification. Provide simple CLI scaffolding (crewai create crew) so beginners can start without boilerplate fatigue.",1,1,1,1,0,0,481,62,11.31448672129398,2
VID-168,Agentic AI & Multi-Agent Systems,LangChain,LangGraph: Multi-Agent Workflows,http://www.youtube.com/watch?v=hvAPnpSfSGo,24:02:00,164K+,Primary Source Framework Deep Dive,"StateGraph diagrams with conditional router functions, agent collaboration topologies.","Collaborative multi-agent software engineering team (Product Manager, Coder, QA Engineer).",A scrum sprint meeting where tasks bounce back between QA and developers until all tickets pass.,"Autonomous software development, complex compliance auditing.","Authoritative LangChain core developer delivery, high-resolution code capture, clear flowcharts.",Show how state is passed explicitly via typed Python dictionaries across graph nodes.,86520,164000.0,"LangGraph: Multi-Agent Workflows Primary Source Framework Deep Dive StateGraph diagrams with conditional router functions, agent collaboration topologies. Collaborative multi-agent software engineering team (Product Manager, Coder, QA Engineer). A scrum sprint meeting where tasks bounce back between QA and developers until all tickets pass. Autonomous software development, complex compliance auditing. Show how state is passed explicitly via typed Python dictionaries across graph nodes.",1,1,1,1,0,1,490,62,12.00762780434872,2
VID-169,Agentic AI & Multi-Agent Systems,AI Bites,Multi Agent Systems - a complete guide with hands-on using LangGraph,http://www.youtube.com/watch?v=RXOvZIn-oSA,52:23:00,24K+,In-Depth Architectural Masterclass,"Agent design patterns (Hierarchical Supervisor, Network, Collaboration), live debugging in VS Code.",Building a Supervisor Agent that delegates subtasks to research and calculation sub-agents.,A corporate manager routing incoming customer requests to specialized accounting or legal staff.,"Enterprise customer service triage, automated financial research reports.","Pristine developer audio, comprehensive multi-stage build, detailed code walkthrough.",Diagram the Supervisor pattern: show the router evaluating agent completion before finalizing answers.,188580,24000.0,"Multi Agent Systems - a complete guide with hands-on using LangGraph In-Depth Architectural Masterclass Agent design patterns (Hierarchical Supervisor, Network, Collaboration), live debugging in VS Code. Building a Supervisor Agent that delegates subtasks to research and calculation sub-agents. A corporate manager routing incoming customer requests to specialized accounting or legal staff. Enterprise customer service triage, automated financial research reports. Diagram the Supervisor pattern: show the router evaluating agent completion before finalizing answers.",1,1,1,1,0,1,569,72,10.085850775128716,2
VID-170,Agentic AI & Multi-Agent Systems,MadeForCloud,Understand Microsoft AutoGen 0.4 with a Mini Project,http://www.youtube.com/watch?v=V3pYAAWKET0,19:55,13K+,Framework Upgrade & Architecture Guide,"AutoGen 0.4 asynchronous event-driven architecture diagrams, Python code demonstration.",Building an asynchronous customer support team with specialized agent handlers.,An asynchronous message queue (like Slack channels) where agents collaborate when messages arrive.,"Scalable enterprise agent systems, event-driven AI services.","Clear instructional narration, focused code examples, structured chapters.",Highlight asynchronous message routing as the foundation for scalable multi-agent production systems.,1195,13000.0,"Understand Microsoft AutoGen 0.4 with a Mini Project Framework Upgrade & Architecture Guide AutoGen 0.4 asynchronous event-driven architecture diagrams, Python code demonstration. Building an asynchronous customer support team with specialized agent handlers. An asynchronous message queue (like Slack channels) where agents collaborate when messages arrive. Scalable enterprise agent systems, event-driven AI services. Highlight asynchronous message routing as the foundation for scalable multi-agent production systems.",1,1,1,1,0,1,521,64,9.472781556562168,2
VID-171,Agentic AI & Multi-Agent Systems,Mayank Aggarwal,Microsoft Autogen Crash Course | Beginner Friendly,http://www.youtube.com/watch?v=ISHEQNUpwTs,3:59:41,13K+,Exhaustive Coding Bootcamp,"Multi-agent conversation loops, code execution sandboxes, human-in-the-loop input prompts.","Building stock analysis bots, coding assistants, and automated data plotting pipelines.",A virtual engineering department working 24/7 inside your local machine.,"Automated report creation, algorithmic trading prototyping.","Thorough step-by-step developer tutorial, clear code demonstrations, timestamped chapters.",Demonstrate the execution safety implications: show why Docker sandboxing is mandatory for agent code runners.,14381,13000.0,"Microsoft Autogen Crash Course | Beginner Friendly Exhaustive Coding Bootcamp Multi-agent conversation loops, code execution sandboxes, human-in-the-loop input prompts. Building stock analysis bots, coding assistants, and automated data plotting pipelines. A virtual engineering department working 24/7 inside your local machine. Automated report creation, algorithmic trading prototyping. Demonstrate the execution safety implications: show why Docker sandboxing is mandatory for agent code runners.",1,1,1,1,0,1,500,61,9.472781556562168,2
VID-172,Agentic AI & Multi-Agent Systems,9x,MCP Explained in 2 Minutes (Model Context Protocol),http://www.youtube.com/watch?v=taeX8tgpPRQ,2:28,44K+,Ultra-Fast Concept Distillation,Animated graphics of messy API connections collapsing into clean standardized MCP lines.,Connecting Claude Desktop to a local file system and GitHub in 2 clicks.,"Bluetooth: one wireless protocol that connects to headphones, keyboards, and mice indiscriminately.","Developer desktop workflows, automated tool integrations.","High-tempo, punchy voiceover, vibrant clean animation, zero fluff.",Deliver the core concept and architectural analogy in under 120 seconds for maximum virality.,148,44000.0,"MCP Explained in 2 Minutes (Model Context Protocol) Ultra-Fast Concept Distillation Animated graphics of messy API connections collapsing into clean standardized MCP lines. Connecting Claude Desktop to a local file system and GitHub in 2 clicks. Bluetooth: one wireless protocol that connects to headphones, keyboards, and mice indiscriminately. Developer desktop workflows, automated tool integrations. Deliver the core concept and architectural analogy in under 120 seconds for maximum virality.",1,1,1,1,0,1,497,68,10.691967639914864,1
VID-173,Agentic AI & Multi-Agent Systems,IBM Technology,What is MCP? Integrate AI Agents with Databases & APIs,http://www.youtube.com/watch?v=eur8dUO9mvE,3:46,696K+,High-Impact Enterprise Lightboard,Sketches on glass showing the client-server architecture of Model Context Protocol.,Allowing an LLM agent to securely query internal enterprise PostgreSQL databases.,Standardized database drivers (like ODBC or JDBC) that let any application talk to any database.,"Corporate security boundaries, enterprise tool orchestration.","Studio lightboard perfection, luminous marker diagrams, authoritative presentation.",Draw the security isolation boundary to show why enterprise IT prefers MCP over direct API keys.,226,696000.0,"What is MCP? Integrate AI Agents with Databases & APIs High-Impact Enterprise Lightboard Sketches on glass showing the client-server architecture of Model Context Protocol. Allowing an LLM agent to securely query internal enterprise PostgreSQL databases. Standardized database drivers (like ODBC or JDBC) that let any application talk to any database. Corporate security boundaries, enterprise tool orchestration. Draw the security isolation boundary to show why enterprise IT prefers MCP over direct API keys.",1,1,1,1,0,0,510,72,13.453106376097134,2
VID-174,Agentic AI & Multi-Agent Systems,All About AI,AI Agents 101 Masterclass | Tool Use - Function Calling,http://www.youtube.com/watch?v=ODUN-XTEzvQ,21:13,22K+,Comprehensive Applied Workshop,"Screen captures of OpenAI and Anthropic tool call requests, JSON schema parameters, return payloads.",Teaching an AI to query live stock market APIs and weather feeds.,Giving a smart assistant a telephone directory and telling them when to call each number.,"Autonomous scheduling bots, finance research assistants.","Clear developer audio, high-resolution IDE displays, practical step-by-step pedagogy.",Demystify tool hallucination: show how Pydantic type validation forces LLMs to follow strict schemas.,1273,22000.0,"AI Agents 101 Masterclass | Tool Use - Function Calling Comprehensive Applied Workshop Screen captures of OpenAI and Anthropic tool call requests, JSON schema parameters, return payloads. Teaching an AI to query live stock market APIs and weather feeds. Giving a smart assistant a telephone directory and telling them when to call each number. Autonomous scheduling bots, finance research assistants. Demystify tool hallucination: show how Pydantic type validation forces LLMs to follow strict schemas.",1,1,1,1,0,0,502,74,9.99884318585288,2
VID-175,Agentic AI & Multi-Agent Systems,NeuralCanvas,Tool Use & Function Calling Explained | How AI Agents Actually Get Things Done,http://www.youtube.com/watch?v=W3KjQp4hiSs,8:01,184,Foundational Conceptual Animation,Loop animations illustrating Model Thinking -> Emitting Tool JSON -> External Python Runner -> Appending Observation.,A calculator tool invocation resolving complex compound interest math.,A human using a pocket calculator to verify arithmetic instead of guessing in their head.,"Enterprise automated reporting, algorithmic customer support workflows.","Clean modern aesthetics, balanced voiceover, structured conceptual breakdowns.",Show the exact 4-step execution loop so viewers understand the division of labor between LLM and Python runtime.,481,184.0,"Tool Use & Function Calling Explained | How AI Agents Actually Get Things Done Foundational Conceptual Animation Loop animations illustrating Model Thinking -> Emitting Tool JSON -> External Python Runner -> Appending Observation. A calculator tool invocation resolving complex compound interest math. A human using a pocket calculator to verify arithmetic instead of guessing in their head. Enterprise automated reporting, algorithmic customer support workflows. Show the exact 4-step execution loop so viewers understand the division of labor between LLM and Python runtime.",1,1,1,1,1,1,576,82,5.220355825078324,2
VID-176,Advanced Retrieval & Search,AI Papers Podcast,Ep 20. ColBERT: Efficient and Effective Passage Search,http://www.youtube.com/watch?v=n7ceMYV_69o,6:33,2.2K+,Audio-Visual Paper Analysis,Paper architecture tables comparing dense retrieval vs cross-encoder latency and accuracy.,Scoring search passages using contextualized token representations with late interaction dot products.,Reviewing an applicant's resume bullet-by-bullet rather than glancing at their overall GPA.,"Search engine query retrieval, high-stakes enterprise search.","Clean podcast voice, focused architectural slide highlights, concise summary.",Highlight the trade-off: ColBERT achieves cross-encoder accuracy with bi-encoder retrieval latency.,393,2200.0,"Ep 20. ColBERT: Efficient and Effective Passage Search Audio-Visual Paper Analysis Paper architecture tables comparing dense retrieval vs cross-encoder latency and accuracy. Scoring search passages using contextualized token representations with late interaction dot products. Reviewing an applicant's resume bullet-by-bullet rather than glancing at their overall GPA. Search engine query retrieval, high-stakes enterprise search. Highlight the trade-off: ColBERT achieves cross-encoder accuracy with bi-encoder retrieval latency.",1,1,1,1,0,0,530,64,7.696667081526462,0
VID-177,Advanced Retrieval & Search,Hamel Husain,Late Interaction Beats Single Vectors For RAG,http://www.youtube.com/watch?v=1x3k0V2IITo,35:49:00,2.0K+,Pragmatic Engineering Teardown,"PyLate code demonstration, vector storage footprints, retrieval precision benchmark graphs.",Evaluating complex domain search where single-vector embeddings collapse keyword subtleties.,Packing items in separate luggage pouches rather than blending everything into a single smoothie.,"Production RAG optimization, search over technical specifications.","Top-tier practitioner authority, unvarnished real-world evaluation, live coding.",Show the vector storage footprint tradeoffs: token-level embeddings require more disk storage but provide higher precision.,128940,2000.0,"Late Interaction Beats Single Vectors For RAG Pragmatic Engineering Teardown PyLate code demonstration, vector storage footprints, retrieval precision benchmark graphs. Evaluating complex domain search where single-vector embeddings collapse keyword subtleties. Packing items in separate luggage pouches rather than blending everything into a single smoothie. Production RAG optimization, search over technical specifications. Show the vector storage footprint tradeoffs: token-level embeddings require more disk storage but provide higher precision.",1,1,1,1,1,1,550,67,7.601402334583733,0
VID-178,Advanced Retrieval & Search,SkillAgents AI,Hybrid Search for RAG: BM25 + Vector Search Explained,http://www.youtube.com/watch?v=nA3j1jaQAxo,8:12,939,Practical Systems Architecture Guide,"Sparse vector vs dense vector representation matrices, reciprocal rank fusion pipeline.",Searching an internal legal repository for specific statute numbers and broad legal precedents.,Using both eyeglasses for fine print reading and binoculars for wide scenic views.,"Legal case law research, medical diagnostic literature indexing.","Clear instructional delivery, high-contrast dark-mode graphics, concise runtime.","Provide clear guidelines on when dense search fails (rare acronyms, codes) to justify hybrid pipelines.",492,939.0,"Hybrid Search for RAG: BM25 + Vector Search Explained Practical Systems Architecture Guide Sparse vector vs dense vector representation matrices, reciprocal rank fusion pipeline. Searching an internal legal repository for specific statute numbers and broad legal precedents. Using both eyeglasses for fine print reading and binoculars for wide scenic views. Legal case law research, medical diagnostic literature indexing. Provide clear guidelines on when dense search fails (rare acronyms, codes) to justify hybrid pipelines.",1,1,1,1,1,0,526,73,6.84587987526405,0
VID-179,Advanced Retrieval & Search,Tejas Kumar,BM25 Algorithm and Hybrid Search: AI Explained,http://www.youtube.com/watch?v=lD3_VF5bmWg,9:45,11K+,Mathematical Intuition & Practical Code,BM25 term saturation curve plots comparing standard TF with BM25 logarithmic dampening.,Ranking documents where a query term appears 1 time vs 100 times.,"Diminishing returns: eating one slice of pizza is great, eating 50 slices doesn't make you 50 times happier.","Elasticsearch, OpenSearch, production enterprise retrieval.","Charismatic presentation, clear technical visuals, highly articulate pedagogy.",Visually show term frequency saturation to explain why BM25 outperforms basic TF-IDF.,585,11000.0,"BM25 Algorithm and Hybrid Search: AI Explained Mathematical Intuition & Practical Code BM25 term saturation curve plots comparing standard TF with BM25 logarithmic dampening. Ranking documents where a query term appears 1 time vs 100 times. Diminishing returns: eating one slice of pizza is great, eating 50 slices doesn't make you 50 times happier. Elasticsearch, OpenSearch, production enterprise retrieval. Visually show term frequency saturation to explain why BM25 outperforms basic TF-IDF.",1,1,1,1,1,1,495,71,9.305741456739437,0
VID-180,Advanced Retrieval & Search,IBM Technology,Context Engineering vs. Prompt Engineering: Smarter AI with RAG & Agents,http://www.youtube.com/watch?v=vD0E3EUb8-8,7:52,245K+,Strategic Lightboard Architecture,"Sketches on glass comparing prompt instructions, dynamic memory, retrieval context, and tool schemas.",Designing the complete context window for an enterprise financial analyst assistant.,Prompting is giving instructions; Context engineering is organizing the entire desk with all needed reference files.,"Enterprise generative AI architecture, long-context window management.","Top-tier studio recording, vibrant marker contrast, authoritative delivery.",Shift the mental model from 'writing clever prompts' to 'curating structured context packets'.,472,245000.0,"Context Engineering vs. Prompt Engineering: Smarter AI with RAG & Agents Strategic Lightboard Architecture Sketches on glass comparing prompt instructions, dynamic memory, retrieval context, and tool schemas. Designing the complete context window for an enterprise financial analyst assistant. Prompting is giving instructions; Context engineering is organizing the entire desk with all needed reference files. Enterprise generative AI architecture, long-context window management. Shift the mental model from 'writing clever prompts' to 'curating structured context packets'.",1,1,1,1,0,0,576,74,12.409017571151187,2
VID-181,LLM Systems & Inference Optimization,Umar Jamil,"Direct Preference Optimization (DPO) explained: Bradley-Terry model, log probabilities, math",http://www.youtube.com/watch?v=hvGa5Mba4c8,48:46:00,39K+,Rigorous Mathematical Paper Derivation,"Detailed blackboard derivations of the Bradley-Terry preference model, algebraic reparameterization.",Deriving the exact DPO gradient update formula with mathematical proof.,Rewriting a physics equation in a new coordinate system that makes the differential equations trivially solvable.,State-of-the-art open-source LLM post-training alignment.,"Legendary machine learning educator rigor, calm and methodical math instruction, crystal-clear whiteboard.",Work through the algebraic substitution that cancels out the partition function Z(x) to prove why DPO is genius.,175560,39000.0,"Direct Preference Optimization (DPO) explained: Bradley-Terry model, log probabilities, math Rigorous Mathematical Paper Derivation Detailed blackboard derivations of the Bradley-Terry preference model, algebraic reparameterization. Deriving the exact DPO gradient update formula with mathematical proof. Rewriting a physics equation in a new coordinate system that makes the differential equations trivially solvable. State-of-the-art open-source LLM post-training alignment. Work through the algebraic substitution that cancels out the partition function Z(x) to prove why DPO is genius.",1,1,1,1,1,0,589,73,10.5713425658087,4
VID-182,LLM Systems & Inference Optimization,Tales Of Tensors,Flash Attention: The Fastest Attention Mechanism?,http://www.youtube.com/watch?v=eJn6zsbrqUM,8:43,14K+,Systems & GPU Memory Architecture,"GPU memory layout blocks (SRAM vs HBM), block tiling matrices, online softmax math.",Reducing quadratic O(N^2) memory read/writes to linear O(N) GPU memory bandwidth.,Doing your math scratchwork on a whiteboard right next to you rather than writing it in a notebook in another building.,"Accelerating LLM training clusters, enabling 1M-token context inference.","Clear developer audio, high-density diagrams, concise 8-minute explanation.",Explain Online Softmax: show how you can compute softmax in blocks without needing the full row maximum upfront.,523,14000.0,"Flash Attention: The Fastest Attention Mechanism? Systems & GPU Memory Architecture GPU memory layout blocks (SRAM vs HBM), block tiling matrices, online softmax math. Reducing quadratic O(N^2) memory read/writes to linear O(N) GPU memory bandwidth. Doing your math scratchwork on a whiteboard right next to you rather than writing it in a notebook in another building. Accelerating LLM training clusters, enabling 1M-token context inference. Explain Online Softmax: show how you can compute softmax in blocks without needing the full row maximum upfront.",1,1,1,1,1,0,555,82,9.546884034617923,1
VID-183,LLM Systems & Inference Optimization,Machine Learning Studio,FlashAttention: Accelerate LLM training,http://www.youtube.com/watch?v=LKwyHWYEIMQ,11:27,15K+,Hardware-Aware Algorithm Deep Dive,Animated memory transfer pipelines between GPU compute cores and high-bandwidth memory.,Training GPT-style models at scale on Nvidia A100 and H100 clusters.,Eliminating traffic jams on the highway between memory storage and processing factories.,Cloud AI data center training cost reduction.,"Crisp instructional presentation, clean slide diagrams, focused flow.","Highlight that modern AI acceleration is an IO (Input/Output) problem, not an arithmetic compute problem.",687,15000.0,"FlashAttention: Accelerate LLM training Hardware-Aware Algorithm Deep Dive Animated memory transfer pipelines between GPU compute cores and high-bandwidth memory. Training GPT-style models at scale on Nvidia A100 and H100 clusters. Eliminating traffic jams on the highway between memory storage and processing factories. Cloud AI data center training cost reduction. Highlight that modern AI acceleration is an IO (Input/Output) problem, not an arithmetic compute problem.",1,1,1,1,0,0,472,64,9.61587214452889,1
VID-184,LLM Systems & Inference Optimization,AssemblyAI,What is Speculative Sampling? | Boosting LLM inference speed,http://www.youtube.com/watch?v=2ouqE9g6oeM,6:18,4.2K+,Motion Graphics Algorithm Primer,"Animated timeline of token speculation trees, acceptance/rejection sampling probability bars.","Using a tiny 100M parameter model to draft common grammar words ('in the', 'of a') for a 70B model.",A fast typist predicting common phrase completions while a thoughtful editor signs off on the text.,Voice AI agents requiring sub-200ms latency responses.,"High-production animation, clean audio, punchy 6-minute explanation.","Show how speculation works best on predictable tokens (grammar, stop words) where acceptance rates reach 80%.",378,4200.0,"What is Speculative Sampling? | Boosting LLM inference speed Motion Graphics Algorithm Primer Animated timeline of token speculation trees, acceptance/rejection sampling probability bars. Using a tiny 100M parameter model to draft common grammar words ('in the', 'of a') for a 70B model. A fast typist predicting common phrase completions while a thoughtful editor signs off on the text. Voice AI agents requiring sub-200ms latency responses. Show how speculation works best on predictable tokens (grammar, stop words) where acceptance rates reach 80%.",1,1,1,1,1,0,552,81,8.343077871169383,6
VID-185,LLM Systems & Inference Optimization,Efficient NLP,Speculative Decoding: When Two LLMs are Faster than One,http://www.youtube.com/watch?v=S-8yr_RibJ4,12:46,37K+,Engineering Deep Dive & Acceptance Math,"Acceptance rate formulas, probability ratio clipping, GPU memory bandwidth throughput comparisons.",Benchmarking token generation latency across code completion and narrative writing tasks.,"A tandem bicycle: one fast pedaler setting the cadence, one powerful rider steering the direction.",GitHub Copilot code autocomplete speedups.,"Clear instructional audio, high-density diagrams, structured engineering benchmarks.",Provide empirical benchmarks showing how domain alignment between draft and target models affects acceptance rate.,766,37000.0,"Speculative Decoding: When Two LLMs are Faster than One Engineering Deep Dive & Acceptance Math Acceptance rate formulas, probability ratio clipping, GPU memory bandwidth throughput comparisons. Benchmarking token generation latency across code completion and narrative writing tasks. A tandem bicycle: one fast pedaler setting the cadence, one powerful rider steering the direction. GitHub Copilot code autocomplete speedups. Provide empirical benchmarks showing how domain alignment between draft and target models affects acceptance rate.",1,1,1,1,1,1,541,72,10.518700218288163,1
VID-186,LLM Systems & Inference Optimization,Red Hat,Optimize LLM inference with vLLM,http://www.youtube.com/watch?v=lxjWiVuK5cA,6:13,19K+,Enterprise Open-Source Infrastructure,"Architecture slides of PagedAttention, continuous batching scheduler, GPU memory utilization graphs.",Deploying Llama 3 models on enterprise Kubernetes clusters with vLLM serving.,A restaurant maitre d' continuously seating single diners as chairs open up rather than waiting for giant tables to clear.,"Private enterprise LLM API hosting, cutting cloud infrastructure costs.","Professional enterprise presentation, clean graphics, direct architectural value.",Contrast static batching (waiting for all requests to finish) with continuous batching (dynamic iteration-level scheduling).,373,19000.0,"Optimize LLM inference with vLLM Enterprise Open-Source Infrastructure Architecture slides of PagedAttention, continuous batching scheduler, GPU memory utilization graphs. Deploying Llama 3 models on enterprise Kubernetes clusters with vLLM serving. A restaurant maitre d' continuously seating single diners as chairs open up rather than waiting for giant tables to clear. Private enterprise LLM API hosting, cutting cloud infrastructure costs. Contrast static batching (waiting for all requests to finish) with continuous batching (dynamic iteration-level scheduling).",1,1,1,1,0,0,569,74,9.852246888342531,1
VID-187,LLM Systems & Inference Optimization,KodeKloud,How the vLLM inference engine works?,http://www.youtube.com/watch?v=5Y_JM6C9xOA,2:54,179K+,Ultra-Fast Visual Animation,Dynamic animations of memory fragmentation being eliminated by PagedAttention block tables.,Eliminating up to 80% wasted memory in GPU KV caching.,Tetris: neatly packing falling blocks into every gap instead of leaving massive hollow spaces.,High-concurrency chatbot serving on cloud GPUs.,"Modern tech animation, punchy voiceover, under 3 minutes runtime.",Use the Tetris packing analogy to visually demonstrate why memory fragmentation kills GPU serving capacity.,174,179000.0,How the vLLM inference engine works? Ultra-Fast Visual Animation Dynamic animations of memory fragmentation being eliminated by PagedAttention block tables. Eliminating up to 80% wasted memory in GPU KV caching. Tetris: neatly packing falling blocks into every gap instead of leaving massive hollow spaces. High-concurrency chatbot serving on cloud GPUs. Use the Tetris packing analogy to visually demonstrate why memory fragmentation kills GPU serving capacity.,1,1,1,1,0,0,462,65,12.095146671399466,1
VID-188,LLM Systems & Inference Optimization,AI Coffee Break with Letitia,What is LoRA? Low-Rank Adaptation for finetuning LLMs EXPLAINED,http://www.youtube.com/watch?v=KEv-F5UkhxU,8:22,108K+,Mathematical Paper Deconstruction,"Matrix rank factorization diagrams: d x k decomposed into d x r and r x k where r << min(d, k).",Fine-tuning a 175B model with rank 4 adapters using only 35MB of adapter weights.,Writing notes in pencil in the margin of an expensive encyclopedia rather than reprinting the entire encyclopedia.,"Multi-tenant personalized AI models, edge device model customization.","Gentle, clear voiceover, pleasing visual aesthetic, elegant mathematical animations.",Show that the low intrinsic dimension of model updates means you don't need full-rank matrices to adapt knowledge.,502,108000.0,"What is LoRA? Low-Rank Adaptation for finetuning LLMs EXPLAINED Mathematical Paper Deconstruction Matrix rank factorization diagrams: d x k decomposed into d x r and r x k where r << min(d, k). Fine-tuning a 175B model with rank 4 adapters using only 35MB of adapter weights. Writing notes in pencil in the margin of an expensive encyclopedia rather than reprinting the entire encyclopedia. Multi-tenant personalized AI models, edge device model customization. Show that the low intrinsic dimension of model updates means you don't need full-rank matrices to adapt knowledge.",1,1,1,1,1,0,575,90,11.58989576532275,1
VID-189,LLM Systems & Inference Optimization,Umar Jamil,LoRA: Low-Rank Adaptation of Large Language Models - Explained visually + PyTorch code,http://www.youtube.com/watch?v=PXWYUTMt-AU,26:55:00,56K+,Deep Theory & PyTorch Code Implementation,Digital blackboard math derivations alongside line-by-line PyTorch LoRALinear layer coding.,Injecting trainable low-rank matrices into attention Query and Value weight projections.,Adding high-precision custom lenses over an existing telescope.,Enterprise domain adaptation on single consumer graphics cards.,"Master-level engineering instruction, crystal-clear code screencasts, deep pedagogical clarity.",Implement LoRALinear from scratch in PyTorch to prove that LoRA is mathematically just W + (B @ A) * scale.,96900,56000.0,LoRA: Low-Rank Adaptation of Large Language Models - Explained visually + PyTorch code Deep Theory & PyTorch Code Implementation Digital blackboard math derivations alongside line-by-line PyTorch LoRALinear layer coding. Injecting trainable low-rank matrices into attention Query and Value weight projections. Adding high-precision custom lenses over an existing telescope. Enterprise domain adaptation on single consumer graphics cards. Implement LoRALinear from scratch in PyTorch to prove that LoRA is mathematically just W + (B @ A) * scale.,1,1,1,1,1,1,545,76,10.933124826700707,6
VID-190,LLM Systems & Inference Optimization,Wes Roth,LoRA - Low-rank Adaption of AI Large Language Models: LoRA and QLoRA Explained Simply,http://www.youtube.com/watch?v=lixMONUAjfs,4:38,84K+,Fast Pragmatic Overview,Diagrams contrasting Full Fine-Tuning vs LoRA vs QLoRA (4-bit NormalFloat precision).,Fine-tuning 65B parameter models on a single 48GB GPU using QLoRA.,Freezing the giant main body of a sculpture and only hand-carving the surface accessories.,Open-source fine-tuning revolution (Hugging Face PEFT).,"High-energy creator presentation, clear slide overlays, concise and punchy delivery.","Contrast Full Fine-Tuning, LoRA, and QLoRA in a 3-column table comparing VRAM requirements.",278,84000.0,"LoRA - Low-rank Adaption of AI Large Language Models: LoRA and QLoRA Explained Simply Fast Pragmatic Overview Diagrams contrasting Full Fine-Tuning vs LoRA vs QLoRA (4-bit NormalFloat precision). Fine-tuning 65B parameter models on a single 48GB GPU using QLoRA. Freezing the giant main body of a sculpture and only hand-carving the surface accessories. Open-source fine-tuning revolution (Hugging Face PEFT). Contrast Full Fine-Tuning, LoRA, and QLoRA in a 3-column table comparing VRAM requirements.",1,1,1,1,0,0,501,72,11.338583982516496,1
VID-191,Computer Vision & Multimodal AI,AGI Lambda,Let's Visualize How YOLO Works,http://www.youtube.com/watch?v=BRS9bEP8rhA,6:01,45K+,3D Kinetic Motion Animation,"Stunning 3D vector animations showing image splitting into 7x7 grid cells, anchor box projections, Non-Max Suppression.","Detecting dogs, bicycles, and cars in a single image with bounding box confidence scores.",A security guard who spots every suspicious person in a single room scan without inspecting one by one.,"Traffic flow monitoring, sports athlete tracking.","Exceptional 3D geometric animation, clean soundtrack, smooth visual transitions.",Visually animate Non-Max Suppression (NMS) to show how overlapping candidate boxes are pruned down to the best one.,361,45000.0,"Let's Visualize How YOLO Works 3D Kinetic Motion Animation Stunning 3D vector animations showing image splitting into 7x7 grid cells, anchor box projections, Non-Max Suppression. Detecting dogs, bicycles, and cars in a single image with bounding box confidence scores. A security guard who spots every suspicious person in a single room scan without inspecting one by one. Traffic flow monitoring, sports athlete tracking. Visually animate Non-Max Suppression (NMS) to show how overlapping candidate boxes are pruned down to the best one.",1,1,1,1,1,0,538,81,10.714439990727769,3
VID-192,Computer Vision & Multimodal AI,DeepBean,How YOLO Object Detection Works,http://www.youtube.com/watch?v=svn9-xV7wjk,17:04,160K+,Rigorous Algorithmic Walkthrough,"Bounding box coordinates math (tx, ty, tw, th), anchor box IoU calculations, loss function terms.",Predicting multi-class probabilities across multiple overlapping anchor boxes per cell.,A soccer referee tracking all 22 players simultaneously on the field.,"Retail store automated checkout, drone search and rescue.","Calm, detailed academic delivery, clear slide illustrations, methodical pace.","Break down the YOLO loss function into its 3 components: coordinate loss, objectness loss, and classification loss.",1024,160000.0,"How YOLO Object Detection Works Rigorous Algorithmic Walkthrough Bounding box coordinates math (tx, ty, tw, th), anchor box IoU calculations, loss function terms. Predicting multi-class probabilities across multiple overlapping anchor boxes per cell. A soccer referee tracking all 22 players simultaneously on the field. Retail store automated checkout, drone search and rescue. Break down the YOLO loss function into its 3 components: coordinate loss, objectness loss, and classification loss.",1,1,1,1,1,0,494,69,11.982935344196433,3
VID-193,Computer Vision & Multimodal AI,No Hype AI,Segment Anything Paper Explained: New Foundation Model From Meta AI Is Impressive!,http://www.youtube.com/watch?v=JUMmqX-EHMY,6:16,15K+,Critical Paper Review & Data Engine,"Meta SA-1B dataset statistics, model architecture split: Heavy Image Encoder (ViT) vs Fast Prompt Decoder.",Interactive browser segmentation running in real time at 50ms per prompt.,"A master cartographer pre-mapping the entire continent once, allowing tourists to pinpoint cities instantly.","Data annotation pipelines, AR smart glasses interaction.","Crisp modern editing, clear voiceover, focused 6-minute analysis.",Highlight the architectural split: running the heavy image encoder once allows real-time interactive prompting in browser.,376,15000.0,"Segment Anything Paper Explained: New Foundation Model From Meta AI Is Impressive! Critical Paper Review & Data Engine Meta SA-1B dataset statistics, model architecture split: Heavy Image Encoder (ViT) vs Fast Prompt Decoder. Interactive browser segmentation running in real time at 50ms per prompt. A master cartographer pre-mapping the entire continent once, allowing tourists to pinpoint cities instantly. Data annotation pipelines, AR smart glasses interaction. Highlight the architectural split: running the heavy image encoder once allows real-time interactive prompting in browser.",1,1,1,1,1,0,588,81,9.61587214452889,3
VID-194,Computer Vision & Multimodal AI,Neural Breakdown with AVB,"Explaining the Segment Anything Model - Network architecture, Dataset, Training",http://www.youtube.com/watch?v=OhxJkqD1vuE,13:02,42K+,Technical Systems & Architecture Review,"Positional encoding additions, cross-attention between prompt tokens and image embeddings, mask prediction heads.","Resolving ambiguous prompt points (e.g. clicking a shirt button: segment button, shirt, or person?).",A camera autofocus system that offers multiple depth-of-field focal options when clicked.,"Medical surgery planning, robotic grasping in warehouses.","Articulate, highly knowledgeable AI researcher presentation, structured slides.","Explain how SAM handles ambiguity by outputting 3 valid mask hierarchy levels (sub-part, part, whole object).",782,42000.0,"Explaining the Segment Anything Model - Network architecture, Dataset, Training Technical Systems & Architecture Review Positional encoding additions, cross-attention between prompt tokens and image embeddings, mask prediction heads. Resolving ambiguous prompt points (e.g. clicking a shirt button: segment button, shirt, or person?). A camera autofocus system that offers multiple depth-of-field focal options when clicked. Medical surgery planning, robotic grasping in warehouses. Explain how SAM handles ambiguity by outputting 3 valid mask hierarchy levels (sub-part, part, whole object).",1,1,1,1,0,0,592,77,10.645448706505872,3
VID-195,Computer Vision & Multimodal AI,Aleksa Gordić - The AI Epiphany,OpenAI Whisper: Robust Speech Recognition via Large-Scale Weak Supervision,http://www.youtube.com/watch?v=AwJf8aQfChE,1:02:42,47K+,Comprehensive Research Paper & Architecture Deep Dive,"Complete paper breakdown, log-mel filterbank audio transformations, decoder prompt conditioning tokens.","Zero-shot robustness benchmarks on multilingual audio, background noise, and colloquial speech.",A human who grew up listening to thousands of radio stations across the world developing native resistance to static.,"Real-time multilingual conference translation, automated medical transcriptions.","Deep research analysis, transparent paper highlighting, thorough audio engineering insights.",Highlight Whisper's multitask token sequence: [START] -> [LANGUAGE] -> [TASK] -> [TIMESTAMPS] -> [TEXT].,3762,47000.0,"OpenAI Whisper: Robust Speech Recognition via Large-Scale Weak Supervision Comprehensive Research Paper & Architecture Deep Dive Complete paper breakdown, log-mel filterbank audio transformations, decoder prompt conditioning tokens. Zero-shot robustness benchmarks on multilingual audio, background noise, and colloquial speech. A human who grew up listening to thousands of radio stations across the world developing native resistance to static. Real-time multilingual conference translation, automated medical transcriptions. Highlight Whisper's multitask token sequence: [START] -> [LANGUAGE] -> [TASK] -> [TIMESTAMPS] -> [TEXT].",1,1,1,1,0,0,632,78,10.757924157061597,6
VID-196,Reinforcement Learning & Game Theory,AssemblyAI,Q-Learning Explained - Reinforcement Learning Tutorial,http://www.youtube.com/watch?v=kEGAMppyWkQ,6:48,29K+,Clean Motion Graphics Tutorial,"2D animated agent moving through grid states, updating Q-values in table with dynamic learning rate formulas.",An automated delivery cart learning the shortest path while avoiding obstacles.,Filling in a treasure map: updating the expected gold value written at every crossroads.,"Traffic signal optimization, automated warehouse routing.","Professional animation, clear vocal delivery, smooth 7-minute structure.",Show the Bellman update equation in action on a single step to make Temporal Difference error tangible.,408,29000.0,"Q-Learning Explained - Reinforcement Learning Tutorial Clean Motion Graphics Tutorial 2D animated agent moving through grid states, updating Q-values in table with dynamic learning rate formulas. An automated delivery cart learning the shortest path while avoiding obstacles. Filling in a treasure map: updating the expected gold value written at every crossroads. Traffic signal optimization, automated warehouse routing. Show the Bellman update equation in action on a single step to make Temporal Difference error tangible.",1,1,1,1,1,0,526,74,10.275085591132717,4
VID-197,Reinforcement Learning & Game Theory,Steve Brunton,Q-Learning: Model Free Reinforcement Learning and Temporal Difference Learning,http://www.youtube.com/watch?v=0iqz4tcKN58,35:35:00,172K+,Engineering Mathematics Lecture,"Markov Decision Process state diagrams, Bellman optimality proofs on digital whiteboard.",Balancing an inverted cart-pole pendulum using model-free tabular Q-learning.,Learning to ride a bicycle by trial and error without solving Newton's equations of motion first.,"Industrial process control, aerospace flight stabilization.","Masterclass engineering professor pedagogy, pristine whiteboard delivery, clear audio.",Define 'Model-Free': explain that the agent doesn't need to know the physics laws of the environment to master it.,128100,172000.0,"Q-Learning: Model Free Reinforcement Learning and Temporal Difference Learning Engineering Mathematics Lecture Markov Decision Process state diagrams, Bellman optimality proofs on digital whiteboard. Balancing an inverted cart-pole pendulum using model-free tabular Q-learning. Learning to ride a bicycle by trial and error without solving Newton's equations of motion first. Industrial process control, aerospace flight stabilization. Define 'Model-Free': explain that the agent doesn't need to know the physics laws of the environment to master it.",1,1,1,1,0,0,550,73,12.055255569732177,4
VID-198,Reinforcement Learning & Game Theory,Johnny Code,Simply Explaining Deep Q-Learning/Deep Q-Network (DQN),http://www.youtube.com/watch?v=EUrWGTCGzlA,34:05:00,82K+,Code-First PyTorch Walkthrough,"PyTorch DQN code, Gym CartPole simulation rendering in real time, loss curve graphs.",Training a neural network to balance an inverted pendulum for 500 consecutive frames.,Replacing a paper spreadsheet with a deep neural brain when the number of states becomes infinite.,"Autonomous robotics, video game AI agents.","Warm, encouraging developer voice, clear screen capture, step-by-step code execution.",Show the transition point: explain why continuous state spaces make tabular Q-tables mathematically impossible.,122700,82000.0,"Simply Explaining Deep Q-Learning/Deep Q-Network (DQN) Code-First PyTorch Walkthrough PyTorch DQN code, Gym CartPole simulation rendering in real time, loss curve graphs. Training a neural network to balance an inverted pendulum for 500 consecutive frames. Replacing a paper spreadsheet with a deep neural brain when the number of states becomes infinite. Autonomous robotics, video game AI agents. Show the transition point: explain why continuous state spaces make tabular Q-tables mathematically impossible.",1,1,1,1,0,1,510,71,11.31448672129398,4
VID-199,Reinforcement Learning & Game Theory,deeplizard,Deep Q-Learning - Combining Neural Networks and Reinforcement Learning,http://www.youtube.com/watch?v=wrBUkpiRvCA,10:50,151K+,Curriculum-Aligned Step-by-Step Lesson,Neural network architecture taking state vectors as input and outputting Q-values for every action.,Playing retro video games directly from screen pixel inputs.,A gamer holding a controller looking at a TV screen and learning which button combos maximize high scores.,"Game development AI, robotic arm manipulation.","Clear audio recording, clean pastel slide aesthetic, well-timed visual annotations.",Clearly distinguish the input (state) and output (Q-value for each discrete action) of the Q-network.,650,151000.0,"Deep Q-Learning - Combining Neural Networks and Reinforcement Learning Curriculum-Aligned Step-by-Step Lesson Neural network architecture taking state vectors as input and outputting Q-values for every action. Playing retro video games directly from screen pixel inputs. A gamer holding a controller looking at a TV screen and learning which button combos maximize high scores. Game development AI, robotic arm manipulation. Clearly distinguish the input (state) and output (Q-value for each discrete action) of the Q-network.",1,1,1,1,0,0,526,74,11.92504173829169,4
VID-200,Reinforcement Learning & Game Theory,CodeEmporium,Proximal Policy Optimization | ChatGPT uses this,http://www.youtube.com/watch?v=MVXdncpCbYE,13:26,48K+,Algorithmic Deep Dive & Formula Analysis,Step-by-step whiteboard animation of Policy Gradients vs TRPO vs PPO Clipped Objective.,Aligning an LLM to generate helpful responses without collapsing into repetitive gibberish.,Taking deliberate small steps while walking near a cliff edge instead of running full sprint.,"ChatGPT RLHF alignment, quadruped robot walking stabilization.","Energetic, clear whiteboard delivery, detailed equation derivations.",Explain why vanilla Policy Gradients fail: a single bad policy update can completely ruin a model.,806,48000.0,"Proximal Policy Optimization | ChatGPT uses this Algorithmic Deep Dive & Formula Analysis Step-by-step whiteboard animation of Policy Gradients vs TRPO vs PPO Clipped Objective. Aligning an LLM to generate helpful responses without collapsing into repetitive gibberish. Taking deliberate small steps while walking near a cliff edge instead of running full sprint. ChatGPT RLHF alignment, quadruped robot walking stabilization. Explain why vanilla Policy Gradients fail: a single bad policy update can completely ruin a model.",1,1,1,1,1,0,525,75,10.778977123006351,4
VID-201,Reinforcement Learning & Game Theory,Edan Meyer,Proximal Policy Optimization Explained,http://www.youtube.com/watch?v=HrapVFNBN64,17:50,82K+,Intuitive Visual Pedagogy,"Custom 2D animations of agents exploring simulated environments, clipping region graphs.",Training virtual bipedal characters to run across obstacle courses.,Putting an elastic leash on an energetic dog so it can explore nearby but can't run into oncoming traffic.,"Physics engine character animation, game AI testing.","Friendly, clear vocal delivery, custom animations, clean slide diagrams.",The 'elastic leash' analogy visually illustrates the surrogate clipping function perfectly.,1070,82000.0,"Proximal Policy Optimization Explained Intuitive Visual Pedagogy Custom 2D animations of agents exploring simulated environments, clipping region graphs. Training virtual bipedal characters to run across obstacle courses. Putting an elastic leash on an energetic dog so it can explore nearby but can't run into oncoming traffic. Physics engine character animation, game AI testing. The 'elastic leash' analogy visually illustrates the surrogate clipping function perfectly.",1,1,1,1,0,0,473,64,11.31448672129398,4
VID-202,Computer Vision & Multimodal AI,IBM Technology,"What is Multimodal AI? How LLMs Process Text, Images, and More",http://www.youtube.com/watch?v=J51oZYcNvP8,9:15,49K+,Lightboard Taxonomy & Unification Architecture,"Multi-stream input diagrams (Audio, Video, Text, Sensor data) fusing into unified embedding spaces on glass.",Diagnosing a vehicle engine issue by analyzing audio sound of the engine alongside photos of the parts.,"Human sensory integration: tasting, smelling, seeing, and touching an apple simultaneously to form one concept.","Medical diagnosis synthesizing MRI scans with patient doctor notes, autonomous vehicles.","Studio 4K video, crisp lapel microphone, luminous marker contrast on black background.",Use the human five-senses analogy to explain why multimodal fusion is fundamentally smarter than text-only models.,555,49000.0,"What is Multimodal AI? How LLMs Process Text, Images, and More Lightboard Taxonomy & Unification Architecture Multi-stream input diagrams (Audio, Video, Text, Sensor data) fusing into unified embedding spaces on glass. Diagnosing a vehicle engine issue by analyzing audio sound of the engine alongside photos of the parts. Human sensory integration: tasting, smelling, seeing, and touching an apple simultaneously to form one concept. Medical diagnosis synthesizing MRI scans with patient doctor notes, autonomous vehicles. Use the human five-senses analogy to explain why multimodal fusion is fundamentally smarter than text-only models.",1,1,1,1,0,0,638,90,10.799595985047786,5
VID-203,Computer Vision & Multimodal AI,AssemblyAI,How do Multimodal AI models work? Simple explanation,http://www.youtube.com/watch?v=WkoytlA3MoQ,6:44,84K+,Fast-Paced Motion Graphic Animation,Shared embedding space clouds where the text 'golden retriever' and an image of a golden retriever occupy the same coordinates.,CLIP (Contrastive Language-Image Pretraining) matching images and captions.,A Rosetta Stone translating visual concepts and linguistic sentences into a shared universal mental language.,"Google Lens visual search, automated photo album indexing.","Crisp dynamic vocal delivery, upbeat tech background track, fluid 3D vector animations.",Animate the contrastive loss matrix: pulling matching image-text pairs together and pushing mismatched pairs apart.,404,84000.0,"How do Multimodal AI models work? Simple explanation Fast-Paced Motion Graphic Animation Shared embedding space clouds where the text 'golden retriever' and an image of a golden retriever occupy the same coordinates. CLIP (Contrastive Language-Image Pretraining) matching images and captions. A Rosetta Stone translating visual concepts and linguistic sentences into a shared universal mental language. Google Lens visual search, automated photo album indexing. Animate the contrastive loss matrix: pulling matching image-text pairs together and pushing mismatched pairs apart.",1,1,1,1,1,0,577,78,11.338583982516496,6
VID-204,Computer Vision & Multimodal AI,Computerphile,"NERFs (No, not that kind) - Neural Radiance Fields - Computerphile",http://www.youtube.com/watch?v=wKsoGiENBHU,13:35,84K+,Conversational Computer Vision Breakdown,"Live 3D camera fly-throughs rendered from sparse photos, volumetric ray casting sketches on paper.",Synthesizing a 360-degree interactive 3D virtual tour of an antique room from 20 casual phone photos.,Shining a laser pointer through colored fog and measuring the light that passes through to calculate fog density.,"Virtual real estate tours, visual effects in cinema, autonomous robot navigation.","Authentic academic interview, close-up camera angles, spontaneous visual demonstrations.",Show the dramatic contrast between traditional polygonal 3D meshes and continuous neural fields.,815,84000.0,"NERFs (No, not that kind) - Neural Radiance Fields - Computerphile Conversational Computer Vision Breakdown Live 3D camera fly-throughs rendered from sparse photos, volumetric ray casting sketches on paper. Synthesizing a 360-degree interactive 3D virtual tour of an antique room from 20 casual phone photos. Shining a laser pointer through colored fog and measuring the light that passes through to calculate fog density. Virtual real estate tours, visual effects in cinema, autonomous robot navigation. Show the dramatic contrast between traditional polygonal 3D meshes and continuous neural fields.",1,1,1,1,0,0,601,87,11.338583982516496,3
VID-205,Advanced Retrieval & Search,What's AI by Louis-François Bouchard,Key Metrics and Evaluation Methods for RAG,http://www.youtube.com/watch?v=cRz0BWkuwHg,10:43,33K+,Systematic Engineering Framework,"Evaluation pipeline diagrams, confusion matrices for semantic chunks, TruLens and RAGAS comparison.",Benchmarking enterprise documentation search engines before pushing LLM apps to production.,Crash-testing a car with crash-test dummies before putting it on the consumer highway.,"Enterprise compliance assurance, CI/CD automated AI regression testing.","Clear developer audio, high-resolution slide graphics, structured conceptual delivery.",Emphasize evaluation as the bridge separating a fragile weekend hackathon prototype from an enterprise-grade product.,643,33000.0,"Key Metrics and Evaluation Methods for RAG Systematic Engineering Framework Evaluation pipeline diagrams, confusion matrices for semantic chunks, TruLens and RAGAS comparison. Benchmarking enterprise documentation search engines before pushing LLM apps to production. Crash-testing a car with crash-test dummies before putting it on the consumer highway. Enterprise compliance assurance, CI/CD automated AI regression testing. Emphasize evaluation as the bridge separating a fragile weekend hackathon prototype from an enterprise-grade product.",1,1,1,1,0,0,544,69,10.404293143019792,2
VID-206,Reasoning Models & Test-Time Compute,Welch Labs,How DeepSeek Rewrote the Transformer [MLA],http://www.youtube.com/watch?v=0VLAoVGf_74,14:18,180K+,Architectural First-Principles & Geometric Memory,"Manim-style low-rank compression matrices, KV cache memory footprint comparison plots, multi-head latent projections.",Compressing Multi-Head Attention KV cache by 93% using Multi-Head Latent Attention (MLA).,Packing a full wardrobe into vacuum-sealed compression bags that decompress on demand.,Running 671B parameter models on constrained GPU memory clusters with high batch throughput.,"Exceptional vector graphics, tranquil and articulate narration, clear mathematical notation.",Explain the physical memory bandwidth bottleneck before presenting the mathematical low-rank matrix decomposition.,858,180000.0,"How DeepSeek Rewrote the Transformer [MLA] Architectural First-Principles & Geometric Memory Manim-style low-rank compression matrices, KV cache memory footprint comparison plots, multi-head latent projections. Compressing Multi-Head Attention KV cache by 93% using Multi-Head Latent Attention (MLA). Packing a full wardrobe into vacuum-sealed compression bags that decompress on demand. Running 671B parameter models on constrained GPU memory clusters with high batch throughput. Explain the physical memory bandwidth bottleneck before presenting the mathematical low-rank matrix decomposition.",1,1,1,1,1,0,595,74,12.100717685412471,1
VID-207,Reasoning Models & Test-Time Compute,Deep Learning with Yacine,DeepSeek R1 Theory Overview | GRPO + RL + SFT,http://www.youtube.com/watch?v=QdEuh2UVbu0,22:45,45K+,Mathematical Algorithmic Derivation,"Whiteboard derivations of Group Relative Policy Optimization (GRPO), mathematical loss formulas without a critic network.",Calculating advantage estimates across groups of sampled rollouts for math competition problems.,Grading students on a curve relative to their immediate peers rather than hiring an external proctor.,Training reasoning models without expensive separate value/critic networks.,"Thorough whiteboard instruction, methodical derivations, clean audio delivery.",Highlight the cost savings of removing the critic model in RLHF to explain why GRPO scales so efficiently.,1365,45000.0,"DeepSeek R1 Theory Overview | GRPO + RL + SFT Mathematical Algorithmic Derivation Whiteboard derivations of Group Relative Policy Optimization (GRPO), mathematical loss formulas without a critic network. Calculating advantage estimates across groups of sampled rollouts for math competition problems. Grading students on a curve relative to their immediate peers rather than hiring an external proctor. Training reasoning models without expensive separate value/critic networks. Highlight the cost savings of removing the critic model in RLHF to explain why GRPO scales so efficiently.",1,1,1,1,1,0,585,82,10.714439990727769,4
VID-208,Reasoning Models & Test-Time Compute,IBM Technology,What is DeepSeek? AI Model Basics Explained,http://www.youtube.com/watch?v=KTonvXhsxpc,6:12,310K+,Executive Lightboard Synthesis,"Luminous lightboard diagrams comparing Mixture-of-Experts routing, Multi-Head Latent Attention, and training cost figures.",Comparing DeepSeek V3 training cost ($6M) against proprietary frontier LLMs ($100M+).,A team of specialized consulting experts where only two members are called into the meeting room per question.,Enterprise evaluation of open-weights frontier intelligence vs cloud API lock-in.,"Studio-grade lighting, high-contrast neon markers, polished corporate delivery.",Put the cost and architecture side-by-side to explain the economic disruption of open innovation.,372,310000.0,"What is DeepSeek? AI Model Basics Explained Executive Lightboard Synthesis Luminous lightboard diagrams comparing Mixture-of-Experts routing, Multi-Head Latent Attention, and training cost figures. Comparing DeepSeek V3 training cost ($6M) against proprietary frontier LLMs ($100M+). A team of specialized consulting experts where only two members are called into the meeting room per question. Enterprise evaluation of open-weights frontier intelligence vs cloud API lock-in. Put the cost and architecture side-by-side to explain the economic disruption of open innovation.",1,1,1,1,0,0,574,76,12.644330802262578,4
VID-209,Reasoning Models & Test-Time Compute,Adam Lucek,Scaling Test Time Compute: How o3-Style Reasoning Works (+ Open Source Implementation),http://www.youtube.com/watch?v=QWoslkjR9W4,18:24,35K+,Engineering Deep Dive & Code Implementation,"Search trees (MCTS), verifier reward scoring curves, test-time compute scaling laws graphs.",Searching through 100 candidate reasoning chains for AIME competition math problems.,Thinking through three draft sketches on paper before painting the final canvas.,"Complex software code verification, theorem proving, drug molecule stability evaluation.","Clear developer audio, high-resolution IDE displays, practical Python implementation.",Contrast pretraining compute scaling (fixed weights) with test-time compute scaling (spending tokens on thinking).,1104,35000.0,"Scaling Test Time Compute: How o3-Style Reasoning Works (+ Open Source Implementation) Engineering Deep Dive & Code Implementation Search trees (MCTS), verifier reward scoring curves, test-time compute scaling laws graphs. Searching through 100 candidate reasoning chains for AIME competition math problems. Thinking through three draft sketches on paper before painting the final canvas. Complex software code verification, theorem proving, drug molecule stability evaluation. Contrast pretraining compute scaling (fixed weights) with test-time compute scaling (spending tokens on thinking).",1,1,1,1,1,1,592,77,10.463131911491969,2
VID-210,Reasoning Models & Test-Time Compute,AI WITH Rithesh,Process Reward Models: Grading Every Step RL for LLMs,http://www.youtube.com/watch?v=14CynD6LqL8,11:32,1.8K+,Comparative Conceptual Breakdown,Step-by-step reasoning chain trees with green checkmarks and red crosses per intermediate line.,Evaluating step 3 of a 5-step algebra derivation where the final answer is wrong due to a sign flip.,A math teacher awarding partial credit for correct steps rather than giving a flat zero for the wrong final number.,"Mathematical problem solving, automated formal verification, reducing hallucination cascades.","Crisp slide animation, focused vocal delivery, well-paced explanation.",The 'partial credit' analogy immediately conveys why Process Supervision beats Outcome Supervision.,692,1800.0,"Process Reward Models: Grading Every Step RL for LLMs Comparative Conceptual Breakdown Step-by-step reasoning chain trees with green checkmarks and red crosses per intermediate line. Evaluating step 3 of a 5-step algebra derivation where the final answer is wrong due to a sign flip. A math teacher awarding partial credit for correct steps rather than giving a flat zero for the wrong final number. Mathematical problem solving, automated formal verification, reducing hallucination cascades. The 'partial credit' analogy immediately conveys why Process Supervision beats Outcome Supervision.",1,1,1,1,1,0,593,85,7.496097345175956,4
VID-211,Reasoning Models & Test-Time Compute,Yannic Kilcher,Tree of Thoughts: Deliberate Problem Solving with Large Language Models (Full Paper Review),http://www.youtube.com/watch?v=ut5kp56wW_4,43:12:00,74K+,Academic Paper Review & Critical Analysis,"Paper diagrams showing Input-Output, Chain of Thought, Self-Consistency, and Tree of Thoughts branching.",Solving the Game of 24 and creative writing tasks with backtracking and lookahead evaluation.,A chess grandmaster evaluating multiple candidate moves and visualizing future board states before touching a piece.,"Complex logical planning, combinatorial puzzles, legal contract analysis.","Energetic paper walkthrough, candid commentary, line-by-line equation analysis.",Emphasize backtracking: explain why standard autoregressive generation gets stuck without tree exploration.,155520,74000.0,"Tree of Thoughts: Deliberate Problem Solving with Large Language Models (Full Paper Review) Academic Paper Review & Critical Analysis Paper diagrams showing Input-Output, Chain of Thought, Self-Consistency, and Tree of Thoughts branching. Solving the Game of 24 and creative writing tasks with backtracking and lookahead evaluation. A chess grandmaster evaluating multiple candidate moves and visualizing future board states before touching a piece. Complex logical planning, combinatorial puzzles, legal contract analysis. Emphasize backtracking: explain why standard autoregressive generation gets stuck without tree exploration.",1,1,1,1,0,0,631,82,11.211833885608511,6
VID-212,Reasoning Models & Test-Time Compute,Lucas Soares | Automata Learning Lab,Tree of Thoughts: Deliberate Problem Solving with Large Language Models | Paper Summary,http://www.youtube.com/watch?v=MXBxNUnC7iY,9:40,12K+,Concise Algorithmic Summary,Breadth-First Search (BFS) and Depth-First Search (DFS) search tree animations over LLM thought spaces.,Evaluating candidate word association triples in creative text generation.,Navigating a maze: dropping breadcrumbs to backtrack when hitting a dead end.,"Autonomous task planning, complex decision workflows.","Clean slide deck, structured chapters, calm and focused audio.","Structure the comparison between CoT, Self-Consistency, and ToT into a 3-part progression of reasoning depth.",580,12000.0,"Tree of Thoughts: Deliberate Problem Solving with Large Language Models | Paper Summary Concise Algorithmic Summary Breadth-First Search (BFS) and Depth-First Search (DFS) search tree animations over LLM thought spaces. Evaluating candidate word association triples in creative text generation. Navigating a maze: dropping breadcrumbs to backtrack when hitting a dead end. Autonomous task planning, complex decision workflows. Structure the comparison between CoT, Self-Consistency, and ToT into a 3-part progression of reasoning depth.",1,1,1,1,0,0,536,72,9.39274525863144,6
VID-213,AI Safety & Mechanistic Interpretability,Neel Nanda,Neel Nanda – Mechanistic Interpretability: A Whirlwind Tour,http://www.youtube.com/watch?v=veT2VI4vHyU,21:32,22K+,Foundational Research Lecture & Code Demonstration,"Attention heatmaps, induction head circuit graphs, TransformerLens interactive Python notebook visuals.",Reverse-engineering modular addition in toy transformers and discovering grokking circuits.,Compiling binary machine code back into high-level readable C source code.,"Detecting deceptive alignment, auditing medical diagnosis neural networks.","Leading researcher authority, live interactive exploratory tools, passionate delivery.",Focus on the 'Induction Head': the fundamental 2-layer circuit that enables in-context learning.,1292,22000.0,"Neel Nanda – Mechanistic Interpretability: A Whirlwind Tour Foundational Research Lecture & Code Demonstration Attention heatmaps, induction head circuit graphs, TransformerLens interactive Python notebook visuals. Reverse-engineering modular addition in toy transformers and discovering grokking circuits. Compiling binary machine code back into high-level readable C source code. Detecting deceptive alignment, auditing medical diagnosis neural networks. Focus on the 'Induction Head': the fundamental 2-layer circuit that enables in-context learning.",1,1,1,1,0,1,553,67,9.99884318585288,4
VID-214,AI Safety & Mechanistic Interpretability,International Association for Safe & Ethical AI,An Introduction to Mechanistic Interpretability – Neel Nanda | IASEAI 2025,http://www.youtube.com/watch?v=0704iLc55Fs,25:13:00,12K+,Keynote Conference Address,"Circuits diagram showing residual stream communication channels, key-value query routing matrices.",Tracking how a model predicts repeated token patterns across long document contexts.,Neuroscientists probing individual biological neural circuits with micro-electrodes.,"Safety evaluation for national AI security institutes, AI deception prevention.","High-end conference audio, pristine presentation slides, authoritative researcher perspective.",Frame mechanistic interpretability as reverse-engineering a computer program found in alien ruins.,90780,12000.0,"An Introduction to Mechanistic Interpretability – Neel Nanda | IASEAI 2025 Keynote Conference Address Circuits diagram showing residual stream communication channels, key-value query routing matrices. Tracking how a model predicts repeated token patterns across long document contexts. Neuroscientists probing individual biological neural circuits with micro-electrodes. Safety evaluation for national AI security institutes, AI deception prevention. Frame mechanistic interpretability as reverse-engineering a computer program found in alien ruins.",1,1,1,1,0,0,549,67,9.39274525863144,6
VID-215,AI Safety & Mechanistic Interpretability,Machine Learning Street Talk,Mechanistic Interpretability - NEEL NANDA (DeepMind),http://www.youtube.com/watch?v=_Ygf0GnlwmY,3:57:44,143K+,Exhaustive Deep-Dive Academic Interview,"Screen shares of residual stream decompositions, superposition geometric polytopes, linear representation hypotheses.",Analyzing why neural networks represent thousands of features in a handful of activation dimensions.,Compressed sensing: packing 100 radio signals onto 10 frequencies using sparse ortholinear geometry.,"Frontier model safety auditing, preventing sleeper agents in deployed models.","Intense philosophical and technical discussion, high-fidelity studio microphones, unmatched depth.","Address the fundamental unsolved questions (superposition, polysemanticity) to ignite viewer curiosity.",14264,143000.0,"Mechanistic Interpretability - NEEL NANDA (DeepMind) Exhaustive Deep-Dive Academic Interview Screen shares of residual stream decompositions, superposition geometric polytopes, linear representation hypotheses. Analyzing why neural networks represent thousands of features in a handful of activation dimensions. Compressed sensing: packing 100 radio signals onto 10 frequencies using sparse ortholinear geometry. Frontier model safety auditing, preventing sleeper agents in deployed models. Address the fundamental unsolved questions (superposition, polysemanticity) to ignite viewer curiosity.",1,1,1,1,1,0,594,70,11.870606902224589,4
VID-216,AI Safety & Mechanistic Interpretability,Papers Are Wonderful,A Window  Into LLMs | Sparse Autoencoders Explained,http://www.youtube.com/watch?v=TKozVZoXAYs,5:27,19K+,Micro-Paper Animation,"Monosemantic vs polysemantic neuron activations, Sparse Autoencoder (SAE) latent expansion diagrams.",Disentangling a single neuron that fired on both 'Golden Gate Bridge' and 'brain cancer' into distinct monosemantic concepts.,Untangling a knotted ball of multicolored yarn into individual neat spools.,Anthropic Claude 3.5 Sonnet feature dictionary mapping and safety steering.,"Vibrant visual graphics, crisp voiceover, rapid 5-minute distillation.",Use the 'Golden Gate Bridge' neuron example to give viewers an unforgettable tangible demonstration of polysemanticity.,327,19000.0,"A Window  Into LLMs | Sparse Autoencoders Explained Micro-Paper Animation Monosemantic vs polysemantic neuron activations, Sparse Autoencoder (SAE) latent expansion diagrams. Disentangling a single neuron that fired on both 'Golden Gate Bridge' and 'brain cancer' into distinct monosemantic concepts. Untangling a knotted ball of multicolored yarn into individual neat spools. Anthropic Claude 3.5 Sonnet feature dictionary mapping and safety steering. Use the 'Golden Gate Bridge' neuron example to give viewers an unforgettable tangible demonstration of polysemanticity.",1,1,1,1,0,0,572,76,9.852246888342531,5
VID-217,AI Safety & Mechanistic Interpretability,Lex Clips,Superposition in neural networks | Dario Amodei and Lex Fridman,http://www.youtube.com/watch?v=JIHOdpj7WM4,7:43,14K+,High-Level Founder Insight,"Studio interview framing, cutaways to Anthropic research papers on monosemantic features.",Explaining how an LLM stores millions of human concepts inside a vector space of only a few thousand dimensions.,A holographic photograph where the entire 3D scene is encoded in overlapping 2D wave interference patterns.,"Anthropic safety research roadmap, AI alignment governance.","Top-tier Lex Fridman podcast studio production, pristine audio isolation.",The holographic photograph analogy makes high-dimensional vector superposition understandable to non-mathematicians.,463,14000.0,"Superposition in neural networks | Dario Amodei and Lex Fridman High-Level Founder Insight Studio interview framing, cutaways to Anthropic research papers on monosemantic features. Explaining how an LLM stores millions of human concepts inside a vector space of only a few thousand dimensions. A holographic photograph where the entire 3D scene is encoded in overlapping 2D wave interference patterns. Anthropic safety research roadmap, AI alignment governance. The holographic photograph analogy makes high-dimensional vector superposition understandable to non-mathematicians.",1,1,1,1,1,0,578,77,9.546884034617923,4
VID-218,AI Safety & Mechanistic Interpretability,Sam Witteveen,Understanding Constitutional AI - the paper and key concepts,http://www.youtube.com/watch?v=quyqRIHRa60,11:15,11K+,Systems & Alignment Paper Walkthrough,Paper diagrams of the Supervised Learning (SL) phase and Reinforcement Learning from AI Feedback (RLAIF) pipeline.,Guiding a model to self-critique and revise dangerous chemical weapon instructions into polite refusals.,Giving a teenager a written set of moral family rules rather than monitoring every single conversation.,"Claude model alignment, enterprise safe AI deployment.","Calm, thoughtful presentation, detailed paper slide highlights, clear instructional pacing.",Show the Critique-Revision loop clearly to demonstrate how the model corrects its own toxic responses.,675,11000.0,"Understanding Constitutional AI - the paper and key concepts Systems & Alignment Paper Walkthrough Paper diagrams of the Supervised Learning (SL) phase and Reinforcement Learning from AI Feedback (RLAIF) pipeline. Guiding a model to self-critique and revise dangerous chemical weapon instructions into polite refusals. Giving a teenager a written set of moral family rules rather than monitoring every single conversation. Claude model alignment, enterprise safe AI deployment. Show the Critique-Revision loop clearly to demonstrate how the model corrects its own toxic responses.",1,1,1,1,0,0,580,82,9.305741456739437,2
VID-219,AI Safety & Mechanistic Interpretability,AssemblyAI,RLAIF vs. RLHF: the technology behind Anthropic’s Claude (Constitutional AI Explained),http://www.youtube.com/watch?v=nNHBb_2hMWI,5:54,8.0K+,Comparative Motion Graphics,Split-screen comparing human feedback crowd-workers with automated AI evaluator critiques.,Replacing thousands of human annotation hours with structured constitutional prompts.,Replacing manual grading of homework papers with an automated scoring rubric that never gets tired.,Scaling alignment to superhuman models where human raters can no longer detect subtle errors.,"High production quality, dynamic animated cards, punchy 6-minute delivery.",Contrast human labeler inconsistency with constitutional prompt consistency to show the reliability advantage.,354,8000.0,RLAIF vs. RLHF: the technology behind Anthropic’s Claude (Constitutional AI Explained) Comparative Motion Graphics Split-screen comparing human feedback crowd-workers with automated AI evaluator critiques. Replacing thousands of human annotation hours with structured constitutional prompts. Replacing manual grading of homework papers with an automated scoring rubric that never gets tired. Scaling alignment to superhuman models where human raters can no longer detect subtle errors. Contrast human labeler inconsistency with constitutional prompt consistency to show the reliability advantage.,1,1,1,1,0,0,596,76,8.987321812850125,2
VID-220,AI Safety & Mechanistic Interpretability,Stanford eCorner,Constitutional AI - Daniela Amodei (Anthropic),http://www.youtube.com/watch?v=Tjsox6vfsos,5:42,6.6K+,Executive Founder Perspective,"Stanford auditorium presentation, slides highlighting the UN Declaration of Human Rights principles.",Selecting objective alignment principles from international declarations rather than corporate biases.,A nation's legal constitution that binds all branches of government to foundational laws.,"Global AI safety standards, responsible enterprise AI deployment.","Professional university recording, articulate speaker delivery, clear sound.",Explain where the 'constitution' comes from to demystify who decides what is safe or helpful.,342,6600.0,"Constitutional AI - Daniela Amodei (Anthropic) Executive Founder Perspective Stanford auditorium presentation, slides highlighting the UN Declaration of Human Rights principles. Selecting objective alignment principles from international declarations rather than corporate biases. A nation's legal constitution that binds all branches of government to foundational laws. Global AI safety standards, responsible enterprise AI deployment. Explain where the 'constitution' comes from to demystify who decides what is safe or helpful.",1,1,1,1,0,0,530,68,8.79497643168877,2
VID-221,"3D AI, Gaussian Splatting & World Models",Computerphile,3D Gaussian Splatting! - Computerphile,http://www.youtube.com/watch?v=VkIJbpdTujE,17:40,262K+,Academic Interview & Algorithm Breakdown,"Live 3D rasterization demos, mathematical covariance ellipsoid diagrams, paper figures.",Rendering complex real-world scenes (a cluttered laboratory) at 120 FPS on consumer hardware.,Painting a 3D sculpture using fuzzy colored ellipsoidal paint sponges rather than microscopic sharp dust specs.,"Real-time virtual reality, game asset capture, visual VFX production.","Classic Computerphile academic dialogue, spontaneous demonstrations, clear audio.",Contrast ray-marching volume rendering (NeRF) with tile-based rasterization (3DGS) to explain the 100x speedup.,1060,262000.0,"3D Gaussian Splatting! - Computerphile Academic Interview & Algorithm Breakdown Live 3D rasterization demos, mathematical covariance ellipsoid diagrams, paper figures. Rendering complex real-world scenes (a cluttered laboratory) at 120 FPS on consumer hardware. Painting a 3D sculpture using fuzzy colored ellipsoidal paint sponges rather than microscopic sharp dust specs. Real-time virtual reality, game asset capture, visual VFX production. Contrast ray-marching volume rendering (NeRF) with tile-based rasterization (3DGS) to explain the 100x speedup.",1,1,1,1,1,0,555,72,12.476103599529845,3
VID-222,"3D AI, Gaussian Splatting & World Models",Bad Decisions Studio,What is 3D Gaussian Splatting?,http://www.youtube.com/watch?v=Tnij_xHEnXc,3:23,211K+,Fast Cinematic Studio Overview,"Mesmerizing 3D camera sweeps, point cloud transitions into textured Gaussian splats, wireframe toggles.",Capturing an antique statue with a smartphone and viewing it interactively from any angle.,Throwing millions of tiny semi-transparent glowing marbles into the air that lock together into an image.,"E-commerce 3D product previews, architectural drone surveys.","Pristine visual production, cinematic music, high-speed delivery.",Show the raw point cloud before dissolving into rendered splats to illustrate the transformation.,203,211000.0,"What is 3D Gaussian Splatting? Fast Cinematic Studio Overview Mesmerizing 3D camera sweeps, point cloud transitions into textured Gaussian splats, wireframe toggles. Capturing an antique statue with a smartphone and viewing it interactively from any angle. Throwing millions of tiny semi-transparent glowing marbles into the air that lock together into an image. E-commerce 3D product previews, architectural drone surveys. Show the raw point cloud before dissolving into rendered splats to illustrate the transformation.",1,1,1,1,0,0,521,73,12.259618151783464,3
VID-223,"3D AI, Gaussian Splatting & World Models",Bilawal Sidhu,3D Gaussian Splatting - Explained!,http://www.youtube.com/watch?v=sQcrZHvrEnU,8:28,190K+,Practitioner Spatial Computing Guide,"Interactive camera fly-throughs, CUDA rasterizer benchmark charts, comparison with photogrammetry and NeRFs.","Evaluating scene reconstruction quality on reflections, fine hair, and thin bicycle wheel spokes.",Replacing slow raytracing with traditional video game rasterization shaders.,"Apple Vision Pro immersive spatial environments, Hollywood virtual production sets.","Vibrant energy, expert spatial computing perspective, professional studio setup.","Include difficult edge cases (specular reflections, transparency) to give a balanced engineering assessment.",508,190000.0,"3D Gaussian Splatting - Explained! Practitioner Spatial Computing Guide Interactive camera fly-throughs, CUDA rasterizer benchmark charts, comparison with photogrammetry and NeRFs. Evaluating scene reconstruction quality on reflections, fine hair, and thin bicycle wheel spokes. Replacing slow raytracing with traditional video game rasterization shaders. Apple Vision Pro immersive spatial environments, Hollywood virtual production sets. Include difficult edge cases (specular reflections, transparency) to give a balanced engineering assessment.",1,1,1,1,0,0,548,66,12.154784614286667,3
VID-224,"3D AI, Gaussian Splatting & World Models",Caleb Writes Code,World Models explained in 10min..,http://www.youtube.com/watch?v=ECWC-YlAk1o,10:14,56K+,Conceptual Architecture Analysis,Ha & Schmidhuber World Models architecture: Vision model (V) + Memory RNN (M) + Controller (C).,An agent learning to play Doom and Car Racing entirely inside its own hallucinated mental simulation.,Daydreaming: rehearsing a speech or athletic routine in your mind before stepping onto the stage.,"Autonomous driving simulators, reinforcement learning sample efficiency.","Sharp modern motion graphics, witty developer commentary, engaging pacing.",The 'daydreaming' analogy perfectly separates world modeling (learning physics) from policy control (making decisions).,614,56000.0,"World Models explained in 10min.. Conceptual Architecture Analysis Ha & Schmidhuber World Models architecture: Vision model (V) + Memory RNN (M) + Controller (C). An agent learning to play Doom and Car Racing entirely inside its own hallucinated mental simulation. Daydreaming: rehearsing a speech or athletic routine in your mind before stepping onto the stage. Autonomous driving simulators, reinforcement learning sample efficiency. The 'daydreaming' analogy perfectly separates world modeling (learning physics) from policy control (making decisions).",1,1,1,1,0,0,555,76,10.933124826700707,4
VID-225,"3D AI, Gaussian Splatting & World Models",OnlyBulbsTV,How Sora Simulates the World,http://www.youtube.com/watch?v=yfJXRSJj5Os,8:52,28K+,Technical Deconstruction & Physics Analysis,"Spatio-temporal patch unrolling diagrams, Diffusion Transformer (DiT) architecture, physics failure examples.",Analyzing why Sora can render water reflections accurately but fails at object permanence (bitten cookies reappearing).,A dream where visual textures are hyper-realistic but causal logic bends when you look away.,"Synthetic video generation for VFX, game development, physical world understanding.","Crisp motion graphics, clear audio narration, insightful physical critiques.",Show clear physics failures (causality violations) to explain why generative video is not yet a true physics engine.,532,28000.0,"How Sora Simulates the World Technical Deconstruction & Physics Analysis Spatio-temporal patch unrolling diagrams, Diffusion Transformer (DiT) architecture, physics failure examples. Analyzing why Sora can render water reflections accurately but fails at object permanence (bitten cookies reappearing). A dream where visual textures are hyper-realistic but causal logic bends when you look away. Synthetic video generation for VFX, game development, physical world understanding. Show clear physics failures (causality violations) to explain why generative video is not yet a true physics engine.",1,1,1,1,0,0,596,80,10.239995502805316,5
VID-226,Robotics & Vision-Language-Action (VLA),Clear Tech,Google's RT-2: The First Vision-Language-Action (VLA) Model Explained,http://www.youtube.com/watch?v=u-fx3W_lDb0,7:17,440+,Systems & Model Architecture Breakdown,Diagrams of PaLI-X / PaLM-E backbone outputting robot joint position tokens alongside text tokens.,A robotic arm instructed to 'pick up the extinct animal' correctly selecting a plastic dinosaur.,Giving a blindfolded typist a pair of robotic arms and translating words into hand coordinates.,"Warehouse automated order fulfillment, household assistant robots.","Clear instructional narration, concise 7-minute structure, direct paper figures.","Highlight tokenization of physical action: show how robot end-effector coordinates $[x, y, z, roll, pitch, yaw]$ are discretized into text vocabulary tokens.",437,440.0,"Google's RT-2: The First Vision-Language-Action (VLA) Model Explained Systems & Model Architecture Breakdown Diagrams of PaLI-X / PaLM-E backbone outputting robot joint position tokens alongside text tokens. A robotic arm instructed to 'pick up the extinct animal' correctly selecting a plastic dinosaur. Giving a blindfolded typist a pair of robotic arms and translating words into hand coordinates. Warehouse automated order fulfillment, household assistant robots. Highlight tokenization of physical action: show how robot end-effector coordinates $[x, y, z, roll, pitch, yaw]$ are discretized into text vocabulary tokens.",1,1,1,1,0,0,625,86,6.089044875446846,6
VID-227,Robotics & Vision-Language-Action (VLA),Architecture Bytes - AI,"Vision Language Action Models - OpenVLA, π0, RT-2, Gemini Robotics",http://www.youtube.com/watch?v=iNS7zaxWvJ8,8:04,5.6K+,Comprehensive Comparative Taxonomy,"Comparative tables of VLA models (RT-1, RT-2, OpenVLA, Physical Intelligence π0), policy architectures.",Folding clothes and wiping tables using multimodal foundation models fine-tuned on robotic teleoperation data.,"The human brain fusing eyesight, language comprehension, and motor cortex muscle twitches into one reflex.","Industrial manufacturing lines, humanoid robot manipulation.","High-density technical slides, crisp delivery, structured taxonomy.",Compare diffusion policies vs autoregressive discrete token policies for robotic control.,484,5600.0,"Vision Language Action Models - OpenVLA, π0, RT-2, Gemini Robotics Comprehensive Comparative Taxonomy Comparative tables of VLA models (RT-1, RT-2, OpenVLA, Physical Intelligence π0), policy architectures. Folding clothes and wiping tables using multimodal foundation models fine-tuned on robotic teleoperation data. The human brain fusing eyesight, language comprehension, and motor cortex muscle twitches into one reflex. Industrial manufacturing lines, humanoid robot manipulation. Compare diffusion policies vs autoregressive discrete token policies for robotic control.",1,1,1,1,0,0,574,72,8.630700432209832,4
VID-228,Robotics & Vision-Language-Action (VLA),Ilia,LLMs Meet Robotics: What Are Vision-Language-Action Models? (VLA Series Ep.1),http://www.youtube.com/watch?v=8dZUOo5xWFw,35:07:00,59K+,Masterclass Engineering Walkthrough,"End-to-end robotics software stack diagrams, sensor calibration matrices, cross-attention between camera frames and task descriptions.",Training a 7-DoF robotic manipulator on bridge data to achieve generalized zero-shot grasping.,"A baby learning to reach for a shiny toy by looking, listening to parent encouragement, and adjusting its grip.","Agricultural automated harvesting, hospital logistics robotics.","Deep practitioner authority, crystal-clear audio, thorough and patient pedagogy.",Demonstrate the bridge between web-scale vision-language pretraining and physical embodied manipulation.,126420,59000.0,"LLMs Meet Robotics: What Are Vision-Language-Action Models? (VLA Series Ep.1) Masterclass Engineering Walkthrough End-to-end robotics software stack diagrams, sensor calibration matrices, cross-attention between camera frames and task descriptions. Training a 7-DoF robotic manipulator on bridge data to achieve generalized zero-shot grasping. A baby learning to reach for a shiny toy by looking, listening to parent encouragement, and adjusting its grip. Agricultural automated harvesting, hospital logistics robotics. Demonstrate the bridge between web-scale vision-language pretraining and physical embodied manipulation.",1,1,1,1,0,0,624,77,10.985309671896765,4
VID-229,Hardware Acceleration & AI Silicon,Aleksa Gordić - The AI Epiphany,How does Groq LPU work? (w/ Head of Silicon Igor Arsovski!),http://www.youtube.com/watch?v=WQDMKTEgQnY,1:11:46,32K+,Silicon Engineering & Architecture Interview,"Groq Tensor Streaming Processor (TSP) die floorplans, deterministic static compiler pipelines, SRAM crossbar diagrams.",Streaming 500+ tokens per second on Llama 3 without dynamic instruction scheduling.,A synchronous train railway running on exact nanosecond timetables with no stoplights or traffic jams.,"Ultra-low-latency real-time voice conversational agents, instant document processing.","World-class semiconductor technical depth, primary source hardware designer interview, high-res schematics.",Explain deterministic compiler scheduling: moving hardware branch prediction and caching logic entirely into the software compiler.,4306,32000.0,"How does Groq LPU work? (w/ Head of Silicon Igor Arsovski!) Silicon Engineering & Architecture Interview Groq Tensor Streaming Processor (TSP) die floorplans, deterministic static compiler pipelines, SRAM crossbar diagrams. Streaming 500+ tokens per second on Llama 3 without dynamic instruction scheduling. A synchronous train railway running on exact nanosecond timetables with no stoplights or traffic jams. Ultra-low-latency real-time voice conversational agents, instant document processing. Explain deterministic compiler scheduling: moving hardware branch prediction and caching logic entirely into the software compiler.",1,1,1,1,0,0,628,81,10.373522431293592,1
VID-230,Hardware Acceleration & AI Silicon,Lumida Wealth,LPU vs GPU vs TPU vs CPU: What's the Difference? Jonathan Ross from Groq Explains,http://www.youtube.com/watch?v=gpe9kFhyu70,1:48,14K+,Executive Founder Soundbite,"Studio interview framing, side-by-side processor architecture graphics.",Contrasting sequential general-purpose computing (CPU) with parallel matrix math (GPU) and deterministic streaming (LPU).,A delivery motorcycle (CPU) vs a cargo container ship (GPU) vs a high-speed pneumatic tube (LPU).,"Data center processor procurement, optimizing hardware for specific AI workloads.","Clear audio, professional TV-grade broadcast setup, high-impact concise framing.",Use the transport vehicle analogy (motorcycle vs cargo ship vs pneumatic tube) for immediate clarity.,108,14000.0,"LPU vs GPU vs TPU vs CPU: What's the Difference? Jonathan Ross from Groq Explains Executive Founder Soundbite Studio interview framing, side-by-side processor architecture graphics. Contrasting sequential general-purpose computing (CPU) with parallel matrix math (GPU) and deterministic streaming (LPU). A delivery motorcycle (CPU) vs a cargo container ship (GPU) vs a high-speed pneumatic tube (LPU). Data center processor procurement, optimizing hardware for specific AI workloads. Use the transport vehicle analogy (motorcycle vs cargo ship vs pneumatic tube) for immediate clarity.",1,1,1,1,1,0,585,80,9.546884034617923,1
VID-231,"Quantization, Distillation & Model Compression",Tales Of Tensors,"LLM Quantization Explained: GPTQ, AWQ, QLoRA, GGUF and More",http://www.youtube.com/watch?v=WmvZwR4rKJg,14:15,25K+,Comparative Mathematical & Systems Breakdown,"Quantization grid mapping diagrams (FP32 to INT4), activation outlier distribution plots, calibration datasets.",Quantizing 70B parameter models from 140GB down to 35GB to fit on two consumer GPUs.,Converting a 16-million color image into a 256-color GIF with an optimized color palette.,"Local LLM execution on laptops, reducing cloud serving memory costs.","High-density technical slides, calm articulate voiceover, comprehensive coverage.",Explain AWQ's key insight: protecting the 1% salient weight channels prevents massive accuracy degradation in 4-bit quantization.,855,25000.0,"LLM Quantization Explained: GPTQ, AWQ, QLoRA, GGUF and More Comparative Mathematical & Systems Breakdown Quantization grid mapping diagrams (FP32 to INT4), activation outlier distribution plots, calibration datasets. Quantizing 70B parameter models from 140GB down to 35GB to fit on two consumer GPUs. Converting a 16-million color image into a 256-color GIF with an optimized color palette. Local LLM execution on laptops, reducing cloud serving memory costs. Explain AWQ's key insight: protecting the 1% salient weight channels prevents massive accuracy degradation in 4-bit quantization.",1,1,1,1,1,0,590,83,10.12667110305036,1
VID-232,"Quantization, Distillation & Model Compression",Cloud Codes,GGUF vs AWQ vs GPTQ: LLM Quantization Methods Explained,http://www.youtube.com/watch?v=7hYSmzIZXNs,10:20,18K+,Practitioner Benchmarking & Format Guide,"Architecture tables comparing CPU vs GPU memory mapping, llama.cpp file layouts, token generation speed bars.",Choosing between GGUF for unified memory MacBooks vs AWQ for Nvidia vLLM servers.,Packaging groceries: cardboard boxes for truck transport vs insulated cooler bags for frozen items.,Local edge AI deployment on mobile phones and Apple Silicon.,"Clear developer audio, high-resolution terminal screencasts, direct actionable advice.",Provide a clean decision flowchart: If running on Mac/CPU use GGUF; if serving on Nvidia GPUs use AWQ/vLLM.,620,18000.0,"GGUF vs AWQ vs GPTQ: LLM Quantization Methods Explained Practitioner Benchmarking & Format Guide Architecture tables comparing CPU vs GPU memory mapping, llama.cpp file layouts, token generation speed bars. Choosing between GGUF for unified memory MacBooks vs AWQ for Nvidia vLLM servers. Packaging groceries: cardboard boxes for truck transport vs insulated cooler bags for frozen items. Local edge AI deployment on mobile phones and Apple Silicon. Provide a clean decision flowchart: If running on Mac/CPU use GGUF; if serving on Nvidia GPUs use AWQ/vLLM.",1,1,1,1,0,0,557,84,9.798182590890704,1
VID-233,"Quantization, Distillation & Model Compression",Julia Turc,Knowledge Distillation: How LLMs train each other,http://www.youtube.com/watch?v=jrJKRYAdh7I,16:04,86K+,Mathematical Pedagogy & Probability Distribution,"Soft target probability distributions, temperature scaling softmax formulas, KL divergence loss graphs.",Distilling a 70B teacher model into a 7B student model that retains 95% of performance on reasoning benchmarks.,A seasoned master chef teaching an apprentice the subtle taste balance rather than just handing them a dry recipe list.,"Mobile on-device AI assistants, cost reduction for high-volume enterprise APIs.","Warm, articulate presentation, elegant custom slide aesthetic, crystal-clear math derivations.","Show how soft probabilities convey the teacher's 'dark knowledge' (e.g., that a cat is closer to a tiger than to a refrigerator).",964,86000.0,"Knowledge Distillation: How LLMs train each other Mathematical Pedagogy & Probability Distribution Soft target probability distributions, temperature scaling softmax formulas, KL divergence loss graphs. Distilling a 70B teacher model into a 7B student model that retains 95% of performance on reasoning benchmarks. A seasoned master chef teaching an apprentice the subtle taste balance rather than just handing them a dry recipe list. Mobile on-device AI assistants, cost reduction for high-volume enterprise APIs. Show how soft probabilities convey the teacher's 'dark knowledge' (e.g., that a cat is closer to a tiger than to a refrigerator).",1,1,1,1,1,0,644,94,11.362114203075018,4
VID-234,"Quantization, Distillation & Model Compression",CodeEmporium,Knowledge Distillation in Neural Networks - Explained!,http://www.youtube.com/watch?v=BUCSTKQOzcM,13:25,4.1K+,Step-by-Step Whiteboard Walkthrough,"Loss formulation breakdown ($L = lpha L_{CE} + (1-lpha) T^2 L_{KD}$), temperature knob visualization.",Training a tiny ResNet-18 on ImageNet using predictions from an ensemble of ResNet-152 models.,Studying a teacher's detailed annotations and thought processes rather than just the final exam answer key.,"Smartphone speech recognition models, low-latency search ranking.","Energetic whiteboard delivery, methodical math breakdown, clear equations.",Explain why the temperature parameter $T^2$ scaling factor is necessary to prevent vanishing gradients during backpropagation.,805,4100.0,"Knowledge Distillation in Neural Networks - Explained! Step-by-Step Whiteboard Walkthrough Loss formulation breakdown ($L = lpha L_{CE} + (1-lpha) T^2 L_{KD}$), temperature knob visualization. Training a tiny ResNet-18 on ImageNet using predictions from an ensemble of ResNet-152 models. Studying a teacher's detailed annotations and thought processes rather than just the final exam answer key. Smartphone speech recognition models, low-latency search ranking. Explain why the temperature parameter $T^2$ scaling factor is necessary to prevent vanishing gradients during backpropagation.",1,1,1,1,0,0,590,77,8.31898612539206,4
VID-235,Vector Search & Graph RAG,Redis,Vector Database Search: HNSW Algorithm Explained,http://www.youtube.com/watch?v=cZyTZ-EMskI,13:05,12K+,Graph Data Structures & Geometric Search,"Multi-layer geometric graphs, skip-list hierarchy animations, beam search routing across vector clusters.",Searching 10 million embedding vectors in 2 milliseconds with logarithmic $O(\log N)$ time complexity.,"An express subway system: taking high-speed express trains between major hub stations, then local buses to the exact street address.","Vector search engines (Milvus, Pinecone, Redis, Qdrant) powering enterprise RAG.","Crisp developer graphics, excellent instructional voiceover, structured conceptual flow.",The 'express subway vs local bus' analogy provides an immediate intuitive grasp of hierarchical layers.,785,12000.0,"Vector Database Search: HNSW Algorithm Explained Graph Data Structures & Geometric Search Multi-layer geometric graphs, skip-list hierarchy animations, beam search routing across vector clusters. Searching 10 million embedding vectors in 2 milliseconds with logarithmic $O(\log N)$ time complexity. An express subway system: taking high-speed express trains between major hub stations, then local buses to the exact street address. Vector search engines (Milvus, Pinecone, Redis, Qdrant) powering enterprise RAG. The 'express subway vs local bus' analogy provides an immediate intuitive grasp of hierarchical layers.",1,1,1,1,1,0,616,83,9.39274525863144,0
VID-236,Vector Search & Graph RAG,DataMListic,Vector Database Search - Hierarchical Navigable Small Worlds (HNSW) Explained,http://www.youtube.com/watch?v=77QH0Y2PYKg,8:03,56K+,Algorithmic Animation & Math Walkthrough,"2D spatial nodes connecting across layers, Delaunay graph approximations, greedy search path vectors.",Finding the nearest semantic documents to a user query in a high-dimensional embedding space.,Six degrees of separation: how everyone is connected through short social chain hops.,"Semantic search, music recommendation, reverse image search.","High-contrast clean visuals, concise 8-minute runtime, clear narration.",Connect HNSW directly to 1D Skip Lists to help programmers leverage their existing data structure knowledge.,483,56000.0,"Vector Database Search - Hierarchical Navigable Small Worlds (HNSW) Explained Algorithmic Animation & Math Walkthrough 2D spatial nodes connecting across layers, Delaunay graph approximations, greedy search path vectors. Finding the nearest semantic documents to a user query in a high-dimensional embedding space. Six degrees of separation: how everyone is connected through short social chain hops. Semantic search, music recommendation, reverse image search. Connect HNSW directly to 1D Skip Lists to help programmers leverage their existing data structure knowledge.",1,1,1,1,1,0,570,78,10.933124826700707,0
VID-237,Vector Search & Graph RAG,Thu Vu,GraphRAG: Building a Smarter AI System (full walkthrough),http://www.youtube.com/watch?v=JTVx6i6MzVw,35:47:00,66K+,Comprehensive Applied Python Tutorial,"Neo4j graph visualization interface, Python code for entity extraction, LangChain and LlamaIndex integrations.",Building a full supply-chain dependency graph to trace semiconductor part shortages.,A detective's corkboard with pins and colored string connecting suspects and evidence.,"Supply chain risk modeling, cybersecurity threat intelligence.","Warm, highly articulate instruction, pristine screen recording, structured practical chapters.",Show the interactive graph visualization in Neo4j to make abstract knowledge graph concepts visual.,128820,66000.0,"GraphRAG: Building a Smarter AI System (full walkthrough) Comprehensive Applied Python Tutorial Neo4j graph visualization interface, Python code for entity extraction, LangChain and LlamaIndex integrations. Building a full supply-chain dependency graph to trace semiconductor part shortages. A detective's corkboard with pins and colored string connecting suspects and evidence. Supply chain risk modeling, cybersecurity threat intelligence. Show the interactive graph visualization in Neo4j to make abstract knowledge graph concepts visual.",1,1,1,1,0,1,541,69,11.097425172408933,2
VID-238,LLM Architecture & Open Source Implementations,Andrej Karpathy,"Let's build GPT: from scratch, in code, spelled out.",http://www.youtube.com/watch?v=kCc8FmEb1nY,1:56:20,7.8M+,Masterclass Code-First Pedagogy,"PyTorch tensor operations written live, self-attention matrix heatmaps, cross-entropy training loss curves.",Building a character-level nanoGPT that generates realistic Shakespeare plays from scratch.,A linguistic telegraph operator guessing the next character based on preceding letters.,"Modern generative AI foundations, training custom domain transformers.","Universally acclaimed as one of the greatest AI tutorials ever recorded; pristine audio, zero fluff, unmatched clarity.","Build the simplest possible baseline (Bigram) first before introducing self-attention, so viewers feel why attention is necessary.",6980,7800000.0,"Let's build GPT: from scratch, in code, spelled out. Masterclass Code-First Pedagogy PyTorch tensor operations written live, self-attention matrix heatmaps, cross-entropy training loss curves. Building a character-level nanoGPT that generates realistic Shakespeare plays from scratch. A linguistic telegraph operator guessing the next character based on preceding letters. Modern generative AI foundations, training custom domain transformers. Build the simplest possible baseline (Bigram) first before introducing self-attention, so viewers feel why attention is necessary.",1,1,1,1,1,1,574,72,15.86963441986494,6
VID-239,LLM Architecture & Open Source Implementations,Andrej Karpathy,The spelled-out intro to neural networks and backpropagation: building micrograd,http://www.youtube.com/watch?v=VMj-3S1tku0,2:25:52,4.0M+,First-Principles Autograd Engine Construction,Interactive computation graph DAGs with forward value and backward gradient annotations on every node.,Building an autograd engine in 100 lines of Python and training a 2-layer MLP on a toy dataset.,A line of dominoes where tipping the first tile pushes energy forward and a chain reaction traces backward.,"PyTorch torch.autograd, deep learning optimization foundations.","Flawless code-first instruction, calm deliberate pacing, complete transparency.",Manually compute the partial derivatives on a paper computation graph before writing the backward() Python methods.,8752,4000000.0,"The spelled-out intro to neural networks and backpropagation: building micrograd First-Principles Autograd Engine Construction Interactive computation graph DAGs with forward value and backward gradient annotations on every node. Building an autograd engine in 100 lines of Python and training a 2-layer MLP on a toy dataset. A line of dominoes where tipping the first tile pushes energy forward and a chain reaction traces backward. PyTorch torch.autograd, deep learning optimization foundations. Manually compute the partial derivatives on a paper computation graph before writing the backward() Python methods.",1,1,1,1,0,1,613,86,15.201805169084134,4
VID-240,LLM Architecture & Open Source Implementations,Andrej Karpathy,Let's build the GPT Tokenizer,http://www.youtube.com/watch?v=zduSFxRajkE,2:13:35,1.2M+,Byte-Level Systems & Algorithmic Engineering,"Unicode UTF-8 byte arrays, Byte-Pair Encoding (BPE) merge dictionaries, vocabulary tree diagrams.",Implementing the exact GPT-4 tiktoken BPE algorithm in pure Python.,Stenography: creating custom short-hand abbreviations for frequently repeated syllable pairs.,"Fixing tokenization bugs, multilingual LLM efficiency, code indentation handling.","Top-tier developer instruction, clear mental models, deep systems insights.","Demonstrate that most LLM 'quirks' (failing at arithmetic, reversing words) are tokenization artifacts rather than intelligence flaws.",8015,1200000.0,"Let's build the GPT Tokenizer Byte-Level Systems & Algorithmic Engineering Unicode UTF-8 byte arrays, Byte-Pair Encoding (BPE) merge dictionaries, vocabulary tree diagrams. Implementing the exact GPT-4 tiktoken BPE algorithm in pure Python. Stenography: creating custom short-hand abbreviations for frequently repeated syllable pairs. Fixing tokenization bugs, multilingual LLM efficiency, code indentation handling. Demonstrate that most LLM 'quirks' (failing at arithmetic, reversing words) are tokenization artifacts rather than intelligence flaws.",1,1,1,1,0,1,551,68,13.997832948091215,6
VID-241,LLM Architecture & Open Source Implementations,Jia-Bin Huang,How Rotary Position Embedding Supercharges Modern LLMs [RoPE],http://www.youtube.com/watch?v=SMBkImDWOyQ,13:39,35K+,Geometric Mathematics & Vector Rotation,"2D complex plane rotation animations, dot product inner product preservation formulas, relative distance matrices.",Encoding token position by rotating 2D query and key subvectors by an angle proportional to index.,Clock hands rotating: relative time between two events is simply the difference in angle between the hands.,"Llama 3, Mistral, and DeepSeek context window scaling up to 128k+ tokens.","Professor-level mathematical clarity, clean geometric animations, concise delivery.",The 'clock hands' analogy visually explains how inner products depend purely on relative angle $(m - n)	heta$.,819,35000.0,"How Rotary Position Embedding Supercharges Modern LLMs [RoPE] Geometric Mathematics & Vector Rotation 2D complex plane rotation animations, dot product inner product preservation formulas, relative distance matrices. Encoding token position by rotating 2D query and key subvectors by an angle proportional to index. Clock hands rotating: relative time between two events is simply the difference in angle between the hands. Llama 3, Mistral, and DeepSeek context window scaling up to 128k+ tokens. The 'clock hands' analogy visually explains how inner products depend purely on relative angle $(m - n)	heta$.",1,1,1,1,1,0,608,90,10.463131911491969,7
VID-242,LLM Architecture & Open Source Implementations,Efficient NLP,Rotary Positional Embeddings: Combining Absolute and Relative,http://www.youtube.com/watch?v=o29P0Kpobz0,11:17,83K+,Mathematical Paper Review & Derivation,"Paper equations step-by-step, block-diagonal rotation matrix structure, context extrapolation curves.",Extrapolating model attention beyond training sequence lengths using RoPE frequency scaling.,A musical melody: you can transpose an entire song up two octaves without altering the musical intervals between notes.,"Long-context LLMs, code generation across large software repositories.","Clear instructional audio, high-density diagrams, structured engineering benchmarks.",Explain why RoPE preserves linear attention benefits while decaying attention weight as relative distance increases.,677,83000.0,"Rotary Positional Embeddings: Combining Absolute and Relative Mathematical Paper Review & Derivation Paper equations step-by-step, block-diagonal rotation matrix structure, context extrapolation curves. Extrapolating model attention beyond training sequence lengths using RoPE frequency scaling. A musical melody: you can transpose an entire song up two octaves without altering the musical intervals between notes. Long-context LLMs, code generation across large software repositories. Explain why RoPE preserves linear attention benefits while decaying attention weight as relative distance increases.",1,1,1,1,1,1,603,75,11.326607934898927,6
VID-243,LLM Architecture & Open Source Implementations,Micro Learning,SGLang Explained: The Fastest Open-Source Framework for LLM Inference,http://www.youtube.com/watch?v=XZZsebUKZ7g,6:58,73,Framework Architecture & RadixAttention,Radix tree data structure diagrams showing KV cache reuse across shared system prompts and multi-turn chats.,Serving complex agent workflows with 5x throughput improvements over naive serving frameworks.,A shared web browser cache: loading common CSS and image assets once for all tabs instead of redownloading.,"High-throughput enterprise agentic workflows, production LLM clusters.","Clean modern slide aesthetics, concise runtime, direct architectural comparisons.",Diagram the Radix tree to show how common prompt prefixes share cached GPU memory across disparate requests.,418,73.0,"SGLang Explained: The Fastest Open-Source Framework for LLM Inference Framework Architecture & RadixAttention Radix tree data structure diagrams showing KV cache reuse across shared system prompts and multi-turn chats. Serving complex agent workflows with 5x throughput improvements over naive serving frameworks. A shared web browser cache: loading common CSS and image assets once for all tabs instead of redownloading. High-throughput enterprise agentic workflows, production LLM clusters. Diagram the Radix tree to show how common prompt prefixes share cached GPU memory across disparate requests.",1,1,1,1,0,0,601,83,4.30406509320417,1
VID-244,LLM Architecture & Open Source Implementations,Together AI,Together Mixture-Of-Agents explained in 3 minutes,http://www.youtube.com/watch?v=TvGjgdNC0P8,3:07,2.6K+,Compound AI System Overview,Multi-layer agent pipeline graphics: Layer 1 prompters feeding into Layer 2 aggregators.,"Combining open-source models (Llama, Mixtral, Qwen) to outperform GPT-4 on AlpacaEval 2.0.","A panel of expert advisors debating an issue, with a committee chair synthesizing the best insights into a final memo.","Enterprise ensemble generation, reducing individual model bias.","Fast-paced corporate tech presentation, clean graphics, under 4 minutes.",Highlight the compounding intelligence effect: models synthesize better answers when exposed to peer outputs.,187,2600.0,"Together Mixture-Of-Agents explained in 3 minutes Compound AI System Overview Multi-layer agent pipeline graphics: Layer 1 prompters feeding into Layer 2 aggregators. Combining open-source models (Llama, Mixtral, Qwen) to outperform GPT-4 on AlpacaEval 2.0. A panel of expert advisors debating an issue, with a committee chair synthesizing the best insights into a final memo. Enterprise ensemble generation, reducing individual model bias. Highlight the compounding intelligence effect: models synthesize better answers when exposed to peer outputs.",1,1,1,1,0,0,550,75,7.8636512654486515,2
VID-245,Machine Learning (ML),StatQuest with Josh Starmer,"StatQuest: Principal Component Analysis (PCA), Step-by-Step",http://www.youtube.com/watch?v=FgakZw6K1QQ,21:58,3.7M+,First-Principles Geometric & Statistical Walkthrough,"2D and 3D scatter plots rotating, projecting data points onto candidate axes, maximizing variance.",Reducing 4 gene expression measurements down to 2 principal components to classify mouse phenotypes.,Shining a spotlight on a complex 3D object to find the 2D shadow angle that captures the most shape detail.,"High-dimensional genomics, image compression, feature engineering.","Josh Starmer's signature cheerful delivery, acoustic guitar jingles, crystal-clear visual step progression.",Show the line rotating around the center of mass to prove that maximizing projected variance is mathematically identical to minimizing projection distance.,1318,3700000.0,"StatQuest: Principal Component Analysis (PCA), Step-by-Step First-Principles Geometric & Statistical Walkthrough 2D and 3D scatter plots rotating, projecting data points onto candidate axes, maximizing variance. Reducing 4 gene expression measurements down to 2 principal components to classify mouse phenotypes. Shining a spotlight on a complex 3D object to find the 2D shadow angle that captures the most shape detail. High-dimensional genomics, image compression, feature engineering. Show the line rotating around the center of mass to prove that maximizing projected variance is mathematically identical to minimizing projection distance.",1,1,1,1,0,0,643,87,15.123843647884687,7
VID-246,Machine Learning (ML),StatQuest with Josh Starmer,StatQuest: PCA main ideas in only 5 minutes!!!,http://www.youtube.com/watch?v=HMOI_lkzW08,6:05,1.6M+,Ultra-Fast Concept Distillation,"Minimalist 2D coordinate graphs with color-coded samples, animated scree plot bars.",Combining gene 1 and gene 2 into PC1 and PC2 with percentage variance explained.,Squashing a 3D soda can into a flat 2D disc while keeping the brand logo readable.,"Data visualization, dimensionality reduction before clustering.","High tempo, zero intimidation, energetic teaching.",Give viewers the conceptual intuition and purpose of PCA in 5 minutes before expecting them to understand eigenvectors.,365,1600000.0,"StatQuest: PCA main ideas in only 5 minutes!!! Ultra-Fast Concept Distillation Minimalist 2D coordinate graphs with color-coded samples, animated scree plot bars. Combining gene 1 and gene 2 into PC1 and PC2 with percentage variance explained. Squashing a 3D soda can into a flat 2D disc while keeping the brand logo readable. Data visualization, dimensionality reduction before clustering. Give viewers the conceptual intuition and purpose of PCA in 5 minutes before expecting them to understand eigenvectors.",1,1,1,1,0,0,510,76,14.285514812209817,7
VID-247,Machine Learning (ML),StatQuest with Josh Starmer,XGBoost Part 1 (of 4): Regression,http://www.youtube.com/watch?v=OtD8wVaFm6E,25:46:00,907K+,Mathematical Derivation & Tree Splitting,"Similarity Score formulas substitution, Gain calculations, tree pruning based on gamma threshold.",Predicting drug dosage efficacy from patient age and weight using gradient boosted residual trees.,"A team of golfers: the first player hits a long drive, and each subsequent player hits from where the ball landed to correct the error.","Kaggle competitive machine learning, financial credit scoring, insurance risk modeling.","Calm, deeply systematic pedagogical breakdown, clear handwritten formulas.",Walk through the exact Similarity Score formula with numbers to eliminate the mystery of tree pruning.,92760,907000.0,"XGBoost Part 1 (of 4): Regression Mathematical Derivation & Tree Splitting Similarity Score formulas substitution, Gain calculations, tree pruning based on gamma threshold. Predicting drug dosage efficacy from patient age and weight using gradient boosted residual trees. A team of golfers: the first player hits a long drive, and each subsequent player hits from where the ball landed to correct the error. Kaggle competitive machine learning, financial credit scoring, insurance risk modeling. Walk through the exact Similarity Score formula with numbers to eliminate the mystery of tree pruning.",1,1,1,1,1,0,598,88,13.717898831632498,8
VID-248,Machine Learning (ML),StatQuest with Josh Starmer,Gradient Boost Part 1 (of 4): Regression Main Ideas,http://www.youtube.com/watch?v=3CC4N4z3GJc,15:52,1.0M+,Foundational Algorithm Walkthrough,"Base prediction lines (average), residual calculations, successive small trees fitting negative gradients.",Predicting person height based on age and gender using learning rate scaled residual additions.,"Sculpting clay: taking a rough block, carving off the big mistakes, then gently sanding down the fine imperfections.","Search engine ranking algorithms, algorithmic trading prediction.","Warm vocal delivery, clean visual cards, structured logical steps.",Emphasize why learning rate $\eta$ scales each tree: small steps prevent the algorithm from instantly overfitting to individual outlier points.,952,1000000.0,"Gradient Boost Part 1 (of 4): Regression Main Ideas Foundational Algorithm Walkthrough Base prediction lines (average), residual calculations, successive small trees fitting negative gradients. Predicting person height based on age and gender using learning rate scaled residual additions. Sculpting clay: taking a rough block, carving off the big mistakes, then gently sanding down the fine imperfections. Search engine ranking algorithms, algorithmic trading prediction. Emphasize why learning rate $\eta$ scales each tree: small steps prevent the algorithm from instantly overfitting to individual outlier points.",1,1,1,1,0,0,616,83,13.815511557963774,8
VID-249,Machine Learning (ML),Econoscent,Visual Guide to Gradient Boosted Trees (xgboost),http://www.youtube.com/watch?v=TyvYZ26alZs,4:06,349K+,Concise Motion Graphic Animation,"Vibrant 2D animated graphs showing residual errors shrinking across iterations, decision boundary convergence.",Predicting house prices across fluctuating neighborhood markets.,Correcting a student's essay: each editor only fixes the spelling mistakes left by the previous editor.,Tabular data modeling across commercial banking and retail.,"Crisp modern motion design, upbeat music, concise 4-minute delivery.",Animate the residual error bars shrinking on screen to make gradient boosting visually tangible.,246,349000.0,"Visual Guide to Gradient Boosted Trees (xgboost) Concise Motion Graphic Animation Vibrant 2D animated graphs showing residual errors shrinking across iterations, decision boundary convergence. Predicting house prices across fluctuating neighborhood markets. Correcting a student's essay: each editor only fixes the spelling mistakes left by the previous editor. Tabular data modeling across commercial banking and retail. Animate the residual error bars shrinking on screen to make gradient boosting visually tangible.",1,1,1,1,0,0,518,69,12.762830066509972,8
VID-250,Machine Learning (ML),StatQuest with Josh Starmer,Support Vector Machines Part 1 (of 3): Main Ideas!!!,http://www.youtube.com/watch?v=efR1C6CvhmE,20:32,1.7M+,Geometric Margin Optimization,"2D decision boundary margins expanding, Support Vectors highlighted with dotted lines, soft margin slack variables.",Separating benign vs malignant tumors based on cell radius and texture.,Building a wide highway between two rival towns so neither town encroaches on the road.,"Medical diagnosis classification, facial recognition, handwriting analysis.","Trademark StatQuest songs and jokes, pristine whiteboard graphics, thorough explanations.",The 'widest possible highway' analogy perfectly defines Maximal Margin Classifiers without starting with lagrangian multipliers.,1232,1700000.0,"Support Vector Machines Part 1 (of 3): Main Ideas!!! Geometric Margin Optimization 2D decision boundary margins expanding, Support Vectors highlighted with dotted lines, soft margin slack variables. Separating benign vs malignant tumors based on cell radius and texture. Building a wide highway between two rival towns so neither town encroaches on the road. Medical diagnosis classification, facial recognition, handwriting analysis. The 'widest possible highway' analogy perfectly defines Maximal Margin Classifiers without starting with lagrangian multipliers.",1,1,1,1,1,0,563,75,14.346139397261563,8
VID-251,Machine Learning (ML),Normalized Nerd,Random Forest Algorithm Clearly Explained!,http://www.youtube.com/watch?v=v6VJ2RO66Ag,8:01,907K+,Visual Systems Explanation,"Bagging process animation, majority voting bar charts, feature importance rankings.","Classifying loan approvals based on credit score, salary, and employment history.",The Wisdom of the Crowd: estimating the weight of an ox by averaging thousands of carnival guesses.,"Banking fraud detection, manufacturing predictive maintenance.","Smooth motion graphics, clear articulate Indian English voiceover, well-paced structure.",Use the Wisdom of the Crowd analogy to demonstrate why ensembling diverse weak learners creates a robust model.,481,907000.0,"Random Forest Algorithm Clearly Explained! Visual Systems Explanation Bagging process animation, majority voting bar charts, feature importance rankings. Classifying loan approvals based on credit score, salary, and employment history. The Wisdom of the Crowd: estimating the weight of an ox by averaging thousands of carnival guesses. Banking fraud detection, manufacturing predictive maintenance. Use the Wisdom of the Crowd analogy to demonstrate why ensembling diverse weak learners creates a robust model.",1,1,1,1,0,0,510,70,13.717898831632498,8
VID-252,Machine Learning (ML),StatQuest with Josh Starmer,"Linear Regression, Clearly Explained!!!",http://www.youtube.com/watch?v=7ArmBVF2dCs,27:27:00,710K+,Fundamental Mathematical & Statistical Walkthrough,"Scatter plots, rotating best-fit line candidates, sum of squared residuals minimization, R-squared calculation.",Predicting mouse weight from mouse size.,A balance beam: finding the line angle where the weights on both sides balance out.,"Real estate appraisal, financial revenue forecasting, epidemiological modeling.","Thorough, zero-jargon teaching, clear visual animations, complete derivations.",Explain R-squared by comparing the fit of the line against the fit of the horizontal mean line.,98820,710000.0,"Linear Regression, Clearly Explained!!! Fundamental Mathematical & Statistical Walkthrough Scatter plots, rotating best-fit line candidates, sum of squared residuals minimization, R-squared calculation. Predicting mouse weight from mouse size. A balance beam: finding the line angle where the weights on both sides balance out. Real estate appraisal, financial revenue forecasting, epidemiological modeling. Explain R-squared by comparing the fit of the line against the fit of the horizontal mean line.",1,1,1,1,1,0,503,68,13.47302165746721,8
VID-253,Machine Learning (ML),StatQuest with Josh Starmer,"ROC and AUC, Clearly Explained!",http://www.youtube.com/watch?v=4jRBRDbJemM,16:17,1.9M+,Evaluation Metric Deconstruction,"Sliding probability threshold bar, True Positive Rate vs False Positive Rate plot generation, Area Under the Curve shading.",Evaluating cancer diagnosis screening test cutoffs across patient populations.,Tuning a smoke detector sensitivity knob: too sensitive triggers alarms from toast; too insensitive ignores fires.,"Medical diagnostic tests, fraud detection scoring, search ranking.","Pristine pacing, detailed animated curve plotting, highly articulate.",Animate the threshold sliding across the distribution to show each point on the ROC curve being plotted sequentially.,977,1900000.0,"ROC and AUC, Clearly Explained! Evaluation Metric Deconstruction Sliding probability threshold bar, True Positive Rate vs False Positive Rate plot generation, Area Under the Curve shading. Evaluating cancer diagnosis screening test cutoffs across patient populations. Tuning a smoke detector sensitivity knob: too sensitive triggers alarms from toast; too insensitive ignores fires. Medical diagnostic tests, fraud detection scoring, search ranking. Animate the threshold sliding across the distribution to show each point on the ROC curve being plotted sequentially.",1,1,1,1,1,0,567,77,14.45736497045232,8
VID-254,Machine Learning (ML),StatQuest with Josh Starmer,Regularization Part 1: Ridge (L2) Regression,http://www.youtube.com/watch?v=Q81RR3yKn30,20:27,1.4M+,Penalty Math & Overfitting Mitigation,"Slope penalty term additions ($\lambda 	imes 	ext{slope}^2$), cross-validation lambda curve optimization.",Fitting a trendline with only two data points without creating infinite sensitivity.,Putting training wheels on a bicycle to prevent wild tipping over on small road bumps.,High-dimensional regression with multicollinear features.,"Patient, methodical mathematical breakdown, clear whiteboard visuals.",Show what happens to a standard linear model when sample size is tiny ($N=2$) to prove why shrinkage is essential.,1227,1400000.0,"Regularization Part 1: Ridge (L2) Regression Penalty Math & Overfitting Mitigation Slope penalty term additions ($\lambda 	imes 	ext{slope}^2$), cross-validation lambda curve optimization. Fitting a trendline with only two data points without creating infinite sensitivity. Putting training wheels on a bicycle to prevent wild tipping over on small road bumps. High-dimensional regression with multicollinear features. Show what happens to a standard linear model when sample size is tiny ($N=2$) to prove why shrinkage is essential.",1,1,1,1,1,0,533,74,14.151983508870948,8
VID-255,Machine Learning (ML),StatQuest with Josh Starmer,Regularization Part 2: Lasso (L1) Regression,http://www.youtube.com/watch?v=NGf0voTMlcs,8:19,722K+,Sparsity & Feature Selection Math,"Absolute value penalty terms ($|	ext{slope}|$), diamond vs circle constraint contours.",Eliminating useless features by shrinking their coefficients all the way to absolute zero.,Marie Kondo decluttering: ruthlessly throwing away useless items entirely rather than just packing them smaller.,"Automated feature selection in genomic analysis with 20,000 candidate genes.","Punchy 8-minute delivery, clear comparative diagrams against Ridge regression.",Highlight the practical difference: Ridge shrinks parameters close to zero; Lasso shrinks them to exactly zero.,499,722000.0,"Regularization Part 2: Lasso (L1) Regression Sparsity & Feature Selection Math Absolute value penalty terms ($|	ext{slope}|$), diamond vs circle constraint contours. Eliminating useless features by shrinking their coefficients all the way to absolute zero. Marie Kondo decluttering: ruthlessly throwing away useless items entirely rather than just packing them smaller. Automated feature selection in genomic analysis with 20,000 candidate genes. Highlight the practical difference: Ridge shrinks parameters close to zero; Lasso shrinks them to exactly zero.",1,1,1,1,1,0,558,76,13.489781802915555,8
VID-256,Machine Learning (ML),StatQuest with Josh Starmer,"StatQuest: t-SNE, Clearly Explained",http://www.youtube.com/watch?v=NEaUSP4YerM,11:48,572K+,Non-Linear Manifold Dimensionality Reduction,"High-dimensional Gaussian distributions mapped to low-dimensional Student-t distributions, crowding problem illustrations.",Visualizing complex single-cell RNA sequencing clusters on a 2D plot.,Untangling a compressed 3D ball of spaghetti into a 2D plate without snapping the noodles.,"Single-cell biology, neural network latent space visualization.","Exceptional visual clarity, thoughtful explanation of perplexity parameter, warm voice.",Explain why Student-t distribution heavy tails resolve the 'crowding problem' of standard Gaussians in 2D.,708,572000.0,"StatQuest: t-SNE, Clearly Explained Non-Linear Manifold Dimensionality Reduction High-dimensional Gaussian distributions mapped to low-dimensional Student-t distributions, crowding problem illustrations. Visualizing complex single-cell RNA sequencing clusters on a 2D plot. Untangling a compressed 3D ball of spaghetti into a 2D plate without snapping the noodles. Single-cell biology, neural network latent space visualization. Explain why Student-t distribution heavy tails resolve the 'crowding problem' of standard Gaussians in 2D.",1,1,1,1,0,0,535,66,13.256896018612156,7
VID-257,Machine Learning (ML),StatQuest with Josh Starmer,"Naive Bayes, Clearly Explained!!!",http://www.youtube.com/watch?v=O2L2Uv9pdDA,15:12,1.4M+,Bayesian Probability & Independence Assumptions,"Prior probability calculations, likelihood multiplication formulas, word frequency tally cards.","Spam filtering: calculating probability an email is spam given words 'Dear', 'Friend', and 'Money'.",Assuming every ingredient in a soup acts completely independently of every other spice.,"Text classification, spam detection, sentiment analysis.","Clear step-by-step arithmetic substitution, engaging delivery, no intimidating formulas.",Explain why it is called 'Naive': it assumes all features are conditionally independent even when they are obviously correlated.,912,1400000.0,"Naive Bayes, Clearly Explained!!! Bayesian Probability & Independence Assumptions Prior probability calculations, likelihood multiplication formulas, word frequency tally cards. Spam filtering: calculating probability an email is spam given words 'Dear', 'Friend', and 'Money'. Assuming every ingredient in a soup acts completely independently of every other spice. Text classification, spam detection, sentiment analysis. Explain why it is called 'Naive': it assumes all features are conditionally independent even when they are obviously correlated.",1,1,1,1,1,0,551,71,14.151983508870948,8
VID-258,Natural Language Processing (NLP),StatQuest with Josh Starmer,"Transformer Neural Networks, ChatGPT's foundation, Clearly Explained!!!",http://www.youtube.com/watch?v=zxQyTK8quyY,36:15:00,1.1M+,Complete Architectural Pedagogy,"Positional encodings, Query-Key-Value vector calculations, Softmax scaling, Multi-Head attention concatenation.",Translating the sentence 'Let's go to the bank' and disambiguating river bank vs financial bank.,Looking up a book in a library: your Query card matches against catalog Keys to retrieve page Values.,"GPT-4, Gemini, Claude, modern machine translation systems.","Unrivaled educational clarity, full mathematical walk-through without cutting corners, friendly tone.","The 'Library Card Catalog' analogy for Query, Key, and Value is the single most intuitive mental model for self-attention.",130500,1100000.0,"Transformer Neural Networks, ChatGPT's foundation, Clearly Explained!!! Complete Architectural Pedagogy Positional encodings, Query-Key-Value vector calculations, Softmax scaling, Multi-Head attention concatenation. Translating the sentence 'Let's go to the bank' and disambiguating river bank vs financial bank. Looking up a book in a library: your Query card matches against catalog Keys to retrieve page Values. GPT-4, Gemini, Claude, modern machine translation systems. The 'Library Card Catalog' analogy for Query, Key, and Value is the single most intuitive mental model for self-attention.",1,1,1,1,1,0,596,79,13.910821646859096,6
VID-259,Computer Vision & Multimodal AI,StatQuest with Josh Starmer,Neural Networks Part 8: Image Classification with Convolutional Neural Networks (CNNs),http://www.youtube.com/watch?v=HGwBXDKFk9I,15:24,434K+,Convolutional Arithmetic & Feature Maps,"Sliding kernel filter matrices multiplying pixel grids, edge detection feature maps, Max Pooling window collapses.",Detecting vertical and horizontal stripes on cartoon cat and dog images.,Looking through a tiny cardboard cutout window and scanning across a painting inch by inch to find brush strokes.,"Medical X-ray analysis, autonomous car pedestrian detection, facial verification.","Pristine visual clarity, transparent mathematical arithmetic, friendly presentation.",Show the numerical dot product calculation of a 3x3 edge-detection kernel on a pixel grid step-by-step.,924,434000.0,"Neural Networks Part 8: Image Classification with Convolutional Neural Networks (CNNs) Convolutional Arithmetic & Feature Maps Sliding kernel filter matrices multiplying pixel grids, edge detection feature maps, Max Pooling window collapses. Detecting vertical and horizontal stripes on cartoon cat and dog images. Looking through a tiny cardboard cutout window and scanning across a painting inch by inch to find brush strokes. Medical X-ray analysis, autonomous car pedestrian detection, facial verification. Show the numerical dot product calculation of a 3x3 edge-detection kernel on a pixel grid step-by-step.",1,1,1,1,0,0,614,86,12.980802117227352,3
VID-260,Natural Language Processing (NLP),StatQuest with Josh Starmer,"Recurrent Neural Networks (RNNs), Clearly Explained!!!",http://www.youtube.com/watch?v=AsNTP8Kwu80,16:37,1.0M+,Sequential State & Recurrent Loops,"Unrolled recurrence diagrams through time steps, hidden state feedback loops, backpropagation through time (BPTT).",Predicting whether the next word in 'I had a great...' is positive or negative.,Reading a sentence while remembering the main subject introduced 5 words ago.,"Stock price trend forecasting, audio waveform transcription.","High clarity, engaging cartoon animations, thorough sequential breakdown.",Unroll the RNN loop across time steps to show that an RNN is mathematically just a very deep feedforward network with shared weights.,997,1000000.0,"Recurrent Neural Networks (RNNs), Clearly Explained!!! Sequential State & Recurrent Loops Unrolled recurrence diagrams through time steps, hidden state feedback loops, backpropagation through time (BPTT). Predicting whether the next word in 'I had a great...' is positive or negative. Reading a sentence while remembering the main subject introduced 5 words ago. Stock price trend forecasting, audio waveform transcription. Unroll the RNN loop across time steps to show that an RNN is mathematically just a very deep feedforward network with shared weights.",1,1,1,1,0,0,557,81,13.815511557963774,6
VID-261,Natural Language Processing (NLP),The AI Hacker,Illustrated Guide to LSTM's and GRU's: A step by step explanation,http://www.youtube.com/watch?v=8HyCNIVRbSU,11:18,593K+,Motion Graphics & Circuit Breakdown,"Flowing data pipes, gate valves opening and closing, comparative LSTM vs GRU schematic diagrams.",Predicting weather sequences and text completions.,Plumbing valves controlling the volume of water flowing between storage tanks.,"Industrial telemetry monitoring, predictive maintenance.","Clean graphic design, soothing narration, exceptional visual analogies.",Use the water valve analogy to illustrate sigmoid gate values between 0.0 (completely closed) and 1.0 (fully open).,678,593000.0,"Illustrated Guide to LSTM's and GRU's: A step by step explanation Motion Graphics & Circuit Breakdown Flowing data pipes, gate valves opening and closing, comparative LSTM vs GRU schematic diagrams. Predicting weather sequences and text completions. Plumbing valves controlling the volume of water flowing between storage tanks. Industrial telemetry monitoring, predictive maintenance. Use the water valve analogy to illustrate sigmoid gate values between 0.0 (completely closed) and 1.0 (fully open).",1,1,1,1,0,0,501,70,13.292951364319082,1
VID-262,Machine Learning (ML),3Blue1Brown,"Backpropagation, intuitively | Deep Learning Chapter 3",http://www.youtube.com/watch?v=Ilg3gGewQ5U,12:47,6.2M+,Visual Calculus & Intuitive Optimization,"Layered node activations lighting up, backward ripple effect of cost function adjustments, gradient nudges.",Adjusting weights in a 4-layer network to distinguish handwritten digit '2' from '7'.,A boardroom of executives: each manager points fingers at their subordinates to determine who made the biggest error.,Neural network training across all modern deep learning architectures.,"Breathtaking 60 FPS Manim vector animations, contemplative cadence, sublime audio production.",Show the individual desires of each output neuron before averaging them together to build true intuition for the gradient vector.,767,6200000.0,"Backpropagation, intuitively | Deep Learning Chapter 3 Visual Calculus & Intuitive Optimization Layered node activations lighting up, backward ripple effect of cost function adjustments, gradient nudges. Adjusting weights in a 4-layer network to distinguish handwritten digit '2' from '7'. A boardroom of executives: each manager points fingers at their subordinates to determine who made the biggest error. Neural network training across all modern deep learning architectures. Show the individual desires of each output neuron before averaging them together to build true intuition for the gradient vector.",1,1,1,1,1,0,608,86,15.64006001130563,4
VID-263,Machine Learning (ML),3Blue1Brown,Backpropagation calculus | Deep Learning Chapter 4,http://www.youtube.com/watch?v=tIeHLnjs5U8,10:18,3.9M+,Rigorous Mathematical Chain Rule Derivation,"Partial derivative fractions unrolling, chain rule diagrams linking weight to activation to cost, matrix vector formulas.",Deriving $\frac{\partial C}{\partial w_{jk}^l} = a_k^{l-1} \sigma'(z_j^l) \frac{\partial C}{\partial a_j^l}$.,A chain of gears where turning the first tiny cog ripples through proportional turns across the entire clockwork mechanism.,"Deep learning automatic differentiation engines (PyTorch, JAX, TensorFlow).","World-class visual mathematics, clean notation, unmatched conceptual precision.",Color-code every term in the chain rule equation to match its visual location in the network diagram.,618,3900000.0,"Backpropagation calculus | Deep Learning Chapter 4 Rigorous Mathematical Chain Rule Derivation Partial derivative fractions unrolling, chain rule diagrams linking weight to activation to cost, matrix vector formulas. Deriving $\frac{\partial C}{\partial w_{jk}^l} = a_k^{l-1} \sigma'(z_j^l) \frac{\partial C}{\partial a_j^l}$. A chain of gears where turning the first tiny cog ripples through proportional turns across the entire clockwork mechanism. Deep learning automatic differentiation engines (PyTorch, JAX, TensorFlow). Color-code every term in the chain rule equation to match its visual location in the network diagram.",1,1,1,1,1,1,628,82,15.1764873675101,4
VID-264,Machine Learning (ML),Dan Fleisch,What's a Tensor?,http://www.youtube.com/watch?v=f5liqUk0ZTw,12:21,4.2M+,Foundational Physics & Mathematical Pedagogy,"Coordinate system transformations, rank-0 scalars (temperature), rank-1 vectors (velocity), rank-2 stress tensors in solid materials.","Calculating mechanical stress, shear forces, and transformation rules across rotating reference frames.",A scalar is a single number; a vector is an arrow; a tensor is a set of transformations that keeps physical reality consistent regardless of how you rotate your ruler.,"PyTorch multidimensional data structures, general relativity, structural engineering.","Professor Fleisch's legendary teaching presence, calm crystal-clear voice, simple high-contrast slides.",Explain transformation properties: an array of numbers is only a true tensor if its values transform correctly when the coordinate system rotates.,741,4200000.0,"What's a Tensor? Foundational Physics & Mathematical Pedagogy Coordinate system transformations, rank-0 scalars (temperature), rank-1 vectors (velocity), rank-2 stress tensors in solid materials. Calculating mechanical stress, shear forces, and transformation rules across rotating reference frames. A scalar is a single number; a vector is an arrow; a tensor is a set of transformations that keeps physical reality consistent regardless of how you rotate your ruler. PyTorch multidimensional data structures, general relativity, structural engineering. Explain transformation properties: an array of numbers is only a true tensor if its values transform correctly when the coordinate system rotates.",1,1,1,1,1,1,700,95,15.250595321348806,7
VID-265,Reinforcement Learning & AI Milestones,Google DeepMind,AlphaGo - The Movie | Full award-winning documentary,http://www.youtube.com/watch?v=WXuK6gekU1Y,1:30:28,38.3M+,Feature-Length Cinematic Science Documentary,"Behind-the-scenes engineering rooms, board heatmaps of Move 37 in Game 2 and Move 78 (God's Touch) in Game 4, Monte Carlo Tree Search rollouts.","AlphaGo defeating 18-time world champion Lee Sedol in Seoul, South Korea (4-1).","A player who played millions of games against itself developing intuition that transcends 3,000 years of recorded human history.","Breakthrough moment for deep reinforcement learning, leading to AlphaFold protein structure prediction.","Tribeca film festival award-winner; world-class cinematography, emotional orchestral score, historical significance.",Show the human emotional impact alongside the algorithm to make deep technical breakthroughs culturally unforgettable.,5428,38300000.0,"AlphaGo - The Movie | Full award-winning documentary Feature-Length Cinematic Science Documentary Behind-the-scenes engineering rooms, board heatmaps of Move 37 in Game 2 and Move 78 (God's Touch) in Game 4, Monte Carlo Tree Search rollouts. AlphaGo defeating 18-time world champion Lee Sedol in Seoul, South Korea (4-1). A player who played millions of games against itself developing intuition that transcends 3,000 years of recorded human history. Breakthrough moment for deep reinforcement learning, leading to AlphaFold protein structure prediction. Show the human emotional impact alongside the algorithm to make deep technical breakthroughs culturally unforgettable.",1,1,1,1,0,0,673,94,17.460960480260535,4
VID-266,Reinforcement Learning & AI Milestones,Two Minute Papers,OpenAI Plays Hide and Seek…and Breaks The Game! 🤖,http://www.youtube.com/watch?v=Lu56xVlZ40M,6:02,10.9M+,Enthusiastic Emergent Behavior Breakdown,"Physics-simulated 3D agents discovering tool use, locking doors with ramps, and surfing physics glitches.",Hiders discovering that moving a ramp blocks seekers; seekers discovering ramp surfing to fly over walls.,Two sibling rivals inventing increasingly crazy rules during backyard tag until they discover loopholes in the laws of physics.,"Multi-agent self-play reinforcement learning, uncovering software vulnerabilities.","Károly Zsolnai-Fehér's iconic joyful delivery ('What a time to be alive!'), dynamic video pacing.",Highlight emergent behavior: showcase unexpected strategies the AI discovered that were never explicitly programmed by engineers.,362,10900000.0,"OpenAI Plays Hide and Seek…and Breaks The Game! 🤖 Enthusiastic Emergent Behavior Breakdown Physics-simulated 3D agents discovering tool use, locking doors with ramps, and surfing physics glitches. Hiders discovering that moving a ramp blocks seekers; seekers discovering ramp surfing to fly over walls. Two sibling rivals inventing increasingly crazy rules during backyard tag until they discover loopholes in the laws of physics. Multi-agent self-play reinforcement learning, uncovering software vulnerabilities. Highlight emergent behavior: showcase unexpected strategies the AI discovered that were never explicitly programmed by engineers.",1,1,1,1,0,0,643,85,16.204273438942487,2
VID-267,Reinforcement Learning & AI Milestones,Two Minute Papers,OpenAI: The Age of AI Is Here!,http://www.youtube.com/watch?v=97kQRYwL3P0,7:30,204K+,Cutting-Edge Research Highlights,"High-density split-screen video comparisons of frontier model generations, benchmark tables.","Demonstrating multimodal visual reasoning, coding assistants, and zero-shot voice cloning.",Watching a steam locomotive outpace a horse-drawn carriage for the first time in history.,The rapid acceleration of generative AI capabilities across global industries.,"Crisp editing, infectious scientific enthusiasm, high-tempo 7-minute overview.",Maintain infectious genuine scientific wonder while delivering rapid-fire technical synthesis.,450,204000.0,"OpenAI: The Age of AI Is Here! Cutting-Edge Research Highlights High-density split-screen video comparisons of frontier model generations, benchmark tables. Demonstrating multimodal visual reasoning, coding assistants, and zero-shot voice cloning. Watching a steam locomotive outpace a horse-drawn carriage for the first time in history. The rapid acceleration of generative AI capabilities across global industries. Maintain infectious genuine scientific wonder while delivering rapid-fire technical synthesis.",1,1,1,1,0,1,511,64,12.225880174775122,5
VID-268,"AI History, Big Tech & Pioneer Dialogues",Lex Fridman,"Yann LeCun: Meta AI, Open Source, Limits of LLMs, AGI & the Future of AI | Lex Fridman Podcast #416",http://www.youtube.com/watch?v=5t1vTLU7s40,2:47:17,1.2M+,Foundational Pioneer Technical Dialogue,"Lex Fridman studio setting, cutaways to Joint Embedding Predictive Architecture (JEPA) slides and energy-based models.",Critiquing why autoregressive token prediction cannot achieve human-level common sense world understanding.,"A house cat has vastly more common-sense physical understanding of gravity, friction, and inertia than any frontier LLM.","V-JEPA, autonomous AI architecture roadmaps, open-weights AI ecosystem (Llama).","World-class long-form podcast audio, thoughtful intellectual debate, deep technical grounding.",The 'house cat vs LLM' analogy vividly articulates the fundamental limits of autoregressive token prediction.,10037,1200000.0,"Yann LeCun: Meta AI, Open Source, Limits of LLMs, AGI & the Future of AI | Lex Fridman Podcast #416 Foundational Pioneer Technical Dialogue Lex Fridman studio setting, cutaways to Joint Embedding Predictive Architecture (JEPA) slides and energy-based models. Critiquing why autoregressive token prediction cannot achieve human-level common sense world understanding. A house cat has vastly more common-sense physical understanding of gravity, friction, and inertia than any frontier LLM. V-JEPA, autonomous AI architecture roadmaps, open-weights AI ecosystem (Llama). The 'house cat vs LLM' analogy vividly articulates the fundamental limits of autoregressive token prediction.",1,1,1,1,0,0,677,93,13.997832948091215,4
VID-269,"AI History, Big Tech & Pioneer Dialogues",Lex Fridman,Ilya Sutskever: OpenAI Meta-Learning and Self-Play | MIT Artificial General Intelligence (AGI),http://www.youtube.com/watch?v=9EN_HoEk3KY,1:00:15,404K+,Visionary Theoretical Lecture & Interview,"MIT lecture hall, discussion of self-play, deep reinforcement learning, compute scaling curves.",Explaining how self-play in Dota 2 and Go allows AI to discover strategies beyond the ceiling of human demonstration data.,"An athlete playing against their own mirror clone every day, continuously exposing and correcting every flaw.","RLHF, self-play reasoning models (o1/R1), Safe Superintelligence (SSI).","Historical landmark lecture, contemplative and profound delivery, pristine academic audio.",Focus on the core philosophy of self-play: an automated mechanism that generates an infinite curriculum of learning challenges.,3615,404000.0,"Ilya Sutskever: OpenAI Meta-Learning and Self-Play | MIT Artificial General Intelligence (AGI) Visionary Theoretical Lecture & Interview MIT lecture hall, discussion of self-play, deep reinforcement learning, compute scaling curves. Explaining how self-play in Dota 2 and Go allows AI to discover strategies beyond the ceiling of human demonstration data. An athlete playing against their own mirror clone every day, continuously exposing and correcting every flaw. RLHF, self-play reasoning models (o1/R1), Safe Superintelligence (SSI). Focus on the core philosophy of self-play: an automated mechanism that generates an infinite curriculum of learning challenges.",1,1,1,1,0,0,665,91,12.90917263218775,4
VID-270,"AI History, Big Tech & Pioneer Dialogues",Lex Fridman,"Demis Hassabis: DeepMind - AI, Superintelligence & the Future of Humanity | Lex Fridman Podcast #299",http://www.youtube.com/watch?v=Gfr50f6ZBvo,2:10:39,1.6M+,Visionary Scientific Leadership Dialogue,"Studio interview, diagrams of AlphaFold protein structures, discussions of physics simulation engines.",Predicting the 3D structure of 200 million proteins to accelerate molecular biology and disease cures.,AI as the ultimate telescope: an instrument that allows human scientists to peer into the microscopic mechanics of biology.,"AlphaFold, Nobel Prize in Chemistry 2024, structural biology therapeutics.","Master-level conversational flow, exceptional studio sound, inspiring vision of AI accelerating natural sciences.","Frame AI not merely as commercial chatbots, but as a scientific instrument for accelerating discoveries in physics, chemistry, and medicine.",7839,1600000.0,"Demis Hassabis: DeepMind - AI, Superintelligence & the Future of Humanity | Lex Fridman Podcast #299 Visionary Scientific Leadership Dialogue Studio interview, diagrams of AlphaFold protein structures, discussions of physics simulation engines. Predicting the 3D structure of 200 million proteins to accelerate molecular biology and disease cures. AI as the ultimate telescope: an instrument that allows human scientists to peer into the microscopic mechanics of biology. AlphaFold, Nobel Prize in Chemistry 2024, structural biology therapeutics. Frame AI not merely as commercial chatbots, but as a scientific instrument for accelerating discoveries in physics, chemistry, and medicine.",1,1,1,1,0,0,687,95,14.285514812209817,4
VID-271,"AI History, Big Tech & Pioneer Dialogues",Lex Fridman,DeepMind solves protein folding | AlphaFold 2,http://www.youtube.com/watch?v=W7wJDJ56c88,16:42,351K+,Scientific Breakthrough Analysis,"3D protein ribbon models spinning, Evoformer attention mechanism diagrams, CASP14 competition benchmark bars.",Solving the 50-year-old biological grand challenge of predicting 3D amino acid folding from 1D sequence data.,"Folding an ultra-complex origami crane with 10,000 microscopic paper creases without seeing the target animal first.","Drug discovery, enzymatic plastic recycling, cancer research.","Thoughtful, articulate breakdown, beautiful scientific renderings, clear explanations.","Explain the biological importance: protein shape dictates biological function, so predicting structure unlocks molecular medicine.",1002,351000.0,"DeepMind solves protein folding | AlphaFold 2 Scientific Breakthrough Analysis 3D protein ribbon models spinning, Evoformer attention mechanism diagrams, CASP14 competition benchmark bars. Solving the 50-year-old biological grand challenge of predicting 3D amino acid folding from 1D sequence data. Folding an ultra-complex origami crane with 10,000 microscopic paper creases without seeing the target animal first. Drug discovery, enzymatic plastic recycling, cancer research. Explain the biological importance: protein shape dictates biological function, so predicting structure unlocks molecular medicine.",1,1,1,1,0,0,608,77,12.768544351446794,7
VID-272,"AI History, Big Tech & Pioneer Dialogues",Lex Fridman,"Sam Altman: OpenAI, GPT-5, Sora, Board Saga, Elon Musk, Ilya, Power & AGI | Lex Fridman Podcast #419",http://www.youtube.com/watch?v=jvqFAi7vkBc,1:55:10,2.4M+,Executive Strategy & Frontier AI Roadmap,"Studio interview framing, discussion of compute cluster scaling, nuclear energy requirements, and compute economics.",Scaling compute from GPT-1 to GPT-4 and planning multi-gigawatt AI data centers.,"The Industrial Revolution: transitioning from muscle power to steam power, and now from human cognitive toil to synthetic intelligence.","Global AI infrastructure investments, government AI partnerships, societal transition.","World-class podcast production, high journalistic relevance, candid discussions.","Discuss compute scaling economics: why energy, cooling, and silicon manufacturing form the physical boundaries of AI expansion.",6910,2400000.0,"Sam Altman: OpenAI, GPT-5, Sora, Board Saga, Elon Musk, Ilya, Power & AGI | Lex Fridman Podcast #419 Executive Strategy & Frontier AI Roadmap Studio interview framing, discussion of compute cluster scaling, nuclear energy requirements, and compute economics. Scaling compute from GPT-1 to GPT-4 and planning multi-gigawatt AI data centers. The Industrial Revolution: transitioning from muscle power to steam power, and now from human cognitive toil to synthetic intelligence. Global AI infrastructure investments, government AI partnerships, societal transition. Discuss compute scaling economics: why energy, cooling, and silicon manufacturing form the physical boundaries of AI expansion.",1,1,1,1,0,0,690,95,14.690979711984754,2
VID-273,Academic Lectures & Foundational Courses,Stanford,Lecture 1 | Machine Learning (Stanford),http://www.youtube.com/watch?v=UzxYlbK2c7E,1:08:40,2.6M+,Legendary University Classroom Lecture,"Andrew Ng writing on the Stanford chalkboard, classic housing price regression plots, classification boundaries.",Arthur Samuel's checkers playing program (1959); predicting house prices from square footage.,Supervised learning as giving a child flashcards with both questions and answers; unsupervised learning as giving a child a box of colored blocks to group on their own.,The foundation of modern computer science machine learning curricula worldwide.,Historical landmark lecture that trained a generation of AI researchers; clear and legendary chalkboard delivery.,Define Machine Learning using Arthur Samuel and Tom Mitchell's formal definitions before diving into algorithmic examples.,4120,2600000.0,"Lecture 1 | Machine Learning (Stanford) Legendary University Classroom Lecture Andrew Ng writing on the Stanford chalkboard, classic housing price regression plots, classification boundaries. Arthur Samuel's checkers playing program (1959); predicting house prices from square footage. Supervised learning as giving a child flashcards with both questions and answers; unsupervised learning as giving a child a box of colored blocks to group on their own. The foundation of modern computer science machine learning curricula worldwide. Define Machine Learning using Arthur Samuel and Tom Mitchell's formal definitions before diving into algorithmic examples.",1,1,1,1,0,0,657,90,14.77102238760702,4
VID-274,Academic Lectures & Foundational Courses,Stanford Online,Stanford CS224N: NLP with Deep Learning | Winter 2021 | Lecture 1 - Intro & Word Vectors,http://www.youtube.com/watch?v=rmVRLeJRkl4,1:24:27,808K+,University Masterclass & Linguistic Theory,"WordNet hierarchical synsets, discrete one-hot vectors vs continuous dense embeddings, objective loss gradients.","Evaluating semantic similarity between 'banking', 'finance', and 'debt'.",One-hot encoding is like assigning every citizen a unique zip code with no concept of geographical distance.,"Foundations of modern NLP, information retrieval, search engines.","World-renowned professor Christopher Manning's authoritative lecture, high-definition slides.",Show why discrete one-hot vectors fail: vector orthogonality means dot products between synonyms are always zero.,5067,808000.0,"Stanford CS224N: NLP with Deep Learning | Winter 2021 | Lecture 1 - Intro & Word Vectors University Masterclass & Linguistic Theory WordNet hierarchical synsets, discrete one-hot vectors vs continuous dense embeddings, objective loss gradients. Evaluating semantic similarity between 'banking', 'finance', and 'debt'. One-hot encoding is like assigning every citizen a unique zip code with no concept of geographical distance. Foundations of modern NLP, information retrieval, search engines. Show why discrete one-hot vectors fail: vector orthogonality means dot products between synonyms are always zero.",1,1,1,1,1,1,606,84,13.60231857512623,6
VID-275,Academic Lectures & Foundational Courses,Alexander Amini,MIT Introduction to Deep Learning | 6.S191,http://www.youtube.com/watch?v=II4giR4vOOo,56:16:00,310K+,Comprehensive University Survey Lecture,"High-resolution vector animation slides, forward pass matrix multiplication, loss landscape 3D surfaces.","Perceptrons, activation functions (Sigmoid, Tanh, ReLU), gradient descent learning rates.",A perceptron as a voting committee member weighting evidence before casting a binary vote.,"Computer vision, NLP, robotics, reinforcement learning introductory roadmap.","Dynamic and charismatic lecture delivery, top-tier slide design, clean audio recording.",Use animated slide transitions that build the artificial neuron step-by-step from biological dendrites to mathematical weighted sums.,202560,310000.0,"MIT Introduction to Deep Learning | 6.S191 Comprehensive University Survey Lecture High-resolution vector animation slides, forward pass matrix multiplication, loss landscape 3D surfaces. Perceptrons, activation functions (Sigmoid, Tanh, ReLU), gradient descent learning rates. A perceptron as a voting committee member weighting evidence before casting a binary vote. Computer vision, NLP, robotics, reinforcement learning introductory roadmap. Use animated slide transitions that build the artificial neuron step-by-step from biological dendrites to mathematical weighted sums.",1,1,1,1,1,0,579,72,12.644330802262578,4
VID-276,Academic Lectures & Foundational Courses,Jeremy Howard,Practical Deep Learning for Coders: Lesson 1,http://www.youtube.com/watch?v=8SF_h3xF3cE,1:22:56,596K+,Top-Down Pragmatic Engineering Masterclass,"Jupyter Notebook running code live, computer vision bird classifier training in 5 lines of Python, confusion matrices.",Distinguishing photos of birds vs non-birds with 99% accuracy using fine-tuned ResNet models.,"Learning to play baseball by playing in the field on day one, rather than spending five years studying the physics of a leather ball.",Rapid prototyping of real-world deep learning applications.,"Jeremy Howard's celebrated top-down pedagogy, infectious practical enthusiasm, crystal-clear code screencasts.","Teach top-down: give learners a working, high-performance model in the first 15 minutes before explaining the theory.",4976,596000.0,"Practical Deep Learning for Coders: Lesson 1 Top-Down Pragmatic Engineering Masterclass Jupyter Notebook running code live, computer vision bird classifier training in 5 lines of Python, confusion matrices. Distinguishing photos of birds vs non-birds with 99% accuracy using fine-tuned ResNet models. Learning to play baseball by playing in the field on day one, rather than spending five years studying the physics of a leather ball. Rapid prototyping of real-world deep learning applications. Teach top-down: give learners a working, high-performance model in the first 15 minutes before explaining the theory.",1,1,1,1,0,1,612,89,13.297997623898429,4
VID-277,Academic Lectures & Foundational Courses,Yannic Kilcher,Attention Is All You Need,http://www.youtube.com/watch?v=iDulhoQ2pro,27:07:00,804K+,Landmark Academic Paper Walkthrough,The iconic Transformer architecture diagram from Vaswani et al. annotated live with digital pen.,English-to-German machine translation benchmarks on WMT 2014 dataset.,A massive telephone switchboard where every word can call every other word simultaneously without waiting in an RNN queue.,"The founding paper of modern Generative AI, powering ChatGPT, Claude, Gemini, and Midjourney.","One of the most influential YouTube paper reviews of all time; energetic, direct, and technically thorough.",Highlight the parallelization breakthrough: transformers can process an entire book in parallel during training because they eliminate the recurrence loop.,97620,804000.0,"Attention Is All You Need Landmark Academic Paper Walkthrough The iconic Transformer architecture diagram from Vaswani et al. annotated live with digital pen. English-to-German machine translation benchmarks on WMT 2014 dataset. A massive telephone switchboard where every word can call every other word simultaneously without waiting in an RNN queue. The founding paper of modern Generative AI, powering ChatGPT, Claude, Gemini, and Midjourney. Highlight the parallelization breakthrough: transformers can process an entire book in parallel during training because they eliminate the recurrence loop.",1,1,1,1,0,0,601,83,13.597355791941425,6
VID-278,Academic Lectures & Foundational Courses,Yannic Kilcher,BERT: Pre-training of Deep Bidirectional Transformers for Language Understanding,http://www.youtube.com/watch?v=-9evrZnBorM,40:13:00,112K+,Paper Review & Masked Language Modeling,"Masked Language Modeling (MLM) 15% masking token diagrams, Next Sentence Prediction (NSP) classification head.",Fine-tuning a single pretrained BERT model across 11 diverse NLP tasks on the GLUE benchmark.,Filling in the blanks in a crossword puzzle: using both the words before and the words after the blank space.,"Google Search query understanding, document classification, legal entity extraction.","Classic Yannic Kilcher thoroughness, transparent paper highlighting, candid analysis.",Explain why standard autoregressive transformers cannot be bidirectional: conditioning on future tokens causes self-attention to trivially cheat.,144780,112000.0,"BERT: Pre-training of Deep Bidirectional Transformers for Language Understanding Paper Review & Masked Language Modeling Masked Language Modeling (MLM) 15% masking token diagrams, Next Sentence Prediction (NSP) classification head. Fine-tuning a single pretrained BERT model across 11 diverse NLP tasks on the GLUE benchmark. Filling in the blanks in a crossword puzzle: using both the words before and the words after the blank space. Google Search query understanding, document classification, legal entity extraction. Explain why standard autoregressive transformers cannot be bidirectional: conditioning on future tokens causes self-attention to trivially cheat.",1,1,1,1,0,0,666,90,11.6262630788088,6
VID-279,Academic Lectures & Foundational Courses,Yannic Kilcher,DINO: Emerging Properties in Self-Supervised Vision Transformers,http://www.youtube.com/watch?v=h3ij3F3cPIk,39:13:00,158K+,Self-Supervised Learning & Vision Paper Review,Self-attention map visualizations showing semantic segmentation masks emerging spontaneously without human labels.,"A vision transformer learning to separate dogs, boats, and plants from backgrounds with zero human supervision.",A student learning to see animal shapes in clouds without anyone pointing them out.,"Meta Foundation Vision Models, self-supervised pretraining for robotics.","Fascinating visual demos, deep research rigor, engaging commentary.","Show the raw self-attention heads: when viewers see that self-attention naturally segments objects, the power of self-supervised learning becomes unforgettable.",141180,158000.0,"DINO: Emerging Properties in Self-Supervised Vision Transformers Self-Supervised Learning & Vision Paper Review Self-attention map visualizations showing semantic segmentation masks emerging spontaneously without human labels. A vision transformer learning to separate dogs, boats, and plants from backgrounds with zero human supervision. A student learning to see animal shapes in clouds without anyone pointing them out. Meta Foundation Vision Models, self-supervised pretraining for robotics. Show the raw self-attention heads: when viewers see that self-attention naturally segments objects, the power of self-supervised learning becomes unforgettable.",1,1,1,1,0,0,656,83,11.970356641103,3
VID-280,Generative AI & Diffusion Models,Engineering Insider,Flow Matching Explained: The Fast Generative AI Behind Flux and Stable Diffusion 3,http://www.youtube.com/watch?v=B6Ku47iuAmk,7:39,1.2K+,Mathematical Vector Field & ODE Trajectories,"Straight probability flow trajectories vs curved stochastic diffusion paths, Continuous Normalizing Flows formulas.",Generating photorealistic high-resolution images in 4 to 8 sampling steps instead of 50 diffusion steps.,"Taking a straight high-speed bullet train along a direct path rather than taking a winding, bumpy mountain dirt road.","State-of-the-art text-to-image engines (Flux.1, Stable Diffusion 3, SDXL-Lightning).","Clear developer audio, sharp graphical slides, structured conceptual comparisons.",Contrast straight ODE paths (Flow Matching) with curved Brownian motion (DDPM) to illustrate why Flow Matching requires so few inference steps.,459,1200.0,"Flow Matching Explained: The Fast Generative AI Behind Flux and Stable Diffusion 3 Mathematical Vector Field & ODE Trajectories Straight probability flow trajectories vs curved stochastic diffusion paths, Continuous Normalizing Flows formulas. Generating photorealistic high-resolution images in 4 to 8 sampling steps instead of 50 diffusion steps. Taking a straight high-speed bullet train along a direct path rather than taking a winding, bumpy mountain dirt road. State-of-the-art text-to-image engines (Flux.1, Stable Diffusion 3, SDXL-Lightning). Contrast straight ODE paths (Flow Matching) with curved Brownian motion (DDPM) to illustrate why Flow Matching requires so few inference steps.",1,1,1,1,1,0,695,95,7.090909822079984,5
VID-281,Generative AI & Diffusion Models,Engineering Insider,"Latent Diffusion Models Explained: How Stable Diffusion, SDXL, SD3 & Flux Generate Images",http://www.youtube.com/watch?v=kL2kdNzc_6M,9:57,1.5K+,System Architecture & Variational Latent Space,"Variational Autoencoder (VAE) encoder/decoder diagrams, 8x spatial downsampling, cross-attention text conditioning.",Compressing a $512 \times 512 \times 3$ pixel image into a $64 \times 64 \times 4$ latent representation before running diffusion.,Sculpting an architectural model in miniature clay first before constructing the full-scale building in marble.,"All modern consumer image and video generation tools (Midjourney, Stable Diffusion, ComfyUI).","Clear presentation, high-resolution schematics, well-paced explanation.",Highlight the 64x compute reduction: diffusing in latent space rather than raw pixel space made consumer GPU generative AI possible.,597,1500.0,"Latent Diffusion Models Explained: How Stable Diffusion, SDXL, SD3 & Flux Generate Images System Architecture & Variational Latent Space Variational Autoencoder (VAE) encoder/decoder diagrams, 8x spatial downsampling, cross-attention text conditioning. Compressing a $512 \times 512 \times 3$ pixel image into a $64 \times 64 \times 4$ latent representation before running diffusion. Sculpting an architectural model in miniature clay first before constructing the full-scale building in marble. All modern consumer image and video generation tools (Midjourney, Stable Diffusion, ComfyUI). Highlight the 64x compute reduction: diffusing in latent space rather than raw pixel space made consumer GPU generative AI possible.",1,1,1,1,0,0,722,98,7.313886831633462,5
VID-282,LLM Systems & Inference Optimization,Aleksa Gordić - The AI Epiphany,Flash Attention 2.0 with Tri Dao (author)! | Discord server talks,http://www.youtube.com/watch?v=IoMSGuiwV3g,1:00:25,23K+,Author Interview & Hardware-Aware CUDA Tiling,"Whiteboard derivations of non-matmul FLOPs reduction, GPU warp thread partition layouts, forward/backward tiling charts.",Reaching up to 73% of theoretical peak FLOPs on Nvidia A100 GPUs by optimizing parallelism along the sequence length dimension.,Redesigning an assembly line so workers never have to walk across the warehouse to pick up intermediate parts.,"Enabling fast training and inference for Llama 3, Mistral, and Claude.","Primary source inventor authority, deep GPU kernel insights, unvarnished technical discussion.",Explain GPU Warp partitioning: show how splitting work across thread blocks eliminates redundant inter-warp communication.,3625,23000.0,"Flash Attention 2.0 with Tri Dao (author)! | Discord server talks Author Interview & Hardware-Aware CUDA Tiling Whiteboard derivations of non-matmul FLOPs reduction, GPU warp thread partition layouts, forward/backward tiling charts. Reaching up to 73% of theoretical peak FLOPs on Nvidia A100 GPUs by optimizing parallelism along the sequence length dimension. Redesigning an assembly line so workers never have to walk across the warehouse to pick up intermediate parts. Enabling fast training and inference for Llama 3, Mistral, and Claude. Explain GPU Warp partitioning: show how splitting work across thread blocks eliminates redundant inter-warp communication.",1,1,1,1,0,0,665,95,10.043292972227004,1
VID-283,Advanced Neural Architectures,Dhruv Darda,State Space Duality: How SSMs Connect to Attention | Mamba-2 Explained,http://www.youtube.com/watch?v=9DN-Arr2HYU,7:13,270+,Theoretical Unification Breakdown,"Semiseparable matrix multiplier transformations, duality bridges connecting linear attention with structured state space models.",Executing Mamba-2 kernels 8x faster using standard GPU Tensor Cores via matrix multiplication blocks.,Realizing that two entirely different musical instruments are playing the exact same chord progression in different keys.,Unified architecture design combining attention expressivity with SSM inference speed.,"Crisp mathematical diagrams, concise 7-minute structure, direct focus on theoretical duality.",Explain State Space Duality: proving that 1D structured SSMs and masked Linear Attention are mathematically identical under semiseparable matrix multiplication.,433,270.0,"State Space Duality: How SSMs Connect to Attention | Mamba-2 Explained Theoretical Unification Breakdown Semiseparable matrix multiplier transformations, duality bridges connecting linear attention with structured state space models. Executing Mamba-2 kernels 8x faster using standard GPU Tensor Cores via matrix multiplication blocks. Realizing that two entirely different musical instruments are playing the exact same chord progression in different keys. Unified architecture design combining attention expressivity with SSM inference speed. Explain State Space Duality: proving that 1D structured SSMs and masked Linear Attention are mathematically identical under semiseparable matrix multiplication.",1,1,1,1,1,0,705,89,5.602118820879701,1
VID-284,LLM Systems & Inference Optimization,Yannic Kilcher,Efficient Streaming Language Models with Attention Sinks (Paper Explained),http://www.youtube.com/watch?v=409tNlaByds,32:27:00,38K+,Paper Review & Softmax Mechanics,"Attention score heatmaps across millions of tokens, Softmax off-by-one denominator analysis, StreamingLLM cache diagrams.",Streaming 4 million tokens through an LLM with fixed 4GB VRAM without perplexity collapse.,An anchor on a ship: holding onto the very first initial tokens prevents the entire context boat from drifting into chaos.,"Infinite-context chatbots, continuous streaming telemetry monitoring.","Classic Yannic paper deconstruction, deep mathematical insight into Softmax denominator normalization.","Explain why the first tokens become 'Attention Sinks': because Softmax requires probabilities to sum to 1, early tokens absorb unneeded attention even if they carry zero semantic value.",116820,38000.0,"Efficient Streaming Language Models with Attention Sinks (Paper Explained) Paper Review & Softmax Mechanics Attention score heatmaps across millions of tokens, Softmax off-by-one denominator analysis, StreamingLLM cache diagrams. Streaming 4 million tokens through an LLM with fixed 4GB VRAM without perplexity collapse. An anchor on a ship: holding onto the very first initial tokens prevents the entire context boat from drifting into chaos. Infinite-context chatbots, continuous streaming telemetry monitoring. Explain why the first tokens become 'Attention Sinks': because Softmax requires probabilities to sum to 1, early tokens absorb unneeded attention even if they carry zero semantic value.",1,1,1,1,0,0,699,97,10.545367754151744,6
VID-285,LLM Systems & Inference Optimization,Jia-Bin Huang,How LLMs Get Faster Without Changing Their Outputs | Speculative Decoding,http://www.youtube.com/watch?v=l8gWQlrVOKQ,24:35:00,24K+,Algorithmic Precision & Probability Rejection Sampling,"Draft-and-verify token tree graphs, speculative acceptance probability formulas, GPU latency benchmarks.",Accelerating Llama 3 70B generation speed by 2.8x using a lightweight 8B draft model with mathematically identical output.,"An experienced court stenographer drafting common courtroom phrases in advance, with the judge signing off on every word.","Enterprise production LLM APIs, interactive code generation.","Rigorous academic delivery, clean animated slides, thorough mathematical proof.",Emphasize that Speculative Decoding is lossless: the acceptance/rejection math guarantees the output distribution is mathematically identical to the target model.,88500,24000.0,"How LLMs Get Faster Without Changing Their Outputs | Speculative Decoding Algorithmic Precision & Probability Rejection Sampling Draft-and-verify token tree graphs, speculative acceptance probability formulas, GPU latency benchmarks. Accelerating Llama 3 70B generation speed by 2.8x using a lightweight 8B draft model with mathematically identical output. An experienced court stenographer drafting common courtroom phrases in advance, with the judge signing off on every word. Enterprise production LLM APIs, interactive code generation. Emphasize that Speculative Decoding is lossless: the acceptance/rejection math guarantees the output distribution is mathematically identical to the target model.",1,1,1,1,1,1,702,91,10.085850775128716,1
VID-286,LLM Systems & Inference Optimization,Oxen,How Medusa Works,http://www.youtube.com/watch?v=Jjjn-J9SJ1s,52:16:00,3.0K+,System Architecture & Multi-Head Speculation,"Medusa multi-head architecture diagrams, tree attention masks, verification matrix operations.",Adding lightweight prediction heads directly to the base model to predict multiple tokens without needing a separate draft model.,A hydra with multiple heads scanning ahead along different possible conversational paths simultaneously.,Single-model speculative decoding deployment in resource-constrained environments.,"Comprehensive developer deep dive, live paper breakdown, clear code slides.",Show how Tree Attention allows verifying multiple speculative branches in a single forward pass without exponential compute.,188160,3000.0,"How Medusa Works System Architecture & Multi-Head Speculation Medusa multi-head architecture diagrams, tree attention masks, verification matrix operations. Adding lightweight prediction heads directly to the base model to predict multiple tokens without needing a separate draft model. A hydra with multiple heads scanning ahead along different possible conversational paths simultaneously. Single-model speculative decoding deployment in resource-constrained environments. Show how Tree Attention allows verifying multiple speculative branches in a single forward pass without exponential compute.",1,1,1,1,1,0,599,74,8.006700845440367,1
VID-287,LLM Systems & Inference Optimization,IBM Technology,What is Prompt Caching? Optimize LLM Latency with AI Transformers,http://www.youtube.com/watch?v=u57EnkQaUTY,9:06,112K+,Enterprise Systems Lightboard,"Sketches on glass showing shared prefix tokens highlighted in blue, disk-to-SRAM cache pipelines.",Re-using large 50-page legal system prompts across thousands of user queries at a 90% discount and 80% lower latency.,A restaurant printing a permanent laminated menu rather than having waiters handwrite the entire menu from memory for every single customer.,Anthropic Claude and Google Gemini prompt caching APIs.,"Luminous studio lightboard, clear articulation, practical commercial relevance.",The 'laminated menu' analogy perfectly captures why pre-computing KV caches for static prompts saves massive repetitive compute.,546,112000.0,"What is Prompt Caching? Optimize LLM Latency with AI Transformers Enterprise Systems Lightboard Sketches on glass showing shared prefix tokens highlighted in blue, disk-to-SRAM cache pipelines. Re-using large 50-page legal system prompts across thousands of user queries at a 90% discount and 80% lower latency. A restaurant printing a permanent laminated menu rather than having waiters handwrite the entire menu from memory for every single customer. Anthropic Claude and Google Gemini prompt caching APIs. The 'laminated menu' analogy perfectly captures why pre-computing KV caches for static prompts saves massive repetitive compute.",1,1,1,1,0,0,637,91,11.6262630788088,1
VID-288,LLM Systems & Inference Optimization,Nate Herk | AI Automation,Give Me 10 Mins and I'll Save You Millions of Claude Tokens,http://www.youtube.com/watch?v=6cEQEba0i2A,10:43,103K+,Applied Engineering & API Architecture,"Claude API payload JSON snippets, cache control breakpoints, cost comparison spreadsheets.",Structuring system prompts and context documents to consistently trigger Anthropic cache hits.,Bookmarking a reference encyclopedia on your desk so you can open directly to the chapter instead of leafing through from page 1.,"Production customer service chatbots, code repository Q&A tools.","High-tempo developer tutorial, actionable code patterns, clear financial impact.",Demonstrate the structural rule: static reference text MUST come before dynamic user questions in the prompt payload to trigger prefix caching.,643,103000.0,"Give Me 10 Mins and I'll Save You Millions of Claude Tokens Applied Engineering & API Architecture Claude API payload JSON snippets, cache control breakpoints, cost comparison spreadsheets. Structuring system prompts and context documents to consistently trigger Anthropic cache hits. Bookmarking a reference encyclopedia on your desk so you can open directly to the chapter instead of leafing through from page 1. Production customer service chatbots, code repository Q&A tools. Demonstrate the structural rule: static reference text MUST come before dynamic user questions in the prompt payload to trigger prefix caching.",1,1,1,1,0,1,623,91,11.542493975902508,2
VID-289,Large Language Models (LLM),IBM Technology,Llama: The Open-Weight AI Model that's Changing How We Think About AI,http://www.youtube.com/watch?v=8c2LnKNoSmg,8:46,180K+,Open Source Ecosystem & Architecture,"Llama evolution timeline (7B to 405B), Grouped Query Attention (GQA) diagrams, training data token scale charts (15T tokens).",Fine-tuning open-weight foundation models on private enterprise data inside corporate VPCs.,Linux vs proprietary operating systems: an open foundation powering the global software ecosystem.,"Private on-premise AI deployments, academic research reproducibility.","Top-tier lightboard production, polished presentation, authoritative perspective.",Contrast closed API black-boxes with open-weight transparency to explain the shift toward enterprise data ownership.,526,180000.0,"Llama: The Open-Weight AI Model that's Changing How We Think About AI Open Source Ecosystem & Architecture Llama evolution timeline (7B to 405B), Grouped Query Attention (GQA) diagrams, training data token scale charts (15T tokens). Fine-tuning open-weight foundation models on private enterprise data inside corporate VPCs. Linux vs proprietary operating systems: an open foundation powering the global software ecosystem. Private on-premise AI deployments, academic research reproducibility. Contrast closed API black-boxes with open-weight transparency to explain the shift toward enterprise data ownership.",1,1,1,1,0,0,610,81,12.100717685412471,2
VID-290,Natural Language Processing (NLP),Umar Jamil,"BERT explained: Training, Inference,  BERT vs GPT/LLamA, Fine tuning, [CLS] token",http://www.youtube.com/watch?v=90mGPxR2GgY,54:52:00,84K+,Comprehensive Code & Architectural Deep Dive,"Bidirectional self-attention matrices, [CLS] and [SEP] special token representations, PyTorch code implementation.",Classifying movie reviews into positive or negative sentiment using the pooled output of the [CLS] token.,A reader examining a sentence with both eyes open simultaneously vs reading through a narrow keyhole from left to right.,"Search query semantic matching, customer support ticket triage.","Deep theoretical rigor, line-by-line PyTorch coding, crystal-clear blackboard explanations.",Show the bidirectional attention mask (all 1s) vs the causal autoregressive mask (lower triangular) to make the structural difference between BERT and GPT obvious.,197520,84000.0,"BERT explained: Training, Inference,  BERT vs GPT/LLamA, Fine tuning, [CLS] token Comprehensive Code & Architectural Deep Dive Bidirectional self-attention matrices, [CLS] and [SEP] special token representations, PyTorch code implementation. Classifying movie reviews into positive or negative sentiment using the pooled output of the [CLS] token. A reader examining a sentence with both eyes open simultaneously vs reading through a narrow keyhole from left to right. Search query semantic matching, customer support ticket triage. Show the bidirectional attention mask (all 1s) vs the causal autoregressive mask (lower triangular) to make the structural difference between BERT and GPT obvious.",1,1,1,1,0,1,696,97,11.338583982516496,6
VID-291,Advanced Neural Architectures,Yannic Kilcher,Perceiver: General Perception with Iterative Attention (Google DeepMind Research Paper Explained),http://www.youtube.com/watch?v=P_xeshTnPZg,29:36:00,60K+,Cross-Attention & Latent Bottleneck Paper Review,"Paper schematics of huge input arrays (pixels, audio points, point clouds) compressed via cross-attention into small latent arrays.","Handling 50,000 raw audio samples without blowing up GPU memory by using a 512-latent bottleneck.",An embassy staff: receiving hundreds of thousands of citizen letters but having a small committee of 10 diplomats read and process them.,Multimodal sensor fusion in robotics and autonomous driving.,"Passionate paper analysis, thorough diagram annotations, intellectual depth.",Explain how asymmetric cross-attention decouples model depth from input sequence length.,106560,60000.0,"Perceiver: General Perception with Iterative Attention (Google DeepMind Research Paper Explained) Cross-Attention & Latent Bottleneck Paper Review Paper schematics of huge input arrays (pixels, audio points, point clouds) compressed via cross-attention into small latent arrays. Handling 50,000 raw audio samples without blowing up GPU memory by using a 512-latent bottleneck. An embassy staff: receiving hundreds of thousands of citizen letters but having a small committee of 10 diplomats read and process them. Multimodal sensor fusion in robotics and autonomous driving. Explain how asymmetric cross-attention decouples model depth from input sequence length.",1,1,1,1,0,0,663,91,11.002116507732016,6
VID-292,Reasoning Models & Test-Time Compute,Deep Learning with Yacine,MiniMax-01 Theory | 1M Context + Lightning Attention + GPU Optimization,http://www.youtube.com/watch?v=iRuvGU-Sk3c,47:01:00,9.3K+,Ultra-Long Context Architecture Deep Dive,"Lightning Attention formulas, linear attention decay factors, MoE router balance loss curves.",Processing full multi-million token codebases and long video streams in a single unified forward pass.,A speed-reader with photographic memory scanning entire libraries without losing track of chapter 1.,"Whole-codebase refactoring, financial document repository synthesis.","High technical depth, detailed paper derivations, clear audio.",Break down linear attention decay masks to show how distance dampening stabilizes 1M-token training.,169260,9300.0,"MiniMax-01 Theory | 1M Context + Lightning Attention + GPU Optimization Ultra-Long Context Architecture Deep Dive Lightning Attention formulas, linear attention decay factors, MoE router balance loss curves. Processing full multi-million token codebases and long video streams in a single unified forward pass. A speed-reader with photographic memory scanning entire libraries without losing track of chapter 1. Whole-codebase refactoring, financial document repository synthesis. Break down linear attention decay masks to show how distance dampening stabilizes 1M-token training.",1,1,1,1,0,0,581,77,9.137877200242468,1
VID-293,Agentic AI & Multi-Agent Systems,Efficient NLP,"Structured Output from LLMs: Grammars, Regex, and State Machines",http://www.youtube.com/watch?v=xpvFinvqRCA,17:20,11K+,Automata Theory & Constrained Decoding,"Deterministic Finite Automata (DFA) state diagrams, context-free grammar parse trees, logit masking arrays.",Guaranteed 100% valid JSON generation with strict Pydantic schemas by masking invalid token logits before sampling.,A stencil ruler: physically preventing a pen from drawing anywhere outside the pre-cut letters.,"Reliable enterprise API integrations, database query generation, robotic control.","Clear instructional audio, high-density diagrams, elegant theoretical foundation.",The 'stencil ruler' analogy perfectly captures Constrained Logit Masking: the model is physically incapable of emitting invalid syntax.,1040,11000.0,"Structured Output from LLMs: Grammars, Regex, and State Machines Automata Theory & Constrained Decoding Deterministic Finite Automata (DFA) state diagrams, context-free grammar parse trees, logit masking arrays. Guaranteed 100% valid JSON generation with strict Pydantic schemas by masking invalid token logits before sampling. A stencil ruler: physically preventing a pen from drawing anywhere outside the pre-cut letters. Reliable enterprise API integrations, database query generation, robotic control. The 'stencil ruler' analogy perfectly captures Constrained Logit Masking: the model is physically incapable of emitting invalid syntax.",1,1,1,1,0,0,641,84,9.305741456739437,2
VID-294,Agentic AI & Multi-Agent Systems,Dave Ebbelaar,OpenAI Structured Output - All You Need to Know,http://www.youtube.com/watch?v=fuMKrKlaku4,24:46:00,63K+,Practical Applied Developer Workshop,"Python Pydantic models, OpenAI API strict schema responses, terminal JSON parsing outputs.","Extracting structured invoice line items, dates, and currency totals with guaranteed schema conformance.",A form with rigid physical punch-card holes where ink can only land in valid checkboxes.,"Production backend pipelines, automated bookkeeping, agentic tool workflows.","High-definition IDE screen captures, clear step-by-step developer progression, excellent audio.",Contrast prompt-based JSON requests ('Please return JSON') with schema-enforced logit masking to prove why prompt engineering cannot guarantee 100% reliability.,89160,63000.0,"OpenAI Structured Output - All You Need to Know Practical Applied Developer Workshop Python Pydantic models, OpenAI API strict schema responses, terminal JSON parsing outputs. Extracting structured invoice line items, dates, and currency totals with guaranteed schema conformance. A form with rigid physical punch-card holes where ink can only land in valid checkboxes. Production backend pipelines, automated bookkeeping, agentic tool workflows. Contrast prompt-based JSON requests ('Please return JSON') with schema-enforced logit masking to prove why prompt engineering cannot guarantee 100% reliability.",1,1,1,1,0,1,607,81,11.050905878263569,2
VID-295,Reinforcement Learning & Game Theory,Snorkel AI,"4 Ways to Align LLMs: RLHF, DPO, KTO, and ORPO",http://www.youtube.com/watch?v=lBzw9ku86dg,6:18,5.4K+,Comparative Taxonomy & Loss Formulations,Comparative pipeline diagrams: multi-model RLHF vs offline pair-wise DPO vs binary signal KTO vs single-step ORPO.,Aligning an open-source assistant on user preference data without training separate reward models.,Rating restaurants: hiring a private food critic (RLHF) vs comparing two meal photos (DPO) vs simply giving a thumbs-up/thumbs-down to single dishes (KTO).,"Open-source fine-tuning workflows (Axolotl, TRL, Unsloth).","Crisp modern animation, clear voiceover, structured comparative overview.",Use the restaurant rating analogy to clearly delineate pair-wise preference data (DPO) from unpaired binary feedback (KTO).,378,5400.0,"4 Ways to Align LLMs: RLHF, DPO, KTO, and ORPO Comparative Taxonomy & Loss Formulations Comparative pipeline diagrams: multi-model RLHF vs offline pair-wise DPO vs binary signal KTO vs single-step ORPO. Aligning an open-source assistant on user preference data without training separate reward models. Rating restaurants: hiring a private food critic (RLHF) vs comparing two meal photos (DPO) vs simply giving a thumbs-up/thumbs-down to single dishes (KTO). Open-source fine-tuning workflows (Axolotl, TRL, Unsloth). Use the restaurant rating analogy to clearly delineate pair-wise preference data (DPO) from unpaired binary feedback (KTO).",1,1,1,1,0,0,640,90,8.594339400592892,8
VID-296,Reinforcement Learning & Game Theory,Mark Hennings,RLHF Explained,http://www.youtube.com/watch?v=nSrj1J6ODoM,19:39,20K+,Mathematical Pedagogical Derivation,Three-stage pipeline animations: Pretraining -> SFT -> Reward Modeling -> PPO with KL divergence penalty.,"Preventing reward hacking where an LLM writes endlessly long, polite essays to trick a reward model.","A dog trainer: first guiding the dog by hand (SFT), then giving treats for good behavior (RL), with a leash to prevent wild running (KL penalty).","ChatGPT, InstructGPT, alignment of commercial consumer assistants.","Warm and thoughtful presentation, clear step-by-step formula explanations, clean visual cards.",The 'dog on a leash' analogy visually explains why the KL divergence penalty against the reference model is essential to prevent reward hacking.,1179,20000.0,"RLHF Explained Mathematical Pedagogical Derivation Three-stage pipeline animations: Pretraining -> SFT -> Reward Modeling -> PPO with KL divergence penalty. Preventing reward hacking where an LLM writes endlessly long, polite essays to trick a reward model. A dog trainer: first guiding the dog by hand (SFT), then giving treats for good behavior (RL), with a leash to prevent wild running (KL penalty). ChatGPT, InstructGPT, alignment of commercial consumer assistants. The 'dog on a leash' analogy visually explains why the KL divergence penalty against the reference model is essential to prevent reward hacking.",1,1,1,1,1,0,615,92,9.90353755128617,4
VID-297,LLM Architecture & Open Source Implementations,Andrej Karpathy,Building makemore Part 2: MLP,http://www.youtube.com/watch?v=TCH_1BHY58I,1:15:40,590K+,Bengio 2003 Neural Language Model Implementation,"Lookup table tensor slicing diagrams, tanh hidden layer activation squashing, negative log likelihood loss tracking in PyTorch.",Embedding character sequences into 2D latent space and training a multi-layer perceptron to generate names.,Looking up a secret phone extension directory: each character gets its own dedicated row in an embedding matrix.,"Foundational architecture for word embeddings, early neural language translation.","Legendary Karpathy pedagogy, step-by-step code execution, clear explanation of tensor shapes.","Debug tensor shapes explicitly on screen: showing $(B, T, C)$ dimension mismatches in terminal normalizes the learning struggle for viewers.",4540,590000.0,"Building makemore Part 2: MLP Bengio 2003 Neural Language Model Implementation Lookup table tensor slicing diagrams, tanh hidden layer activation squashing, negative log likelihood loss tracking in PyTorch. Embedding character sequences into 2D latent space and training a multi-layer perceptron to generate names. Looking up a secret phone extension directory: each character gets its own dedicated row in an embedding matrix. Foundational architecture for word embeddings, early neural language translation. Debug tensor shapes explicitly on screen: showing $(B, T, C)$ dimension mismatches in terminal normalizes the learning struggle for viewers.",1,1,1,1,1,1,650,90,13.28787951079572,6
VID-298,LLM Architecture & Open Source Implementations,Andrej Karpathy,"Building makemore Part 3: Activations & Gradients, BatchNorm",http://www.youtube.com/watch?v=P6sfmUTpUmc,1:55:58,549K+,Diagnostic Statistics & Internal Covariate Shift,"Histograms of tanh layer saturations (percentage of dead neurons), gradient distribution plots, Batch Normalization formulas.",Diagnosing why a poorly initialized deep network has completely flat gradients at epoch zero.,"Calibrating a microphone amplifier: if the gain is set to 100, the audio clips into white noise; if set to 0, you hear nothing.","Stable training of deep networks, Kaiming / Xavier weight initialization.","Pristine instructional depth, real-time diagnostic plotting in matplotlib, deep scientific rigor.","Plot the activation histograms live: when viewers see the tanh activations clamping at -1 and +1, the concept of vanishing gradients clicks instantly.",6958,549000.0,"Building makemore Part 3: Activations & Gradients, BatchNorm Diagnostic Statistics & Internal Covariate Shift Histograms of tanh layer saturations (percentage of dead neurons), gradient distribution plots, Batch Normalization formulas. Diagnosing why a poorly initialized deep network has completely flat gradients at epoch zero. Calibrating a microphone amplifier: if the gain is set to 100, the audio clips into white noise; if set to 0, you hear nothing. Stable training of deep networks, Kaiming / Xavier weight initialization. Plot the activation histograms live: when viewers see the tanh activations clamping at -1 and +1, the concept of vanishing gradients clicks instantly.",1,1,1,1,1,0,682,100,13.215855541983634,3
VID-299,LLM Architecture & Open Source Implementations,Andrej Karpathy,Building makemore Part 4: Becoming a Backprop Ninja,http://www.youtube.com/watch?v=q8SA3rM6ckI,1:55:24,376K+,Manual Manual Analytical Derivative Engineering,"Step-by-step manual backprop derivations for Cross-Entropy loss, BatchNorm forward/backward pass, and matrix multiplies.",Deriving the exact analytical derivative of Batch Normalization and matching PyTorch autograd outputs to 1e-7 precision.,"Disassembling an automatic Swiss watch gear by gear, cleaning every spring, and reassembling it by hand.",Writing custom Triton / CUDA backward kernels for maximum performance.,"Exceptional mathematical and coding tour de force, unrivaled pedagogical transparency.",Verify every manual analytical derivative against numerical finite differences or PyTorch autograd: numerical checks build rock-solid confidence.,6924,376000.0,"Building makemore Part 4: Becoming a Backprop Ninja Manual Manual Analytical Derivative Engineering Step-by-step manual backprop derivations for Cross-Entropy loss, BatchNorm forward/backward pass, and matrix multiplies. Deriving the exact analytical derivative of Batch Normalization and matching PyTorch autograd outputs to 1e-7 precision. Disassembling an automatic Swiss watch gear by gear, cleaning every spring, and reassembling it by hand. Writing custom Triton / CUDA backward kernels for maximum performance. Verify every manual analytical derivative against numerical finite differences or PyTorch autograd: numerical checks build rock-solid confidence.",1,1,1,1,1,1,663,85,12.837347081942964,4
VID-300,LLM Architecture & Open Source Implementations,Andrej Karpathy,Building makemore Part 5: Building a WaveNet,http://www.youtube.com/watch?v=t3YJ5hKiMQ0,56:22:00,295K+,Dilated Convolutions & Hierarchical Tree Architecture,"Hierarchical binary tree tensor folding, dilated causal convolutions, receptive field expansion diagrams.",Scaling context length from 3 characters to 8 characters using progressive consecutive token grouping.,A single-elimination tennis tournament: rounds of players pairing off until only the grand champion emerges at the final node.,"WaveNet speech synthesis, hierarchical sequential processing.","Clear architectural refactoring, elegant modular PyTorch classes (Linear, FlattenSequential, BatchNorm1d).",Refactor code into clean PyTorch nn-like containers to show viewers how industry frameworks are designed from scratch.,202920,295000.0,"Building makemore Part 5: Building a WaveNet Dilated Convolutions & Hierarchical Tree Architecture Hierarchical binary tree tensor folding, dilated causal convolutions, receptive field expansion diagrams. Scaling context length from 3 characters to 8 characters using progressive consecutive token grouping. A single-elimination tennis tournament: rounds of players pairing off until only the grand champion emerges at the final node. WaveNet speech synthesis, hierarchical sequential processing. Refactor code into clean PyTorch nn-like containers to show viewers how industry frameworks are designed from scratch.",1,1,1,1,0,1,615,81,12.59473402514672,3
VID-301,Hardware Acceleration & AI Silicon,Nadav Timor,Optimizing attention for modern hardware - Tri Dao (Princeton & Together AI),http://www.youtube.com/watch?v=cPwt1Y10gjI,35:45:00,1.3K+,Semiconductor Systems & Hardware Architecture,"Nvidia Hopper H100 Tensor Memory Accelerator (TMA) diagrams, FP8 quantization precision scales, asynchronous pipeline overlaps.",Reaching up to 1.2 PFLOPs on Hopper GPUs using FlashAttention-3 with hardware warp group specialization.,A restaurant where the runners (TMA) deliver ingredients to the cooks' cutting boards without the cooks ever having to leave the stove.,Training modern trillion-parameter models on H100 and B200 clusters.,"World-class hardware lecture by the inventor of FlashAttention, dense technical slides, high clarity.",Explain Hardware Asynchrony: show how Hopper's TMA moves data between global memory and shared memory completely asynchronously while tensor cores compute.,128700,1300.0,"Optimizing attention for modern hardware - Tri Dao (Princeton & Together AI) Semiconductor Systems & Hardware Architecture Nvidia Hopper H100 Tensor Memory Accelerator (TMA) diagrams, FP8 quantization precision scales, asynchronous pipeline overlaps. Reaching up to 1.2 PFLOPs on Hopper GPUs using FlashAttention-3 with hardware warp group specialization. A restaurant where the runners (TMA) deliver ingredients to the cooks' cutting boards without the cooks ever having to leave the stove. Training modern trillion-parameter models on H100 and B200 clusters. Explain Hardware Asynchrony: show how Hopper's TMA moves data between global memory and shared memory completely asynchronously while tensor cores compute.",1,1,1,1,0,0,716,99,7.170888478512505,1
VID-302,Mathematics for Machine Learning,3Blue1Brown,"Vectors | Chapter 1, Essence of linear algebra",http://www.youtube.com/watch?v=fNk_zzaMoSs,9:52,12.4M+,Visual Geometric Intuition,"Animated coordinate axes, arrows rooted at the origin stretching and rotating in 2D vector space.","Adding $[1, 2]^T$ and $[3, -1]^T$ via head-to-tail geometric parallelogram translation.",A set of walking directions: take 3 steps East and 2 steps North.,"Feature vectors in tabular datasets, word embedding coordinates in NLP.","Pristine Manim vector animations, calm deliberate voiceover, crystal-clear visual hierarchy.","Unify the three perspectives of vectors (physics arrow, computer science list of numbers, mathematician's abstract object) in the first 2 minutes.",592,12400000.0,"Vectors | Chapter 1, Essence of linear algebra Visual Geometric Intuition Animated coordinate axes, arrows rooted at the origin stretching and rotating in 2D vector space. Adding $[1, 2]^T$ and $[3, -1]^T$ via head-to-tail geometric parallelogram translation. A set of walking directions: take 3 steps East and 2 steps North. Feature vectors in tabular datasets, word embedding coordinates in NLP. Unify the three perspectives of vectors (physics arrow, computer science list of numbers, mathematician's abstract object) in the first 2 minutes.",1,1,1,1,1,0,544,81,16.333207111220425,7
VID-303,Mathematics for Machine Learning,3Blue1Brown,"Linear combinations, span, and basis vectors | Chapter 2, Essence of linear algebra",http://www.youtube.com/watch?v=k7RM-ot2NWY,9:59,6.1M+,Spatial & Geometric Expansion,"Basis vectors i-hat and j-hat scaling dynamically to sweep out lines, planes, and 3D volumes.",Showing how two collinear vectors collapse 2D space into a single 1D line of reachable points.,"Turning two dials on an Etch-a-Sketch to reach any point on the screen, unless the dials are mechanically locked together.","Linear independence in feature selection, preventing multicollinearity in regression.","Flawless spatial visualization, fluid 60fps animations, intuitive pacing.",Animate the 'Span' by showing all possible linear combinations filling space like liquid.,599,6100000.0,"Linear combinations, span, and basis vectors | Chapter 2, Essence of linear algebra Spatial & Geometric Expansion Basis vectors i-hat and j-hat scaling dynamically to sweep out lines, planes, and 3D volumes. Showing how two collinear vectors collapse 2D space into a single 1D line of reachable points. Turning two dials on an Etch-a-Sketch to reach any point on the screen, unless the dials are mechanically locked together. Linear independence in feature selection, preventing multicollinearity in regression. Animate the 'Span' by showing all possible linear combinations filling space like liquid.",1,1,1,1,1,0,601,90,15.623799493077952,7
VID-304,Mathematics for Machine Learning,3Blue1Brown,"Linear transformations and matrices | Chapter 3, Essence of linear algebra",http://www.youtube.com/watch?v=kYB8IZa5AuE,10:59,7.1M+,Geometric Grid Deformation,"A regular Cartesian grid morphing, rotating, and shearing while origin remains fixed and grid lines stay parallel.",Tracking where basis vectors $\hat{i}$ and $\hat{j}$ land to construct a $2 	imes 2$ matrix.,A sheet of flexible rubber with a grid drawn on it being stretched and twisted between two hands.,Matrix multiplications in neural network linear layers ($y = Wx + b$).,One of the most famous educational animations on YouTube; unmatched conceptual clarity.,Define matrix multiplication geometrically first: a matrix is simply a compact way to record where basis vectors land after transformation.,659,7100000.0,"Linear transformations and matrices | Chapter 3, Essence of linear algebra Geometric Grid Deformation A regular Cartesian grid morphing, rotating, and shearing while origin remains fixed and grid lines stay parallel. Tracking where basis vectors $\hat{i}$ and $\hat{j}$ land to construct a $2 	imes 2$ matrix. A sheet of flexible rubber with a grid drawn on it being stretched and twisted between two hands. Matrix multiplications in neural network linear layers ($y = Wx + b$). Define matrix multiplication geometrically first: a matrix is simply a compact way to record where basis vectors land after transformation.",1,1,1,1,1,0,618,96,15.775605482856603,7
VID-305,Mathematics for Machine Learning,3Blue1Brown,"Matrix multiplication as composition | Chapter 4, Essence of linear algebra",http://www.youtube.com/watch?v=XkY2XZVY558,10:03,4.6M+,Sequential Geometric Composition,"Applying a 90-degree rotation followed by a horizontal shear, showing combined grid transformation.",Multiplying rotation matrix by shear matrix and contrasting $AB$ vs $BA$ non-commutativity.,Putting on socks then shoes vs putting on shoes then socks (order matters!).,Layer-by-layer sequential transformations in deep neural networks.,"Smooth visual flow, beautiful color-coded coordinates, clear explanation of non-commutativity.",Explain matrix multiplication from right to left geometrically as applying transformations in sequential order.,603,4600000.0,"Matrix multiplication as composition | Chapter 4, Essence of linear algebra Sequential Geometric Composition Applying a 90-degree rotation followed by a horizontal shear, showing combined grid transformation. Multiplying rotation matrix by shear matrix and contrasting $AB$ vs $BA$ non-commutativity. Putting on socks then shoes vs putting on shoes then socks (order matters!). Layer-by-layer sequential transformations in deep neural networks. Explain matrix multiplication from right to left geometrically as applying transformations in sequential order.",1,1,1,1,1,0,556,73,15.341567078850604,7
VID-306,Mathematics for Machine Learning,3Blue1Brown,"The determinant | Chapter 6, Essence of linear algebra",http://www.youtube.com/watch?v=Ip3X9LOh2dk,10:03,4.9M+,Area Scaling & Orientation Inversion,A unit $1 	imes 1$ square stretching into a parallelogram; negative determinant shown as flipping orientation like turning a page.,Computing the determinant of a shear matrix (det = 1) vs a scaling matrix (det = 6).,Magnifying a piece of cloth under a lens: the determinant measures the scaling factor of area.,"Normalizing flows, probability density transformations, Jacobian determinants.",Astonishingly simple visual explanation for an often intimidating formula.,The 'area scaling factor' mental model completely demystifies why a determinant of zero means space is squished into a lower dimension.,603,4900000.0,"The determinant | Chapter 6, Essence of linear algebra Area Scaling & Orientation Inversion A unit $1 	imes 1$ square stretching into a parallelogram; negative determinant shown as flipping orientation like turning a page. Computing the determinant of a shear matrix (det = 1) vs a scaling matrix (det = 6). Magnifying a piece of cloth under a lens: the determinant measures the scaling factor of area. Normalizing flows, probability density transformations, Jacobian determinants. The 'area scaling factor' mental model completely demystifies why a determinant of zero means space is squished into a lower dimension.",1,1,1,1,1,0,617,95,15.404745967162468,7
VID-307,Mathematics for Machine Learning,3Blue1Brown,"Inverse matrices, column space and null space | Chapter 7, Essence of linear algebra",http://www.youtube.com/watch?v=uQhTuRlWMxw,12:09,3.8M+,Geometric Reversibility & Dimensional Collapse,Reversing grid transformations; squishing 2D space onto a line where information is lost and inverse does not exist.,Solving $Ax = v$ by unwinding transformation $A^{-1}$; showing Null Space as vectors squished into zero.,"Unscrambling an egg: if a transformation squishes dimensions, you cannot uniquely reconstruct the original shape.","Solving linear systems, least-squares pseudo-inverses, rank deficiency in data matrices.","Flawless geometric intuition, calm narrative delivery, clear mathematical rigor.",Show why $A^{-1}$ cannot exist when det = 0: you cannot un-squish a 1D line back into a 2D plane without inventing information.,729,3800000.0,"Inverse matrices, column space and null space | Chapter 7, Essence of linear algebra Geometric Reversibility & Dimensional Collapse Reversing grid transformations; squishing 2D space onto a line where information is lost and inverse does not exist. Solving $Ax = v$ by unwinding transformation $A^{-1}$; showing Null Space as vectors squished into zero. Unscrambling an egg: if a transformation squishes dimensions, you cannot uniquely reconstruct the original shape. Solving linear systems, least-squares pseudo-inverses, rank deficiency in data matrices. Show why $A^{-1}$ cannot exist when det = 0: you cannot un-squish a 1D line back into a 2D plane without inventing information.",1,1,1,1,1,0,684,101,15.150511887854474,7
VID-308,Mathematics for Machine Learning,3Blue1Brown,"Dot products and duality | Chapter 9, Essence of linear algebra",http://www.youtube.com/watch?v=LyGKycYT2v0,14:12,3.3M+,Projection Geometry & Linear Duality,"Projecting vectors onto a 1D diagonal number line, linking projections to $1 	imes 2$ matrix multiplication.",Computing $v \cdot w$ as the length of $w$'s shadow on $v$ multiplied by the length of $v$.,Shining a sunbeam from directly above an arrow to measure the length of its shadow cast on the ground.,"Cosine similarity in vector search, query-key attention scores in transformers.",Profound mathematical insight connecting linear transformations to dot products via duality.,"Show that the dot product is fundamentally a projection onto a 1D line, establishing the deep link between dot products and linear maps.",852,3300000.0,"Dot products and duality | Chapter 9, Essence of linear algebra Projection Geometry & Linear Duality Projecting vectors onto a 1D diagonal number line, linking projections to $1 	imes 2$ matrix multiplication. Computing $v \cdot w$ as the length of $w$'s shadow on $v$ multiplied by the length of $v$. Shining a sunbeam from directly above an arrow to measure the length of its shadow cast on the ground. Cosine similarity in vector search, query-key attention scores in transformers. Show that the dot product is fundamentally a projection onto a 1D line, establishing the deep link between dot products and linear maps.",1,1,1,1,1,0,621,102,15.009433329466964,7
VID-309,Mathematics for Machine Learning,3Blue1Brown,"Eigenvectors and eigenvalues | Chapter 14, Essence of linear algebra",http://www.youtube.com/watch?v=PFDu9oVAE-g,17:16,6.3M+,Invariant Directional Geometry,"Grid transforming while certain special vectors remain on their original span line, only stretching or shrinking.",Finding the rotation axis of a 3D transformation (eigenvector with eigenvalue 1).,"The axle of a spinning wheel: the entire wheel rotates, but points along the central axis stay in place.","Principal Component Analysis (PCA), PageRank algorithm, stability of dynamical systems.","The definitive visual explanation of eigenvectors; beautiful, precise, and immediately memorable.",Focus on the invariant direction: eigenvectors are the axes that experience no rotation during transformation.,1036,6300000.0,"Eigenvectors and eigenvalues | Chapter 14, Essence of linear algebra Invariant Directional Geometry Grid transforming while certain special vectors remain on their original span line, only stretching or shrinking. Finding the rotation axis of a 3D transformation (eigenvector with eigenvalue 1). The axle of a spinning wheel: the entire wheel rotates, but points along the central axis stay in place. Principal Component Analysis (PCA), PageRank algorithm, stability of dynamical systems. Focus on the invariant direction: eigenvectors are the axes that experience no rotation during transformation.",1,1,1,1,1,0,599,85,15.656060350091908,7
VID-310,Mathematics for Machine Learning,3Blue1Brown,"Cross products in the light of linear transformations | Chapter 11, Essence of linear algebra",http://www.youtube.com/watch?v=BaM7OCEm3G0,13:10,1.6M+,Volumetric Duality & 3D Spatial Geometry,"Parallelepiped volume animations in 3D, vector orthogonal to plane, right-hand rule dynamics.",Computing torque and rotational angular momentum vectors from 3D coordinate pairs.,Turning a screw with a wrench: applying force in a plane produces motion perpendicular to the plane.,"3D computer graphics, robotics kinematics, magnetic field physics.","Elegant 3D spatial Manim animations, clear mathematical insight.",Show how the cross product length equals the parallelogram area spanned by the two vectors.,790,1600000.0,"Cross products in the light of linear transformations | Chapter 11, Essence of linear algebra Volumetric Duality & 3D Spatial Geometry Parallelepiped volume animations in 3D, vector orthogonal to plane, right-hand rule dynamics. Computing torque and rotational angular momentum vectors from 3D coordinate pairs. Turning a screw with a wrench: applying force in a plane produces motion perpendicular to the plane. 3D computer graphics, robotics kinematics, magnetic field physics. Show how the cross product length equals the parallelogram area spanned by the two vectors.",1,1,1,1,1,0,571,84,14.285514812209817,7
VID-311,Mathematics for Machine Learning,3Blue1Brown,The essence of calculus,http://www.youtube.com/watch?v=WUvTyaaNkzM,17:05,11.6M+,Geometric Area & Accumulation Intuition,Unwrapping a circle into concentric rings that unroll into a triangle to derive area $\pi r^2$.,Finding the area of a circle by summing thin rings of area $2\pi r dr$.,Peeling an onion layer by microscopic layer to see the total mass of the onion.,"Continuous integrals in physics, cumulative distribution functions in machine learning.","Legendary introductory video; pristine animation, philosophical depth, captivating cadence.",Start with a concrete visual puzzle (why is circle area derivative of volume?) before defining integrals or derivatives.,1025,11600000.0,"The essence of calculus Geometric Area & Accumulation Intuition Unwrapping a circle into concentric rings that unroll into a triangle to derive area $\pi r^2$. Finding the area of a circle by summing thin rings of area $2\pi r dr$. Peeling an onion layer by microscopic layer to see the total mass of the onion. Continuous integrals in physics, cumulative distribution functions in machine learning. Start with a concrete visual puzzle (why is circle area derivative of volume?) before defining integrals or derivatives.",1,1,1,1,1,0,520,83,16.266515742283485,7
VID-312,Mathematics for Machine Learning,3Blue1Brown,"The paradox of the derivative | Chapter 2, Essence of calculus",http://www.youtube.com/watch?v=9vKqVkMQHKk,16:50,4.4M+,Limit Theory & Tangent Slopes,"Car speedometer moving, secant lines closing the distance $dt 	o 0$ to form instantaneous tangent slopes.",Computing instantaneous velocity of a falling pumpkin at exactly $t = 3$ seconds.,"A camera taking a single photo: a single photograph shows no movement, yet the car has an instantaneous velocity in that instant.","Gradient descent step computation, velocity sensors in autonomous navigation.",Masterclass philosophical and visual deconstruction of limits and instantaneous rate of change.,Address the paradox directly: how can there be a speed at a single frozen moment in time when speed requires time to elapse?,1010,4400000.0,"The paradox of the derivative | Chapter 2, Essence of calculus Limit Theory & Tangent Slopes Car speedometer moving, secant lines closing the distance $dt 	o 0$ to form instantaneous tangent slopes. Computing instantaneous velocity of a falling pumpkin at exactly $t = 3$ seconds. A camera taking a single photo: a single photograph shows no movement, yet the car has an instantaneous velocity in that instant. Gradient descent step computation, velocity sensors in autonomous navigation. Address the paradox directly: how can there be a speed at a single frozen moment in time when speed requires time to elapse?",1,1,1,1,1,0,613,99,15.29711532616119,4
VID-313,Mathematics for Machine Learning,3Blue1Brown,"Taylor series | Chapter 11, Essence of calculus",http://www.youtube.com/watch?v=3d6DsjIBzJ4,22:20,5.1M+,Polynomial Curve Fitting & Local Approximation,"Polynomial curves bending higher-order terms ($x^2, x^3, x^4$) to match $\cos(x)$ and $e^x$ around an expansion point.",Approximating $\cos(x) pprox 1 - rac{x^2}{2!} + rac{x^4}{4!}$ term by term.,"Sculpting a curved clay vase: first setting the height (0th derivative), then the tilt (1st), then the curve (2nd), then the flare (3rd).","Second-order optimization methods (Newton-Raphson, BFGS), scientific approximation.","Mesmerizing visual progression, pristine derivations, captivating pacing.","Build the polynomial term by term, showing how each additional derivative tightens the curve to the target function.",1340,5100000.0,"Taylor series | Chapter 11, Essence of calculus Polynomial Curve Fitting & Local Approximation Polynomial curves bending higher-order terms ($x^2, x^3, x^4$) to match $\cos(x)$ and $e^x$ around an expansion point. Approximating $\cos(x) pprox 1 - rac{x^2}{2!} + rac{x^4}{4!}$ term by term. Sculpting a curved clay vase: first setting the height (0th derivative), then the tilt (1st), then the curve (2nd), then the flare (3rd). Second-order optimization methods (Newton-Raphson, BFGS), scientific approximation. Build the polynomial term by term, showing how each additional derivative tightens the curve to the target function.",1,1,1,1,1,0,631,90,15.444751293772969,8
VID-314,Mathematics for Machine Learning,Steve Brunton,Singular Value Decomposition (SVD): Mathematical Overview,http://www.youtube.com/watch?v=nbBvuuNVfco,12:51,513K+,Matrix Factorization & Geometry,"Digital whiteboard breakdown of $X = U \Sigma V^T$, orthonormal basis vectors, singular value diagonal hierarchy.",Decomposing high-dimensional fluid velocity flow field matrices into dominant spatial modes.,Separating an orchestra's symphony into individual instrument tracks ordered by loudness.,"Data compression, latent semantic indexing, recommender systems.","Renowned engineering professor clarity, systematic blackboard annotations, crisp audio.",Emphasize that SVD is the single most important and numerically stable algorithm in computational data science.,771,513000.0,"Singular Value Decomposition (SVD): Mathematical Overview Matrix Factorization & Geometry Digital whiteboard breakdown of $X = U \Sigma V^T$, orthonormal basis vectors, singular value diagonal hierarchy. Decomposing high-dimensional fluid velocity flow field matrices into dominant spatial modes. Separating an orchestra's symphony into individual instrument tracks ordered by loudness. Data compression, latent semantic indexing, recommender systems. Emphasize that SVD is the single most important and numerically stable algorithm in computational data science.",1,1,1,1,1,0,563,71,13.148033073468746,7
VID-315,Mathematics for Machine Learning,Steve Brunton,Singular Value Decomposition (SVD): Matrix Approximation,http://www.youtube.com/watch?v=xy3QyyhiuY4,14:54,298K+,Low-Rank Approximation & Eckart-Young Theorem,"Image compression demo in Python: reconstructing image of a dog using rank 5, rank 20, and rank 100 approximations.",Compressing an image from 1MB down to 50KB while retaining recognizable structural features.,Drawing a portrait: rank 1 is a rough circle; rank 5 adds eyes and nose; rank 20 adds hair texture.,"Low-rank adaptation in LLMs (LoRA), image compression, denoising.","High-impact visual code demonstrations, clear theoretical grounding in Eckart-Young-Mirsky theorem.",Use image compression with progressive ranks: seeing an image resolve from blur to crisp detail makes low-rank matrix factorization tangible.,894,298000.0,"Singular Value Decomposition (SVD): Matrix Approximation Low-Rank Approximation & Eckart-Young Theorem Image compression demo in Python: reconstructing image of a dog using rank 5, rank 20, and rank 100 approximations. Compressing an image from 1MB down to 50KB while retaining recognizable structural features. Drawing a portrait: rank 1 is a rough circle; rank 5 adds eyes and nose; rank 20 adds hair texture. Low-rank adaptation in LLMs (LoRA), image compression, denoising. Use image compression with progressive ranks: seeing an image resolve from blur to crisp detail makes low-rank matrix factorization tangible.",1,1,1,1,1,1,619,91,12.604852121186608,3
VID-316,Mathematics for Machine Learning,Steve Brunton,Physics Informed Neural Networks (PINNs) [Physics Informed Machine Learning],http://www.youtube.com/watch?v=-zrY7P2dVC4,34:32:00,216K+,Scientific Machine Learning & PDE Constraints,Navier-Stokes differential equations embedded into neural network loss functions via automatic differentiation.,Predicting fluid flow velocities around an espresso cup using sparse sensor measurements and physical conservation laws.,An engineer checking an apprentice's work against the laws of thermodynamics: discarding any design that violates physics.,"Aerospace wing aerodynamics, climate modeling, cardiovascular blood flow modeling.","Top-tier academic pedagogy, pristine digital whiteboard derivations, inspiring scientific focus.","Explain how physics acts as a regularizer: by penalizing PDE residuals, models can generalize with 100x less training data.",124320,216000.0,"Physics Informed Neural Networks (PINNs) [Physics Informed Machine Learning] Scientific Machine Learning & PDE Constraints Navier-Stokes differential equations embedded into neural network loss functions via automatic differentiation. Predicting fluid flow velocities around an espresso cup using sparse sensor measurements and physical conservation laws. An engineer checking an apprentice's work against the laws of thermodynamics: discarding any design that violates physics. Aerospace wing aerodynamics, climate modeling, cardiovascular blood flow modeling. Explain how physics acts as a regularizer: by penalizing PDE residuals, models can generalize with 100x less training data.",1,1,1,1,0,0,685,88,12.283038316285214,4
VID-317,Mathematics for Machine Learning,Steve Brunton,Neural ODEs (NODEs) [Physics Informed Machine Learning],http://www.youtube.com/watch?v=nJphsM4obOk,24:37:00,117K+,Continuous Deep Learning & Differential Equations,"Continuous depth trajectory flow lines replacing discrete neural network layers, adjoint sensitivity derivations.",Modeling irregular time-series medical telemetry where patient visits occur at random non-uniform intervals.,Replacing a staircase (discrete layers) with a smooth wheelchair ramp (continuous ODE integration).,"Irregular financial tick data modeling, robotic dynamic trajectories.","Masterclass engineering professor pedagogy, crystal-clear blackboard derivations.",The 'staircase vs ramp' analogy makes the concept of continuous-depth neural networks immediately intuitive.,88620,117000.0,"Neural ODEs (NODEs) [Physics Informed Machine Learning] Continuous Deep Learning & Differential Equations Continuous depth trajectory flow lines replacing discrete neural network layers, adjoint sensitivity derivations. Modeling irregular time-series medical telemetry where patient visits occur at random non-uniform intervals. Replacing a staircase (discrete layers) with a smooth wheelchair ramp (continuous ODE integration). Irregular financial tick data modeling, robotic dynamic trajectories. The 'staircase vs ramp' analogy makes the concept of continuous-depth neural networks immediately intuitive.",1,1,1,1,0,0,607,74,11.669937760751914,4
VID-318,Mathematics for Machine Learning,StatQuest with Josh Starmer,"Maximum Likelihood, clearly explained!!!",http://www.youtube.com/watch?v=XepXtl9YKwc,6:12,1.7M+,Parameter Optimization & Likelihood Curves,"Normal distribution curve sliding horizontally across data points, multiplying individual probability densities.",Finding the optimal mean and variance to describe mouse weight measurements.,Adjusting a spotlight until it illuminates the greatest cluster of actors on stage.,"Fitting distributions, training logistic regression, parameter estimation in all machine learning.","High clarity, concise 6-minute delivery, trademark Josh Starmer humor and songs.","Clearly contrast 'Probability' (fixed distribution, calculating data chance) with 'Likelihood' (fixed data, searching for best distribution parameters).",372,1700000.0,"Maximum Likelihood, clearly explained!!! Parameter Optimization & Likelihood Curves Normal distribution curve sliding horizontally across data points, multiplying individual probability densities. Finding the optimal mean and variance to describe mouse weight measurements. Adjusting a spotlight until it illuminates the greatest cluster of actors on stage. Fitting distributions, training logistic regression, parameter estimation in all machine learning. Clearly contrast 'Probability' (fixed distribution, calculating data chance) with 'Likelihood' (fixed data, searching for best distribution parameters).",1,1,1,1,1,0,609,73,14.346139397261563,8
VID-319,Mathematics for Machine Learning,StatQuest with Josh Starmer,p-values: What they are and how to interpret them,http://www.youtube.com/watch?v=vemZtEM63GY,11:21,1.5M+,Statistical Hypothesis Testing & Significance,"Null hypothesis distribution curves, shaded tail probability areas, threshold $lpha = 0.05$ cutoff lines.",Testing whether a new mutant mouse diet genuinely causes weight gain or if the difference is random noise.,A suspicious coin flipper getting 10 heads in a row: calculating the odds of that happening purely by accident.,"A/B testing for product features, clinical drug trials, model validation.","Friendly, approachable, transparent, zero intimidation.",Demystify p-values by defining them in plain English: 'the probability that random chance could have generated results as extreme as what we saw'.,681,1500000.0,"p-values: What they are and how to interpret them Statistical Hypothesis Testing & Significance Null hypothesis distribution curves, shaded tail probability areas, threshold $lpha = 0.05$ cutoff lines. Testing whether a new mutant mouse diet genuinely causes weight gain or if the difference is random noise. A suspicious coin flipper getting 10 heads in a row: calculating the odds of that happening purely by accident. A/B testing for product features, clinical drug trials, model validation. Demystify p-values by defining them in plain English: 'the probability that random chance could have generated results as extreme as what we saw'.",1,1,1,1,1,0,642,98,14.220976332738882,8
VID-320,Mathematics for Machine Learning,StatQuest with Josh Starmer,"Hypothesis Testing and The Null Hypothesis, Clearly Explained!!!",http://www.youtube.com/watch?v=0oc49DyA3hU,14:41,856K+,Experimental Logic & Scientific Method,"Null hypothesis ($H_0$) vs Alternative hypothesis ($H_A$) bell curves, Type I and Type II error trade-offs.",Evaluating clinical blood pressure medication efficacy against a placebo pill.,A courtroom trial: innocent until proven guilty (assume Null Hypothesis until evidence overwhelmingly rejects it).,"Conversion rate optimization, enterprise software release guardrails.","Clear instructional graphics, step-by-step narrative logic, warm presentation.",The 'presumption of innocence' courtroom analogy makes the burden of proof in hypothesis testing intuitive.,881,856000.0,"Hypothesis Testing and The Null Hypothesis, Clearly Explained!!! Experimental Logic & Scientific Method Null hypothesis ($H_0$) vs Alternative hypothesis ($H_A$) bell curves, Type I and Type II error trade-offs. Evaluating clinical blood pressure medication efficacy against a placebo pill. A courtroom trial: innocent until proven guilty (assume Null Hypothesis until evidence overwhelmingly rejects it). Conversion rate optimization, enterprise software release guardrails. The 'presumption of innocence' courtroom analogy makes the burden of proof in hypothesis testing intuitive.",1,1,1,1,0,0,583,76,13.660026823347495,8
VID-321,Mathematics for Machine Learning,StatQuest with Josh Starmer,Entropy (for data science) Clearly Explained!!!,http://www.youtube.com/watch?v=YtebGVx-Fxw,16:35,898K+,Information Theory & Purity Metrics,"Jar of colored marbles (red vs blue), surprise formula $\log_2(1/p)$, weighted average surprise calculation.",Calculating impurity in decision tree nodes to decide the best splitting attribute.,"A weather forecast: being told it will snow in the Sahara desert carries high surprise (information), while snow in Antarctica carries zero surprise.","Decision tree splitting (C4.5 / ID3), cross-entropy loss in deep learning.","Pristine visual examples, clear arithmetic substitution, engaging vocal presence.","Define Entropy as 'expected surprise': when you quantify surprise with $\log_2(1/p)$, the math of entropy flows naturally.",995,898000.0,"Entropy (for data science) Clearly Explained!!! Information Theory & Purity Metrics Jar of colored marbles (red vs blue), surprise formula $\log_2(1/p)$, weighted average surprise calculation. Calculating impurity in decision tree nodes to decide the best splitting attribute. A weather forecast: being told it will snow in the Sahara desert carries high surprise (information), while snow in Antarctica carries zero surprise. Decision tree splitting (C4.5 / ID3), cross-entropy loss in deep learning. Define Entropy as 'expected surprise': when you quantify surprise with $\log_2(1/p)$, the math of entropy flows naturally.",1,1,1,1,1,0,624,88,13.707926460869462,8
VID-322,Mathematics for Machine Learning,StatQuest with Josh Starmer,Neural Networks Part 6: Cross Entropy,http://www.youtube.com/watch?v=6ArSys5qHAU,9:31,359K+,Loss Function Mechanics & Probabilities,"Softmax output probabilities compared to one-hot true target labels, logarithmic penalty curves.",Penalizing an image classifier that assigns 90% confidence to the wrong class.,A sports referee slapping heavy penalties on a player who arrogantly celebrates before making an illegal foul.,Loss function for training virtually all classification neural networks and language models.,"Concise 9-minute runtime, clear visual equations, cheerful instructional tone.",Graph $-\log(p)$ to show why predicting 0% probability for the true class yields an infinitely massive loss penalty.,571,359000.0,"Neural Networks Part 6: Cross Entropy Loss Function Mechanics & Probabilities Softmax output probabilities compared to one-hot true target labels, logarithmic penalty curves. Penalizing an image classifier that assigns 90% confidence to the wrong class. A sports referee slapping heavy penalties on a player who arrogantly celebrates before making an illegal foul. Loss function for training virtually all classification neural networks and language models. Graph $-\log(p)$ to show why predicting 0% probability for the true class yields an infinitely massive loss penalty.",1,1,1,1,1,0,574,82,12.791080452981856,4
VID-323,Mathematics for Machine Learning,Adian Liusie,Intuitively Understanding the Cross Entropy Loss,http://www.youtube.com/watch?v=Pwgpl9mKars,5:24,148K+,Fast Information Theory Geometric Intuition,"Clean motion graphics of probability mass distributions overlapping, bit transmission efficiency.",Sending compressed messages over a bandwidth-limited communication channel.,Coding a dictionary of words using Morse code: assigning shorter beeps to common words like 'the' saves time.,"Language model token prediction loss, compression algorithms.","Crisp modern motion design, concise 5-minute explanation, articulate delivery.",Frame Cross-Entropy as the average message length when using the wrong codebook.,324,148000.0,"Intuitively Understanding the Cross Entropy Loss Fast Information Theory Geometric Intuition Clean motion graphics of probability mass distributions overlapping, bit transmission efficiency. Sending compressed messages over a bandwidth-limited communication channel. Coding a dictionary of words using Morse code: assigning shorter beeps to common words like 'the' saves time. Language model token prediction loss, compression algorithms. Frame Cross-Entropy as the average message length when using the wrong codebook.",1,1,1,1,1,1,519,67,11.904974309480185,6
VID-324,Mathematics for Machine Learning,The Synthetic Mind,Wasserstein Distance & Optimal Transport — Fully Explained,http://www.youtube.com/watch?v=88ONbF_b3VE,22:15,19K+,Geometric Measure Theory & Optimal Transport,"Piles of earth moving across 2D terrain, Kantorovich-Rubinstein duality visualization, gradient flow paths.",Measuring distance between two non-overlapping probability distributions where KL divergence is infinite or undefined.,Earth Mover's Distance: the minimum work required to shovel a pile of dirt into an empty ditch of the same volume.,"Wasserstein GANs (WGAN), generative modeling, domain adaptation.","Exceptional mathematical clarity, rich visual illustrations, thoughtful pacing.","Show why KL divergence fails on disjoint manifolds (giving flat zero gradients), whereas Wasserstein distance provides smooth continuous gradients everywhere.",1335,19000.0,"Wasserstein Distance & Optimal Transport — Fully Explained Geometric Measure Theory & Optimal Transport Piles of earth moving across 2D terrain, Kantorovich-Rubinstein duality visualization, gradient flow paths. Measuring distance between two non-overlapping probability distributions where KL divergence is infinite or undefined. Earth Mover's Distance: the minimum work required to shovel a pile of dirt into an empty ditch of the same volume. Wasserstein GANs (WGAN), generative modeling, domain adaptation. Show why KL divergence fails on disjoint manifolds (giving flat zero gradients), whereas Wasserstein distance provides smooth continuous gradients everywhere.",1,1,1,1,1,0,669,89,9.852246888342531,5
VID-325,Mathematics for Machine Learning,Professor Dave Explains,Finding Eigenvalues and Eigenvectors,http://www.youtube.com/watch?v=TQvxWaQnrqI,17:10,1.3M+,Step-by-Step Algebraic Walkthrough,"Clean whiteboard algebra, characteristic equation $\det(A - \lambda I) = 0$, substituting eigenvalues back to find null space vectors.",Finding eigenvalues and eigenvectors for a $2 	imes 2$ and $3 	imes 3$ integer matrix.,Finding the secret code that unlocks a padlock by setting the tumblers to their resonant frequencies.,"Structural engineering vibration analysis, quantum wave mechanics.","Crystal-clear high-contrast blackboard text, authoritative and reassuring tone, zero fluff.","Break the calculation into two distinct, predictable phases: Phase 1 find roots of polynomial for $\lambda$; Phase 2 find null space vectors for $v$.",1030,1300000.0,"Finding Eigenvalues and Eigenvectors Step-by-Step Algebraic Walkthrough Clean whiteboard algebra, characteristic equation $\det(A - \lambda I) = 0$, substituting eigenvalues back to find null space vectors. Finding eigenvalues and eigenvectors for a $2 	imes 2$ and $3 	imes 3$ integer matrix. Finding the secret code that unlocks a padlock by setting the tumblers to their resonant frequencies. Structural engineering vibration analysis, quantum wave mechanics. Break the calculation into two distinct, predictable phases: Phase 1 find roots of polynomial for $\lambda$; Phase 2 find null space vectors for $v$.",1,1,1,1,1,1,612,88,14.077875591662238,7
VID-326,Mathematics for Machine Learning,Professor Dave Explains,The Vector Dot Product,http://www.youtube.com/watch?v=0iNrGpwZwog,6:59,1.2M+,Algebraic & Trigonometric Formulation,"Vector diagrams highlighting the angle $	heta$ between vectors, geometric formula $\|a\|\|b\|\cos	heta$ alongside algebraic component sum.",Calculating physical work done when pulling a sled at an angle to the ground.,Pulling a roller suitcase: only the forward component of your pulling force contributes to rolling the wheels.,"Physics work calculation, cosine similarity in search algorithms.","Fast-paced, clear voiceover, structured slides.",Equate the algebraic formula $\sum a_i b_i$ directly with the trigonometric formula $\|a\|\|b\|\cos	heta$ to prove they are identical.,419,1200000.0,"The Vector Dot Product Algebraic & Trigonometric Formulation Vector diagrams highlighting the angle $	heta$ between vectors, geometric formula $\|a\|\|b\|\cos	heta$ alongside algebraic component sum. Calculating physical work done when pulling a sled at an angle to the ground. Pulling a roller suitcase: only the forward component of your pulling force contributes to rolling the wheels. Physics work calculation, cosine similarity in search algorithms. Equate the algebraic formula $\sum a_i b_i$ directly with the trigonometric formula $\|a\|\|b\|\cos	heta$ to prove they are identical.",1,1,1,1,1,0,589,83,13.997832948091215,7
VID-327,Mathematics for Machine Learning,Physics Videos by Eugene Khutoryansky,"Tensors Explained Intuitively: Covariant, Contravariant, Rank",http://www.youtube.com/watch?v=CliW7kSxxWU,11:44,1.3M+,3D Physical Simulation & Geometric Animation,"Custom 3D animated figures in distorted coordinate systems, basis vectors stretching while coordinates scale inversely.",Representing electromagnetic field tensors and stress-energy tensors in warped space-time.,"Measuring height in feet vs inches: when the unit (ruler) gets smaller, the number gets larger (contravariance).","Einstein general relativity, continuum mechanics, tensor algebra in PyTorch.","Unique custom animation style, soothing voiceover, deep intuitive focus on transformation properties.",Use the 'measuring ruler changing size' analogy to make covariant vs contravariant components immediately obvious.,704,1300000.0,"Tensors Explained Intuitively: Covariant, Contravariant, Rank 3D Physical Simulation & Geometric Animation Custom 3D animated figures in distorted coordinate systems, basis vectors stretching while coordinates scale inversely. Representing electromagnetic field tensors and stress-energy tensors in warped space-time. Measuring height in feet vs inches: when the unit (ruler) gets smaller, the number gets larger (contravariance). Einstein general relativity, continuum mechanics, tensor algebra in PyTorch. Use the 'measuring ruler changing size' analogy to make covariant vs contravariant components immediately obvious.",1,1,1,1,1,1,622,78,14.077875591662238,7
VID-328,Mathematics for Machine Learning,Dr. Simulate,What's the difference between matrices and tensors?,http://www.youtube.com/watch?v=1GwAEnegaRs,7:11,965K+,Conceptual Engineering Breakdown,3D block diagrams contrasting 2D spreadsheet matrices with multidimensional tensor cubes and physical transformation laws.,Contrasting an image RGB tensor $(H 	imes W 	imes 3)$ with a physical stress tensor.,A table of numbers is a spreadsheet; a tensor is a geometric law of physics that refuses to change its meaning when you tilt your head.,"Computer vision color tensors, solid mechanics stress simulations.","Crisp animated visuals, direct comparisons, concise 7-minute runtime.",Clarify the difference between computer science tensors (multi-dimensional arrays) and physics/math tensors (geometric invariant transformation objects).,431,965000.0,"What's the difference between matrices and tensors? Conceptual Engineering Breakdown 3D block diagrams contrasting 2D spreadsheet matrices with multidimensional tensor cubes and physical transformation laws. Contrasting an image RGB tensor $(H 	imes W 	imes 3)$ with a physical stress tensor. A table of numbers is a spreadsheet; a tensor is a geometric law of physics that refuses to change its meaning when you tilt your head. Computer vision color tensors, solid mechanics stress simulations. Clarify the difference between computer science tensors (multi-dimensional arrays) and physics/math tensors (geometric invariant transformation objects).",1,1,1,1,1,0,649,90,13.779884416590017,7
VID-329,Mathematics for Machine Learning,StatQuest with Josh Starmer,"Bayes' Theorem, Clearly Explained!!!!",http://www.youtube.com/watch?v=9wCnvr7Xw4E,14:00,513K+,Conditional Probability & Evidence Updating,"Venn diagrams and frequency trees showing false positive rates, prior probabilities, and posterior distributions.",Calculating the true probability a patient has a rare disease given a positive medical test result.,"Updating your belief that it's raining outside after hearing water dripping, while accounting for the sprinkler system.","Medical diagnosis, spam detection, Bayesian neural networks.","Warm, cheerful, highly articulate, patient step-by-step arithmetic.","Use natural frequency counts (e.g., '10 out of 1,000 people') rather than abstract percentages ($0.01$) to make conditional probability humanly digestible.",840,513000.0,"Bayes' Theorem, Clearly Explained!!!! Conditional Probability & Evidence Updating Venn diagrams and frequency trees showing false positive rates, prior probabilities, and posterior distributions. Calculating the true probability a patient has a rare disease given a positive medical test result. Updating your belief that it's raining outside after hearing water dripping, while accounting for the sprinkler system. Medical diagnosis, spam detection, Bayesian neural networks. Use natural frequency counts (e.g., '10 out of 1,000 people') rather than abstract percentages ($0.01$) to make conditional probability humanly digestible.",1,1,1,1,1,0,632,84,13.148033073468746,8
VID-330,Mathematics for Machine Learning,StatQuest with Josh Starmer,"Gaussian Naive Bayes, Clearly Explained!!!",http://www.youtube.com/watch?v=H3EjCKtlVog,9:26,444K+,Continuous Distribution Classification,"Normal distribution bell curves fitted to continuous feature measurements, calculating likelihood heights.",Classifying whether a mystery animal is a cat or a dog based on continuous height and weight measurements.,Measuring how well a shoe fits by checking where your foot size lands on the bell curve of shoe sizes.,"Sensor reading classification, medical diagnostic automation.","Clear visual graphs, concise 9-minute explanation, friendly tone.",Show how Gaussian probability density function is used directly as the likelihood term for continuous features.,566,444000.0,"Gaussian Naive Bayes, Clearly Explained!!! Continuous Distribution Classification Normal distribution bell curves fitted to continuous feature measurements, calculating likelihood heights. Classifying whether a mystery animal is a cat or a dog based on continuous height and weight measurements. Measuring how well a shoe fits by checking where your foot size lands on the bell curve of shoe sizes. Sensor reading classification, medical diagnostic automation. Show how Gaussian probability density function is used directly as the likelihood term for continuous features.",1,1,1,1,1,0,572,80,13.003582093664075,8
VID-331,Deep Learning Fundamentals,StatQuest with Josh Starmer,"The GELU, SiLU and SwiGLU activation functions, clearly explained!!!",http://www.youtube.com/watch?v=2FaI2Fen1mQ,24:18:00,40K+,Mathematical Transition & Smooth Non-Linearities,Curve comparisons: ReLU sharp hinge vs GELU Gaussian probabilistic curvature vs SwiGLU gating multiplication.,"Tracing how GELU allows small negative gradients to pass through, preventing the 'Dying ReLU' problem in LLMs.","A water gate that doesn't slam shut with a violent click, but gently leaks a trickle of water when slightly cracked.","Llama 3, Mistral, PaLM 2, and Gemma modern transformer architectures.","Brand-new Josh Starmer presentation; detailed formula substitutions, pristine pacing.","Explain the gating mechanism of SwiGLU: one linear projection controls the value, while the other acts as an activation gate.",87480,40000.0,"The GELU, SiLU and SwiGLU activation functions, clearly explained!!! Mathematical Transition & Smooth Non-Linearities Curve comparisons: ReLU sharp hinge vs GELU Gaussian probabilistic curvature vs SwiGLU gating multiplication. Tracing how GELU allows small negative gradients to pass through, preventing the 'Dying ReLU' problem in LLMs. A water gate that doesn't slam shut with a violent click, but gently leaks a trickle of water when slightly cracked. Llama 3, Mistral, PaLM 2, and Gemma modern transformer architectures. Explain the gating mechanism of SwiGLU: one linear projection controls the value, while the other acts as an activation gate.",1,1,1,1,1,0,651,96,10.59665973278358,1
VID-332,Deep Learning Fundamentals,Tales Of Tensors,SwiGLU: Why Modern LLMs Ditch GELU/ReLU,http://www.youtube.com/watch?v=enPFr-WxHgQ,5:24,5.6K+,Concise Architectural Comparison,"Gated linear unit block diagrams, benchmark tables showing perplexity gains across LLaMA and PaLM.",Replacing standard Feed-Forward Networks with SwiGLU layers ($xW_1 \cdot 	ext{SiLU}(xW_2)$).,A dimmer switch on a lamp rather than a simple on/off click switch.,Virtually every top-tier open-weight model since LLaMA-1.,"Modern tech motion graphics, crisp narration, focused 5-minute distillation.","Show the parameter trade-off: SwiGLU uses 3 weight matrices instead of 2, so hidden dimension is adjusted to $rac{8}{3}d$ to keep FLOPs equal.",324,5600.0,"SwiGLU: Why Modern LLMs Ditch GELU/ReLU Concise Architectural Comparison Gated linear unit block diagrams, benchmark tables showing perplexity gains across LLaMA and PaLM. Replacing standard Feed-Forward Networks with SwiGLU layers ($xW_1 \cdot 	ext{SiLU}(xW_2)$). A dimmer switch on a lamp rather than a simple on/off click switch. Virtually every top-tier open-weight model since LLaMA-1. Show the parameter trade-off: SwiGLU uses 3 weight matrices instead of 2, so hidden dimension is adjusted to $rac{8}{3}d$ to keep FLOPs equal.",1,1,1,1,0,0,534,77,8.630700432209832,1
VID-333,Deep Learning Fundamentals,DeepBean,"Optimization for Deep Learning (Momentum, RMSprop, AdaGrad, Adam)",http://www.youtube.com/watch?v=NE88eqLngkg,15:52,153K+,Comparative Mathematical Optimization,"2D loss contour ravines, trajectory paths showing vanilla SGD zig-zagging vs Momentum smoothing vs Adam converging.",Navigating narrow elongated valleys in non-convex loss landscapes without oscillation.,A heavy bowling ball rolling down a bumpy hill (Momentum) vs wearing adaptive friction shoes (RMSprop).,"Training modern neural networks across computer vision, NLP, and reinforcement learning.","Calm academic delivery, clear mathematical notation, intuitive trajectory animations.",Show Adam as the marriage of two ideas: 1st moment (Momentum) + 2nd moment (RMSprop) with bias correction.,952,153000.0,"Optimization for Deep Learning (Momentum, RMSprop, AdaGrad, Adam) Comparative Mathematical Optimization 2D loss contour ravines, trajectory paths showing vanilla SGD zig-zagging vs Momentum smoothing vs Adam converging. Navigating narrow elongated valleys in non-convex loss landscapes without oscillation. A heavy bowling ball rolling down a bumpy hill (Momentum) vs wearing adaptive friction shoes (RMSprop). Training modern neural networks across computer vision, NLP, and reinforcement learning. Show Adam as the marriage of two ideas: 1st moment (Momentum) + 2nd moment (RMSprop) with bias correction.",1,1,1,1,1,0,606,82,11.938199736300923,4
VID-334,Deep Learning Fundamentals,Sourish Kundu,Who's Adam and What's He Optimizing? | Deep Dive into Optimizers for Machine Learning!,http://www.youtube.com/watch?v=MD2fYip6QsQ,23:20,131K+,Comprehensive Visual & Mathematical Walkthrough,"Animated 3D loss valleys, mathematical formulas for exponential moving averages, learning rate adaptation plots.","Training a deep convolutional network and comparing convergence speeds across SGD, RMSprop, and Adam.",A driver learning to tap the brakes gently on steep curvy roads while stepping on the gas on flat highway stretches.,"The default optimizer for pretraining Transformers, Stable Diffusion, and ResNets.","Witty engaging delivery, high visual production, thorough mathematical derivations.",Derive the bias-correction step: show why dividing by $(1 - eta^t)$ is mathematically necessary during the early training steps.,1400,131000.0,"Who's Adam and What's He Optimizing? | Deep Dive into Optimizers for Machine Learning! Comprehensive Visual & Mathematical Walkthrough Animated 3D loss valleys, mathematical formulas for exponential moving averages, learning rate adaptation plots. Training a deep convolutional network and comparing convergence speeds across SGD, RMSprop, and Adam. A driver learning to tap the brakes gently on steep curvy roads while stepping on the gas on flat highway stretches. The default optimizer for pretraining Transformers, Stable Diffusion, and ResNets. Derive the bias-correction step: show why dividing by $(1 - eta^t)$ is mathematically necessary during the early training steps.",1,1,1,1,1,0,679,97,11.78296023574194,4
VID-335,Deep Learning Fundamentals,DeepLearningAI,Adam Optimization Algorithm (C2W2L08),http://www.youtube.com/watch?v=JXQT_vxqwIs,7:08,271K+,Andrew Ng Foundational Lecture,"Andrew Ng annotating slides, writing update equations $v_{dw}$ and $s_{dw}$, explaining hyperparameter defaults ($eta_1=0.9, eta_2=0.999, \epsilon=10^{-8}$).",Optimizing weights across multi-layer deep neural networks with disparate feature scales.,Combining an inertia dampener with an automatic shock absorber.,Foundational education for hundreds of thousands of AI practitioners.,"Andrew Ng's iconic encouraging teaching style, pristine slide clarity, crystal-clear pacing.",Provide the standard default hyperparameter values immediately so engineers know what to use in practice.,428,271000.0,"Adam Optimization Algorithm (C2W2L08) Andrew Ng Foundational Lecture Andrew Ng annotating slides, writing update equations $v_{dw}$ and $s_{dw}$, explaining hyperparameter defaults ($eta_1=0.9, eta_2=0.999, \epsilon=10^{-8}$). Optimizing weights across multi-layer deep neural networks with disparate feature scales. Combining an inertia dampener with an automatic shock absorber. Foundational education for hundreds of thousands of AI practitioners. Provide the standard default hyperparameter values immediately so engineers know what to use in practice.",1,1,1,1,0,0,558,68,12.509877789891933,4
VID-336,Deep Learning Fundamentals,deeplizard,Batch Normalization (“batch norm”) explained,http://www.youtube.com/watch?v=dXB-KQYkzNU,7:32,279K+,Visual Layer-Wise Normalization Walkthrough,"Distribution histograms of layer activations shifting and scaling to zero mean and unit variance, $\gamma$ and $eta$ learnable parameters.",Training a 20-layer neural network with high learning rates without internal covariate explosion.,Standardizing raw test scores across different classrooms so everyone is graded on the same fair curve.,"Convolutional neural network training, computer vision pipelines (ResNet, EfficientNet).","Clean pastel graphics, soothing narration, focused 7-minute explanation.","Show why the learnable scale and shift parameters ($\gamma, eta$) are needed: so the network can undo the normalization if necessary.",452,279000.0,"Batch Normalization (“batch norm”) explained Visual Layer-Wise Normalization Walkthrough Distribution histograms of layer activations shifting and scaling to zero mean and unit variance, $\gamma$ and $eta$ learnable parameters. Training a 20-layer neural network with high learning rates without internal covariate explosion. Standardizing raw test scores across different classrooms so everyone is graded on the same fair curve. Convolutional neural network training, computer vision pipelines (ResNet, EfficientNet). Show why the learnable scale and shift parameters ($\gamma, eta$) are needed: so the network can undo the normalization if necessary.",1,1,1,1,0,0,654,87,12.53897064502647,3
VID-337,Deep Learning Fundamentals,DeepLearningAI,Why Does Batch Norm Work? (C2W3L06),http://www.youtube.com/watch?v=nUUqwaxLnWs,11:40,217K+,Covariate Shift & Robustness Analysis,"Andrew Ng drawing activation distributions, explaining how earlier layer weight updates affect deeper layer inputs.",A cat detector trained exclusively on black cats failing when tested on colored cats due to distribution shift.,Trying to build a brick wall while the foundation underneath keeps shifting 2 inches to the left every minute.,"Stabilizing deep neural networks, acting as a slight regularizer.","Classic Andrew Ng teaching presence, deep conceptual intuition, clear diagrams.",The 'shifting foundation' analogy makes the concept of Internal Covariate Shift immediately understandable.,700,217000.0,"Why Does Batch Norm Work? (C2W3L06) Covariate Shift & Robustness Analysis Andrew Ng drawing activation distributions, explaining how earlier layer weight updates affect deeper layer inputs. A cat detector trained exclusively on black cats failing when tested on colored cats due to distribution shift. Trying to build a brick wall while the foundation underneath keeps shifting 2 inches to the left every minute. Stabilizing deep neural networks, acting as a slight regularizer. The 'shifting foundation' analogy makes the concept of Internal Covariate Shift immediately understandable.",1,1,1,1,0,0,586,85,12.28765724080691,3
VID-338,Deep Learning Fundamentals,AssemblyAI,What is Layer Normalization? | Deep Learning Fundamentals,http://www.youtube.com/watch?v=2V3Uduw1zwQ,5:18,51K+,Comparative Motion Graphics,3D matrix tensor slices: highlighting horizontal batch-wise normalization vs vertical feature-wise layer normalization.,Normalizing variable-length sentences in recurrent neural networks and transformers where batch sizes vary.,Grading an individual student across all their own subject exams rather than comparing them against other students in the room.,"Transformers, BERT, GPT, and all modern NLP architectures.","High-end visual animation, clean voiceover, concise 5-minute explanation.",Show the tensor slicing comparison: Batch Norm slices across batch dimension (dependent on batch size); Layer Norm slices across feature dimension (independent of batch size).,318,51000.0,"What is Layer Normalization? | Deep Learning Fundamentals Comparative Motion Graphics 3D matrix tensor slices: highlighting horizontal batch-wise normalization vs vertical feature-wise layer normalization. Normalizing variable-length sentences in recurrent neural networks and transformers where batch sizes vary. Grading an individual student across all their own subject exams rather than comparing them against other students in the room. Transformers, BERT, GPT, and all modern NLP architectures. Show the tensor slicing comparison: Batch Norm slices across batch dimension (dependent on batch size); Layer Norm slices across feature dimension (independent of batch size).",1,1,1,1,1,0,676,90,10.839600519357369,3
VID-339,Deep Learning Fundamentals,DataMListic,Batch Norm vs Layer Norm - Explained,http://www.youtube.com/watch?v=o4chPk_S5C0,4:43,8.1K+,Rapid Visual Contrast,Clear 3D block animations demonstrating exactly which tensor dimensions are reduced to compute mean and variance.,Comparing vision models (using BatchNorm) with language models (using LayerNorm).,Batch Norm is comparing cars on a showroom floor; Layer Norm is checking the balance of individual parts within one single car.,Choosing between BatchNorm for CNNs vs LayerNorm/RMSNorm for Transformers.,"High visual contrast, zero fluff, concise 4.5 minutes.","Explain why BatchNorm fails for small batch sizes ($N=2$) and variable sequence lengths, making LayerNorm essential for LLMs.",283,8100.0,"Batch Norm vs Layer Norm - Explained Rapid Visual Contrast Clear 3D block animations demonstrating exactly which tensor dimensions are reduced to compute mean and variance. Comparing vision models (using BatchNorm) with language models (using LayerNorm). Batch Norm is comparing cars on a showroom floor; Layer Norm is checking the balance of individual parts within one single car. Choosing between BatchNorm for CNNs vs LayerNorm/RMSNorm for Transformers. Explain why BatchNorm fails for small batch sizes ($N=2$) and variable sequence lengths, making LayerNorm essential for LLMs.",1,1,1,1,0,0,583,85,8.999742789830492,3
VID-340,Deep Learning Fundamentals,codebasics,"Dropout Regularization | Deep Learning Tutorial 20 (Tensorflow2.0, Keras & Python)",http://www.youtube.com/watch?v=lcI8ukTUEbo,19:02,119K+,Applied Python & Intuitive Breakdown,"Neural network nodes graying out randomly during forward pass, training vs validation loss curves in matplotlib.",Fixing an overfitted sonar rock-vs-mine classifier in TensorFlow/Keras with Dropout(0.5).,A sports coach randomly benching star players during practice games so the entire team learns to collaborate instead of relying on one superstar.,Preventing co-adaptation of features in deep neural networks.,"Clear step-by-step coding in Jupyter Notebook, warm and patient teaching tone.",The 'sports coach benching star players' analogy is the definitive mental model for why dropout prevents co-adaptation.,1142,119000.0,"Dropout Regularization | Deep Learning Tutorial 20 (Tensorflow2.0, Keras & Python) Applied Python & Intuitive Breakdown Neural network nodes graying out randomly during forward pass, training vs validation loss curves in matplotlib. Fixing an overfitted sonar rock-vs-mine classifier in TensorFlow/Keras with Dropout(0.5). A sports coach randomly benching star players during practice games so the entire team learns to collaborate instead of relying on one superstar. Preventing co-adaptation of features in deep neural networks. The 'sports coach benching star players' analogy is the definitive mental model for why dropout prevents co-adaptation.",1,1,1,1,0,1,650,90,11.686887175419702,4
VID-341,Deep Learning Fundamentals,DataMListic,Dropout in Neural Networks - Explained,http://www.youtube.com/watch?v=FDF_Q3_98GQ,3:59,8.4K+,Concise Animated Architecture,"Neuron deactivations animated with probability $p$, inverted dropout scaling by $rac{1}{1-p}$.","Training vs inference behavior (active during training, disabled during inference).",Forcing workers in an office to rotate responsibilities so no single employee becomes an indispensable bottleneck.,"Computer vision models, tabular neural nets, preventing severe overfitting.","Vibrant visual graphics, clean narration, under 4 minutes.",Explicitly explain Inverted Dropout: scaling activations by $rac{1}{1-p}$ during training ensures zero code changes are needed at inference time.,239,8400.0,"Dropout in Neural Networks - Explained Concise Animated Architecture Neuron deactivations animated with probability $p$, inverted dropout scaling by $rac{1}{1-p}$. Training vs inference behavior (active during training, disabled during inference). Forcing workers in an office to rotate responsibilities so no single employee becomes an indispensable bottleneck. Computer vision models, tabular neural nets, preventing severe overfitting. Explicitly explain Inverted Dropout: scaling activations by $rac{1}{1-p}$ during training ensures zero code changes are needed at inference time.",1,1,1,1,1,1,586,76,9.036106025364846,4
VID-342,Deep Learning Fundamentals,Deepia,Contrastive Learning with SimCLR | Deep Learning Animated,http://www.youtube.com/watch?v=UqJauYELn6c,14:57,44K+,Self-Supervised Representation Learning,"Data augmentation branches (crop, color jitter, blur), InfoNCE loss formula substitution, embedding space attraction/repulsion arrows.",Training an image feature extractor on millions of unlabeled photos by matching two augmented views of the same image.,"Recognizing a friend in a photo whether they are wearing sunglasses, a hat, or seen in dim lighting.","Self-supervised pretraining for medical imaging, foundation vision models.","Stunning 2D animation, smooth vocal cadence, clear mathematical formulations.",Visually show the InfoNCE loss pulling positive pairs together in latent space while pushing negative pairs away like opposing magnets.,897,44000.0,"Contrastive Learning with SimCLR | Deep Learning Animated Self-Supervised Representation Learning Data augmentation branches (crop, color jitter, blur), InfoNCE loss formula substitution, embedding space attraction/repulsion arrows. Training an image feature extractor on millions of unlabeled photos by matching two augmented views of the same image. Recognizing a friend in a photo whether they are wearing sunglasses, a hat, or seen in dim lighting. Self-supervised pretraining for medical imaging, foundation vision models. Visually show the InfoNCE loss pulling positive pairs together in latent space while pushing negative pairs away like opposing magnets.",1,1,1,1,1,0,663,91,10.691967639914864,3
VID-343,Deep Learning Fundamentals,ComputerVisionFoundation Videos,Focal Loss for Dense Object Detection,http://www.youtube.com/watch?v=44tlnmmt3h0,12:57,38K+,Original ICCV Conference Presentation,"Loss curves comparing standard Cross-Entropy against Focal Loss $(1-p_t)^\gamma \log(p_t)$, foreground/background imbalance graphs.","Detecting rare small objects among 100,000 candidate background bounding box proposals in RetinaNet.",A teacher spending 99% of their attention on the struggling students who need help rather than grading the 100 students who already get straight A's.,"One-stage object detectors (YOLO, RetinaNet), anomaly detection, fraud detection.","Authoritative research presentation by Tsung-Yi Lin (author), crisp slides, primary source insight.",Show how the modulating factor $(1-p_t)^\gamma$ dynamically down-weights well-classified easy examples to prevent background clutter from dominating the gradient.,777,38000.0,"Focal Loss for Dense Object Detection Original ICCV Conference Presentation Loss curves comparing standard Cross-Entropy against Focal Loss $(1-p_t)^\gamma \log(p_t)$, foreground/background imbalance graphs. Detecting rare small objects among 100,000 candidate background bounding box proposals in RetinaNet. A teacher spending 99% of their attention on the struggling students who need help rather than grading the 100 students who already get straight A's. One-stage object detectors (YOLO, RetinaNet), anomaly detection, fraud detection. Show how the modulating factor $(1-p_t)^\gamma$ dynamically down-weights well-classified easy examples to prevent background clutter from dominating the gradient.",1,1,1,1,0,0,703,89,10.545367754151744,3
VID-344,Deep Learning Fundamentals,CodeEmporium,Optimizers - EXPLAINED!,http://www.youtube.com/watch?v=mdKjMPmcWjY,7:23,152K+,Visual Whiteboard Progression,Side-by-side progression: SGD $	o$ Momentum $	o$ Nesterov $	o$ AdaGrad $	o$ RMSprop $	o$ Adam.,Demonstrating how AdaGrad shrinks learning rate too aggressively until training stalls.,"Building a custom racing car: adding shock absorbers, then aerodynamic spoilers, then fuel injection.",Algorithm selection in deep learning training pipelines.,"Energetic delivery, clear whiteboard diagrams, logical chronological progression.",Present optimizers as an evolutionary family tree: each algorithm was invented to fix a specific flaw in its predecessor.,443,152000.0,"Optimizers - EXPLAINED! Visual Whiteboard Progression Side-by-side progression: SGD $	o$ Momentum $	o$ Nesterov $	o$ AdaGrad $	o$ RMSprop $	o$ Adam. Demonstrating how AdaGrad shrinks learning rate too aggressively until training stalls. Building a custom racing car: adding shock absorbers, then aerodynamic spoilers, then fuel injection. Algorithm selection in deep learning training pipelines. Present optimizers as an evolutionary family tree: each algorithm was invented to fix a specific flaw in its predecessor.",1,1,1,1,0,0,517,75,11.93164237875414,4
VID-345,Generative AI & Diffusion Models,Lex Fridman,Ian Goodfellow: Generative Adversarial Networks (GANs) | Lex Fridman Podcast #19,http://www.youtube.com/watch?v=Z6rxFNMGdn0,1:08:37,305K+,Pioneer Historical Dialogue & Game Theory,"Studio interview, cutaways to minimax game theory formulations, generator vs discriminator equilibria.",The invention of GANs over beers with friends in Montreal (2014) to generate sharp photorealistic images.,An art forger learning to produce fake Vermeers while a museum detective inspects them under UV light.,"Pioneering foundation for deep generative modeling, neural rendering, synthetic data.","High-fidelity podcast recording, intellectual depth, primary source historical significance.",Tell the origin story: Goodfellow inventing the GAN concept in a Montreal pub and coding the first working prototype that same night.,4117,305000.0,"Ian Goodfellow: Generative Adversarial Networks (GANs) | Lex Fridman Podcast #19 Pioneer Historical Dialogue & Game Theory Studio interview, cutaways to minimax game theory formulations, generator vs discriminator equilibria. The invention of GANs over beers with friends in Montreal (2014) to generate sharp photorealistic images. An art forger learning to produce fake Vermeers while a museum detective inspects them under UV light. Pioneering foundation for deep generative modeling, neural rendering, synthetic data. Tell the origin story: Goodfellow inventing the GAN concept in a Montreal pub and coding the first working prototype that same night.",1,1,1,1,0,1,654,94,12.628070334272698,5
VID-346,Generative AI & Diffusion Models,Steven Van Vaerenbergh,Ian Goodfellow: Generative Adversarial Networks (NIPS 2016 tutorial),http://www.youtube.com/watch?v=HGYYEUSm-0Q,1:55:54,144K+,Landmark Academic Tutorial & Mathematics,"NIPS conference presentation slides, Jensen-Shannon divergence proofs, Nash equilibrium payoff matrices.",DCGAN convolutional architectures generating bedroom scenes and synthetic human faces.,Two rival chess players continuously outsmarting each other until both reach grandmaster level.,"Image-to-image translation (Pix2Pix, CycleGAN), video game texture synthesis.","Historical milestone lecture; dense mathematical derivations, direct from the inventor.",Derive the optimal discriminator to prove why the minimax game minimizes JS divergence.,6954,144000.0,"Ian Goodfellow: Generative Adversarial Networks (NIPS 2016 tutorial) Landmark Academic Tutorial & Mathematics NIPS conference presentation slides, Jensen-Shannon divergence proofs, Nash equilibrium payoff matrices. DCGAN convolutional architectures generating bedroom scenes and synthetic human faces. Two rival chess players continuously outsmarting each other until both reach grandmaster level. Image-to-image translation (Pix2Pix, CycleGAN), video game texture synthesis. Derive the optimal discriminator to prove why the minimax game minimizes JS divergence.",1,1,1,1,0,0,563,68,11.87757552297847,5
VID-347,Generative AI & Diffusion Models,Yannic Kilcher,[Classic] Generative Adversarial Networks (Paper Explained),http://www.youtube.com/watch?v=eyxmSmjmNS0,37:04:00,73K+,First-Principles Paper Analysis,"Goodfellow 2014 paper walkthrough, probability density function transformations, loss gradients.",Visualizing the non-saturating generator heuristic.,A student who practices test questions to fool an automated scoring algorithm.,Foundational generative machine learning curriculum.,"Energetic paper highlighting, candid analysis of GAN training instability.",Explain mode collapse: when the generator finds a single output that tricks the discriminator and produces only that image forever.,133440,73000.0,"[Classic] Generative Adversarial Networks (Paper Explained) First-Principles Paper Analysis Goodfellow 2014 paper walkthrough, probability density function transformations, loss gradients. Visualizing the non-saturating generator heuristic. A student who practices test questions to fool an automated scoring algorithm. Foundational generative machine learning curriculum. Explain mode collapse: when the generator finds a single output that tricks the discriminator and produces only that image forever.",1,1,1,1,1,0,504,61,11.19822841866684,5
VID-348,Generative AI & Diffusion Models,Aleksa Gordić - The AI Epiphany,VQ-VAEs: Neural Discrete Representation Learning | Paper + PyTorch Code Explained,http://www.youtube.com/watch?v=VZFVUrYcig0,34:38:00,53K+,Theory & PyTorch Code Implementation,"Vector Quantization codebook embedding tables, straight-through gradient estimator diagrams, latent code grids.","Quantizing continuous image representations into discrete codebook tokens (e.g., token 412 for 'eye texture').",Transcribing a continuous musical violin pitch into discrete musical notes on a staff sheet.,"DALL-E 1, SoundStream, EnCodec, Stable Diffusion VAE tokenizers.","Pristine technical depth, synchronized code and paper explanations, crisp audio.",Explain the Straight-Through Estimator: how gradients bypass non-differentiable argmin quantization operations to train the encoder.,124680,53000.0,"VQ-VAEs: Neural Discrete Representation Learning | Paper + PyTorch Code Explained Theory & PyTorch Code Implementation Vector Quantization codebook embedding tables, straight-through gradient estimator diagrams, latent code grids. Quantizing continuous image representations into discrete codebook tokens (e.g., token 412 for 'eye texture'). Transcribing a continuous musical violin pitch into discrete musical notes on a staff sheet. DALL-E 1, SoundStream, EnCodec, Stable Diffusion VAE tokenizers. Explain the Straight-Through Estimator: how gradients bypass non-differentiable argmin quantization operations to train the encoder.",1,1,1,1,1,1,632,79,10.87806606028079,5
VID-349,Generative AI & Diffusion Models,Computerphile,Stable Diffusion in Code (AI Image Generation) - Computerphile,http://www.youtube.com/watch?v=-lz30by8-sU,16:56,316K+,Code Walkthrough & Pipeline Inspection,"Python code using Hugging Face diffusers, latent tensor shape inspections, visual denoising step outputs.",Generating images in 50 steps and watching latent tensors resolve from noise into a recognizable face.,Developing a Polaroid photograph: watch the chemical image emerge from murky darkness into sharp color.,Building custom image generation pipelines in Python.,"High-resolution code capture, clear step-by-step execution, engaging pacing.",Save and display the intermediate image after every 5 denoising steps to make the progressive cleanup process tangible.,1016,316000.0,"Stable Diffusion in Code (AI Image Generation) - Computerphile Code Walkthrough & Pipeline Inspection Python code using Hugging Face diffusers, latent tensor shape inspections, visual denoising step outputs. Generating images in 50 steps and watching latent tensors resolve from noise into a recognizable face. Developing a Polaroid photograph: watch the chemical image emerge from murky darkness into sharp color. Building custom image generation pipelines in Python. Save and display the intermediate image after every 5 denoising steps to make the progressive cleanup process tangible.",1,1,1,1,0,1,588,84,12.663500657121004,5
VID-350,Generative AI & Diffusion Models,AI Coffee Break with Letitia,How does Stable Diffusion work? – Latent Diffusion Models EXPLAINED,http://www.youtube.com/watch?v=J87hffSMB60,13:16,102K+,Mathematical Architectural Deconstruction,"Pixel space vs latent space dimensions, VAE compression encoder, U-Net with cross-attention text conditioning.",Diffusing across $64 	imes 64 	imes 4$ latent space instead of massive $512 	imes 512 	imes 3$ RGB space.,"Translating an entire book into a shorthand summary before editing it, then expanding it back to full text.",Consumer-grade generative AI on laptop GPUs.,"Soothing, articulate voiceover, pristine illustrated slides, clear mathematical intuition.",Highlight the computational savings of latent diffusion: why doing diffusion in latent space made running AI images on laptops possible.,796,102000.0,"How does Stable Diffusion work? – Latent Diffusion Models EXPLAINED Mathematical Architectural Deconstruction Pixel space vs latent space dimensions, VAE compression encoder, U-Net with cross-attention text conditioning. Diffusing across $64 	imes 64 	imes 4$ latent space instead of massive $512 	imes 512 	imes 3$ RGB space. Translating an entire book into a shorthand summary before editing it, then expanding it back to full text. Consumer-grade generative AI on laptop GPUs. Highlight the computational savings of latent diffusion: why doing diffusion in latent space made running AI images on laptops possible.",1,1,1,1,1,0,616,90,11.53273789613992,5
VID-351,Generative AI & Diffusion Models,AI Bites,controlnet paper explained - Adding Conditional Control to Text-to-Image Diffusion Models,http://www.youtube.com/watch?v=WgrmCVa35ws,13:26,8.0K+,Paper Review & Architectural Control,"Zero-convolution layers with weights initialized to zero, frozen locked copy of diffusion model alongside trainable control copy.","Controlling human pose with OpenPose stick figures, line art with Canny edge detection, depth with depth maps.",Putting tracing paper over a sketch so you can guide the painter's brush without messing up their original technique.,"Graphic design, architectural rendering, character pose consistency in advertising.","Clear developer audio, high-density diagrams, structured paper progression.","Explain Zero-Convolutions: because weights start at exactly zero, the model produces identical output to the base model on step zero, ensuring safe fine-tuning.",806,8000.0,"controlnet paper explained - Adding Conditional Control to Text-to-Image Diffusion Models Paper Review & Architectural Control Zero-convolution layers with weights initialized to zero, frozen locked copy of diffusion model alongside trainable control copy. Controlling human pose with OpenPose stick figures, line art with Canny edge detection, depth with depth maps. Putting tracing paper over a sketch so you can guide the painter's brush without messing up their original technique. Graphic design, architectural rendering, character pose consistency in advertising. Explain Zero-Convolutions: because weights start at exactly zero, the model produces identical output to the base model on step zero, ensuring safe fine-tuning.",1,1,1,1,0,0,730,101,8.987321812850125,5
VID-352,Generative AI & Diffusion Models,Aleksa Gordić - The AI Epiphany,OpenAI DALL-E 3 with James Betker (1st author),http://www.youtube.com/watch?v=pgaTOX-RUQ4,52:43:00,4.0K+,Primary Source Author Interview & Recaptioning,"DALL-E 3 paper breakdown, synthetic image recaptioning pipelines, prompt-following evaluation benchmark tables.",Using fine-tuned multimodal LLMs to generate highly descriptive 100-word captions for every training image.,Teaching a child art by giving them rich descriptive novels instead of 2-word labels like 'cat'.,Commercial image generation prompt alignment in ChatGPT.,Direct conversation with the lead OpenAI researcher; rare insider technical insights.,"Highlight the paper's main discovery: image generation quality is primarily bottlenecked by caption text quality, not diffusion architecture.",189780,4000.0,"OpenAI DALL-E 3 with James Betker (1st author) Primary Source Author Interview & Recaptioning DALL-E 3 paper breakdown, synthetic image recaptioning pipelines, prompt-following evaluation benchmark tables. Using fine-tuned multimodal LLMs to generate highly descriptive 100-word captions for every training image. Teaching a child art by giving them rich descriptive novels instead of 2-word labels like 'cat'. Commercial image generation prompt alignment in ChatGPT. Highlight the paper's main discovery: image generation quality is primarily bottlenecked by caption text quality, not diffusion architecture.",1,1,1,1,0,0,609,81,8.294299608857235,6
VID-353,Generative AI & Diffusion Models,Moe Lueker,How to Use Suno AI Tutorial (FREE AI Music Generator),http://www.youtube.com/watch?v=BVR4rb5aDGE,10:49,346K+,Applied Creative Workflow & Acoustic Synthesis,"Suno prompt interface, audio stem separation, style prompt modifiers, lyric structure tags ([Verse], [Chorus], [Guitar Solo]).",Generating a complete 3-minute 1980s synthwave pop song from a text prompt in 30 seconds.,Hiring a full studio band and audio engineer who instantly play whatever musical genre you describe.,"Indie video game soundtrack production, commercial advertising background music.","High production value, crisp audio playback, clear practical guidance.","Show the structural prompt tags: [Intro], [Verse], [Chorus], [Drop] to demonstrate how text conditioning steers musical temporal form.",649,346000.0,"How to Use Suno AI Tutorial (FREE AI Music Generator) Applied Creative Workflow & Acoustic Synthesis Suno prompt interface, audio stem separation, style prompt modifiers, lyric structure tags ([Verse], [Chorus], [Guitar Solo]). Generating a complete 3-minute 1980s synthwave pop song from a text prompt in 30 seconds. Hiring a full studio band and audio engineer who instantly play whatever musical genre you describe. Indie video game soundtrack production, commercial advertising background music. Show the structural prompt tags: [Intro], [Verse], [Chorus], [Drop] to demonstrate how text conditioning steers musical temporal form.",1,1,1,1,0,0,634,90,12.754196944209095,2
VID-354,Generative AI & Diffusion Models,Kevin Stratvert,How to Generate AI Videos for FREE with ComfyUI (Step-by-Step Tutorial),http://www.youtube.com/watch?v=0z8Pp4TaAl8,7:20,222K+,Visual Node-Based Pipeline Tutorial,"ComfyUI node graphs, connecting Checkpoint Loader -> KSampler -> VAE Decode -> Video Combine nodes.",Building an automated text-to-video workflow using open-source diffusion models on local GPUs.,"Plumbing modular water pipes: water flows through filters, valves, and heaters to create the final output.","Local privacy-preserving AI video production, visual effects studios.","Kevin Stratvert's trademark crisp and friendly tech instruction, high-res screencasts.","The node-graph visual interface makes the abstract components of a generative pipeline (Latents, Prompts, Sampler, VAE) physically visible.",440,222000.0,"How to Generate AI Videos for FREE with ComfyUI (Step-by-Step Tutorial) Visual Node-Based Pipeline Tutorial ComfyUI node graphs, connecting Checkpoint Loader -> KSampler -> VAE Decode -> Video Combine nodes. Building an automated text-to-video workflow using open-source diffusion models on local GPUs. Plumbing modular water pipes: water flows through filters, valves, and heaters to create the final output. Local privacy-preserving AI video production, visual effects studios. The node-graph visual interface makes the abstract components of a generative pipeline (Latents, Prompts, Sampler, VAE) physically visible.",1,1,1,1,0,0,619,84,12.310437165348777,5
VID-355,Generative AI & Diffusion Models,Yannic Kilcher,NVAE: A Deep Hierarchical Variational Autoencoder (Paper Explained),http://www.youtube.com/watch?v=x6T1zMSE4Ts,34:12:00,38K+,Hierarchical Latent Variables & VAE Optimization,"Multi-scale latent hierarchy diagrams, bidirectional neural networks, spectral normalization formulas.",Generating crisp high-resolution human faces using pure VAEs without adversarial loss.,"Drawing a map at multiple zoom levels: continent scale, city scale, and street-level detail.","Probabilistic generative modeling, density estimation, molecular modeling.","Thorough academic analysis, detailed mathematical explanations, clear paper figures.",Explain how hierarchical latent variables allow VAEs to overcome the classic blurry image trap.,123120,38000.0,"NVAE: A Deep Hierarchical Variational Autoencoder (Paper Explained) Hierarchical Latent Variables & VAE Optimization Multi-scale latent hierarchy diagrams, bidirectional neural networks, spectral normalization formulas. Generating crisp high-resolution human faces using pure VAEs without adversarial loss. Drawing a map at multiple zoom levels: continent scale, city scale, and street-level detail. Probabilistic generative modeling, density estimation, molecular modeling. Explain how hierarchical latent variables allow VAEs to overcome the classic blurry image trap.",1,1,1,1,0,0,570,70,10.545367754151744,5
VID-356,Agentic AI & Multi-Agent Systems,Cognition,"Introducing Devin, the first AI software engineer",http://www.youtube.com/watch?v=fjHtjT7GO1c,1:50,1.2M+,Autonomous Agent Paradigm Demonstration,"Devin agent UI: split view of browser, bash terminal, code editor, and natural language thought planner.","Devin reading a GitHub repo, debugging a complex bug, adding print statements, reading terminal errors, and opening a PR.",A remote junior software engineering contractor working on a virtual desktop sandbox.,"Autonomous software engineering, automated issue resolution on GitHub.",Viral benchmark demonstration that redefined expectations for autonomous coding agents.,"Show the sandbox environment: an agent is only as capable as the tools (browser, shell, editor) it has access to.",110,1200000.0,"Introducing Devin, the first AI software engineer Autonomous Agent Paradigm Demonstration Devin agent UI: split view of browser, bash terminal, code editor, and natural language thought planner. Devin reading a GitHub repo, debugging a complex bug, adding print statements, reading terminal errors, and opening a PR. A remote junior software engineering contractor working on a virtual desktop sandbox. Autonomous software engineering, automated issue resolution on GitHub. Show the sandbox environment: an agent is only as capable as the tools (browser, shell, editor) it has access to.",1,1,1,1,0,1,587,86,13.997832948091215,2
VID-357,Agentic AI & Multi-Agent Systems,Tech With Tim,Cursor Tutorial for Beginners (AI Code Editor),http://www.youtube.com/watch?v=ocMOZpuAMw4,15:20,1.1M+,Applied Engineering & Agentic IDE Workflows,"Cursor editor shortcuts (Cmd+K, Cmd+L), codebase indexing with embeddings, fast multi-file diff application.","Refactoring an entire full-stack web app, generating backend API endpoints, and resolving git merge conflicts with AI.",Pair programming with a developer who has memorized every single file and function in your company's codebase.,Modern professional software development productivity.,"Top-tier developer educator, rapid practical flow, clear on-screen keystroke indicators.",Demonstrate Codebase Indexing: explain how embedding the local git tree enables contextual code generation across multiple files.,920,1100000.0,"Cursor Tutorial for Beginners (AI Code Editor) Applied Engineering & Agentic IDE Workflows Cursor editor shortcuts (Cmd+K, Cmd+L), codebase indexing with embeddings, fast multi-file diff application. Refactoring an entire full-stack web app, generating backend API endpoints, and resolving git merge conflicts with AI. Pair programming with a developer who has memorized every single file and function in your company's codebase. Modern professional software development productivity. Demonstrate Codebase Indexing: explain how embedding the local git tree enables contextual code generation across multiple files.",1,1,1,1,0,1,614,82,13.910821646859096,2
VID-358,Agentic AI & Multi-Agent Systems,Lex Clips,How Cursor code editor works | Cursor Team and Lex Fridman,http://www.youtube.com/watch?v=mPWZ5TL75IE,21:39,28K+,Engineering Architecture Interview,"Studio interview framing, discussion of shadow workspaces, speculative edits, and custom LLM inference.",Predicting the developer's next edit location before they press a single key.,A game engine predicting player trajectory to render graphics frames ahead of time.,Next-generation developer tool systems architecture.,"Pristine Lex Fridman podcast studio audio, deep technical discussion with founding engineers.",Discuss latency as UX: an AI suggestion that arrives in 150ms feels like intuition; a suggestion that takes 2 seconds breaks flow.,1299,28000.0,"How Cursor code editor works | Cursor Team and Lex Fridman Engineering Architecture Interview Studio interview framing, discussion of shadow workspaces, speculative edits, and custom LLM inference. Predicting the developer's next edit location before they press a single key. A game engine predicting player trajectory to render graphics frames ahead of time. Next-generation developer tool systems architecture. Discuss latency as UX: an AI suggestion that arrives in 150ms feels like intuition; a suggestion that takes 2 seconds breaks flow.",1,1,1,1,0,1,543,79,10.239995502805316,2
VID-359,Agentic AI & Multi-Agent Systems,Neural Breakdown with AVB,Complete DSPy Tutorial - Master LLM Prompt Programming in 8 amazing examples!,http://www.youtube.com/watch?v=_ROckQHGHsU,34:42:00,68K+,Declarative Programming & Prompt Compilers,"Python code comparing brittle hand-written prompt strings with DSPy Signatures, Teleprompters, and MIPRO optimizers.",Compiling an automated multi-hop retrieval QA pipeline that optimizes its own prompt demonstrations.,Programming in high-level C code with an optimizing compiler rather than hand-writing raw assembly instructions.,"Production LLM pipeline optimization, systematic prompt optimization without manual trial-and-error.","Authoritative research-level engineering instruction, high-res code display, complete practical examples.",The 'compiler vs assembly' analogy perfectly captures why DSPy treats prompts as compiled artifacts rather than handcrafted text.,124920,68000.0,"Complete DSPy Tutorial - Master LLM Prompt Programming in 8 amazing examples! Declarative Programming & Prompt Compilers Python code comparing brittle hand-written prompt strings with DSPy Signatures, Teleprompters, and MIPRO optimizers. Compiling an automated multi-hop retrieval QA pipeline that optimizes its own prompt demonstrations. Programming in high-level C code with an optimizing compiler rather than hand-writing raw assembly instructions. Production LLM pipeline optimization, systematic prompt optimization without manual trial-and-error. The 'compiler vs assembly' analogy perfectly captures why DSPy treats prompts as compiled artifacts rather than handcrafted text.",1,1,1,1,0,1,682,87,11.127277689932466,2
VID-360,Agentic AI & Multi-Agent Systems,FunctionalTV,"Omar Khattab, DSPy: Compiling Declarative Language Model Calls into Self-Improving Pipelines",http://www.youtube.com/watch?v=Dt3H2ninoeY,25:38:00,8.6K+,Stanford Creator Keynote Address,"Stanford research presentation slides, mathematical formulation of teleprompters and bootstrapping, benchmark accuracy curves.",Boosting multi-hop QA accuracy by 25% while reducing prompt length using automated Bayesian optimization.,PyTorch for language models: decoupling pipeline architecture from weight/prompt optimization.,"Enterprise agent architecture, automated evaluation and prompt discovery.","Direct from the creator of DSPy (Omar Khattab); academic authority, clear slides.",Framing DSPy as 'PyTorch for LLMs' establishes the standard design pattern for future AI engineering.,92280,8600.0,"Omar Khattab, DSPy: Compiling Declarative Language Model Calls into Self-Improving Pipelines Stanford Creator Keynote Address Stanford research presentation slides, mathematical formulation of teleprompters and bootstrapping, benchmark accuracy curves. Boosting multi-hop QA accuracy by 25% while reducing prompt length using automated Bayesian optimization. PyTorch for language models: decoupling pipeline architecture from weight/prompt optimization. Enterprise agent architecture, automated evaluation and prompt discovery. Framing DSPy as 'PyTorch for LLMs' establishes the standard design pattern for future AI engineering.",1,1,1,1,1,1,629,75,9.05963375455148,2
VID-361,Agentic AI & Multi-Agent Systems,KodeKloud,LangChain Explained in 10 Minutes (Components Breakdown + Build Your First AI Chatbot),http://www.youtube.com/watch?v=xTmU8ZImUO8,12:28,241K+,Systems Architecture & Framework Foundations,"Animated diagrams of LangChain Expression Language (LCEL), prompt templates, output parsers, vector store retrievers.",Chaining a prompt template -> LLM -> StrOutputParser in 5 lines of Python.,Lego building blocks: snapping standardized modular components together to assemble complex software.,"Enterprise application development, RAG systems, LLM orchestration.","Top-tier developer education, clean animations, step-by-step code progression.","Break LangChain into its 5 core primitives (Models, Prompts, Indexes, Memory, Chains) before writing code.",748,241000.0,"LangChain Explained in 10 Minutes (Components Breakdown + Build Your First AI Chatbot) Systems Architecture & Framework Foundations Animated diagrams of LangChain Expression Language (LCEL), prompt templates, output parsers, vector store retrievers. Chaining a prompt template -> LLM -> StrOutputParser in 5 lines of Python. Lego building blocks: snapping standardized modular components together to assemble complex software. Enterprise application development, RAG systems, LLM orchestration. Break LangChain into its 5 core primitives (Models, Prompts, Indexes, Memory, Chains) before writing code.",1,1,1,1,1,1,601,79,12.392556361841775,2
VID-362,Agentic AI & Multi-Agent Systems,LangChain,Evaluate agents on SWE-Bench,http://www.youtube.com/watch?v=MzlYtN7uPKY,13:38,8.1K+,Rigorous Evaluation & Benchmarking Walkthrough,"SWE-bench test harness architecture, running Docker execution containers, evaluating agent unit test pass rates.",Evaluating an autonomous LangGraph coding agent on 300 real GitHub pull request issues from Django and SymPy.,A certified engineering licensing board examination where an applicant must solve real unresolved client defects.,Measuring whether coding agents genuinely solve real-world software engineering tasks.,"Authoritative LangChain team presentation, clear terminal logs, transparent pass/fail criteria.","Show why SWE-bench is the gold standard: synthetic coding puzzles (like HumanEval) are easily memorized, whereas real GitHub issues test true reasoning.",818,8100.0,"Evaluate agents on SWE-Bench Rigorous Evaluation & Benchmarking Walkthrough SWE-bench test harness architecture, running Docker execution containers, evaluating agent unit test pass rates. Evaluating an autonomous LangGraph coding agent on 300 real GitHub pull request issues from Django and SymPy. A certified engineering licensing board examination where an applicant must solve real unresolved client defects. Measuring whether coding agents genuinely solve real-world software engineering tasks. Show why SWE-bench is the gold standard: synthetic coding puzzles (like HumanEval) are easily memorized, whereas real GitHub issues test true reasoning.",1,1,1,1,0,1,652,87,8.999742789830492,2
VID-363,Agentic AI & Multi-Agent Systems,KodeKloud,How SWE-bench Changed the Way We Test AI Coders,http://www.youtube.com/watch?v=uamd4C7AFXo,5:05,2.3K+,Concise Benchmark Deconstruction,"Benchmark leaderboard comparison charts, fail-to-pass test suite diagrams, Docker sandbox security boundaries.",Contrasting GPT-4's initial 1.9% score on SWE-bench with frontier 2025/2026 agents scoring 40%+.,Replacing simple multiple-choice spelling tests with a full day of trial work inside a software company.,"AI developer tooling procurement, evaluating automated bug fixing.","Clean animated graphics, crisp voiceover, concise 5-minute runtime.",Explain the unit test verification mechanism: an agent's proposed code diff is only scored as correct if all existing unit tests pass AND the new bug-reproduction test passes.,305,2300.0,"How SWE-bench Changed the Way We Test AI Coders Concise Benchmark Deconstruction Benchmark leaderboard comparison charts, fail-to-pass test suite diagrams, Docker sandbox security boundaries. Contrasting GPT-4's initial 1.9% score on SWE-bench with frontier 2025/2026 agents scoring 40%+. Replacing simple multiple-choice spelling tests with a full day of trial work inside a software company. AI developer tooling procurement, evaluating automated bug fixing. Explain the unit test verification mechanism: an agent's proposed code diff is only scored as correct if all existing unit tests pass AND the new bug-reproduction test passes.",1,1,1,1,0,1,636,89,7.741099090035366,2
VID-364,Agentic AI & Multi-Agent Systems,No Hype AI,How Did They Do It? DeepSeek V3 and R1 Explained,http://www.youtube.com/watch?v=fTjPEE0fk-U,11:15,51K+,Comprehensive Technical & Economic Analysis,"Fine-Grained Expert architecture diagrams (256 experts, 8 active per token), Multi-Token Prediction (MTP) loss heads.","How DeepSeek trained a 671B model using only 2,048 Nvidia H800 GPUs over two months.",A Formula 1 pit crew stripping every gram of unnecessary weight from the chassis to win on a budget.,"The open-weights AI revolution, shifting AI compute efficiency standards worldwide.","Sharp modern editing, high-density technical slides, objective analytical framing.","Highlight the Auxiliary-Loss-Free load balancing: DeepSeek eliminated router auxiliary loss by dynamically adjusting bias terms, preserving model performance.",675,51000.0,"How Did They Do It? DeepSeek V3 and R1 Explained Comprehensive Technical & Economic Analysis Fine-Grained Expert architecture diagrams (256 experts, 8 active per token), Multi-Token Prediction (MTP) loss heads. How DeepSeek trained a 671B model using only 2,048 Nvidia H800 GPUs over two months. A Formula 1 pit crew stripping every gram of unnecessary weight from the chassis to win on a budget. The open-weights AI revolution, shifting AI compute efficiency standards worldwide. Highlight the Auxiliary-Loss-Free load balancing: DeepSeek eliminated router auxiliary loss by dynamically adjusting bias terms, preserving model performance.",1,1,1,1,1,0,639,92,10.839600519357369,4
VID-365,Agentic AI & Multi-Agent Systems,Gabriel Mongaras,DeepSeek-V3,http://www.youtube.com/watch?v=8v2l6SJECW4,1:21:39,30K+,Exhaustive Architectural Paper Reading,"Complete DeepSeek-V3 technical report walkthrough, DualPipe overlapping computation and communication charts, FP8 mixed precision formulas.",Overlapping forward and backward communication chunks across InfiniBand networks to achieve near-zero all-to-all communication overhead.,"A chef cooking the main course while the dishwasher runs in the background, ensuring neither ever waits for the other.","Frontier AI cluster engineering, massively parallel MoE training.","Deep engineering rigor, line-by-line equation analysis, complete technical transparency.",Explain DualPipe: how fine-grained pipeline parallelism overlaps the dispatch/combine communication of MoE with the computation of Dense layers.,4899,30000.0,"DeepSeek-V3 Exhaustive Architectural Paper Reading Complete DeepSeek-V3 technical report walkthrough, DualPipe overlapping computation and communication charts, FP8 mixed precision formulas. Overlapping forward and backward communication chunks across InfiniBand networks to achieve near-zero all-to-all communication overhead. A chef cooking the main course while the dishwasher runs in the background, ensuring neither ever waits for the other. Frontier AI cluster engineering, massively parallel MoE training. Explain DualPipe: how fine-grained pipeline parallelism overlaps the dispatch/combine communication of MoE with the computation of Dense layers.",1,1,1,1,0,0,657,81,10.308985993422082,1
VID-366,Agentic AI & Multi-Agent Systems,bycloud,7 Popular LLM Benchmarks Explained [OpenLLM Leaderboard & Chatbot Arena],http://www.youtube.com/watch?v=aOjgPJ94-aM,5:50,30K+,Comparative Evaluation Taxonomy,"Benchmark scorecard graphics for MMLU, GSM8K, ARC, HellaSwag, HumanEval, and LMSYS Chatbot Arena Elo ratings.",Contrasting multiple-choice rote knowledge tests (MMLU) with blind human pairwise head-to-head battles (Chatbot Arena).,Standardized SAT exams vs competitive chess tournaments with Elo ratings.,"Model selection for enterprise deployment, tracking open-source vs proprietary intelligence frontiers.","Concise, rapid-fire presentation, clean visual cards, high informational density.","Provide a clean 1-sentence purpose summary for each benchmark (e.g., 'GSM8K = grade school math word problems requiring multi-step reasoning').",350,30000.0,"7 Popular LLM Benchmarks Explained [OpenLLM Leaderboard & Chatbot Arena] Comparative Evaluation Taxonomy Benchmark scorecard graphics for MMLU, GSM8K, ARC, HellaSwag, HumanEval, and LMSYS Chatbot Arena Elo ratings. Contrasting multiple-choice rote knowledge tests (MMLU) with blind human pairwise head-to-head battles (Chatbot Arena). Standardized SAT exams vs competitive chess tournaments with Elo ratings. Model selection for enterprise deployment, tracking open-source vs proprietary intelligence frontiers. Provide a clean 1-sentence purpose summary for each benchmark (e.g., 'GSM8K = grade school math word problems requiring multi-step reasoning').",1,1,1,1,1,0,655,83,10.308985993422082,2
VID-367,Agentic AI & Multi-Agent Systems,IBM Technology,What are Large Language Model (LLM) Benchmarks?,http://www.youtube.com/watch?v=kDY4TodQwbg,6:21,24K+,Executive Evaluation Framework,"Lightboard breakdown of benchmark contamination, reasoning vs knowledge benchmarks, automated evaluation pipelines.",Explaining how models cheat on benchmarks when test datasets leak into internet training pretraining data.,A student who got their hands on the teacher's secret exam answer sheet the night before the test.,"Preventing benchmark gaming, auditing enterprise AI vendors.","Luminous lightboard markers, professional corporate delivery, clear critical insights.","Highlight benchmark contamination: why blind, continuously refreshed dynamic evaluations (like Chatbot Arena) are essential to prevent test set memorization.",381,24000.0,"What are Large Language Model (LLM) Benchmarks? Executive Evaluation Framework Lightboard breakdown of benchmark contamination, reasoning vs knowledge benchmarks, automated evaluation pipelines. Explaining how models cheat on benchmarks when test datasets leak into internet training pretraining data. A student who got their hands on the teacher's secret exam answer sheet the night before the test. Preventing benchmark gaming, auditing enterprise AI vendors. Highlight benchmark contamination: why blind, continuously refreshed dynamic evaluations (like Chatbot Arena) are essential to prevent test set memorization.",1,1,1,1,0,0,619,81,10.085850775128716,1
VID-368,LLM Systems & Inference Optimization,IBM Technology,What is Ollama? Running Local LLMs Made Simple,http://www.youtube.com/watch?v=5RIOQuHOihY,7:14,345K+,Local Infrastructure & Developer Architecture,"Terminal screencasts running `ollama run llama3`, Modelfile syntax breakdown, system RAM/VRAM architecture diagrams.",Spinning up a local private coding assistant in a single terminal command without cloud API keys.,"Docker for language models: packaging weights, prompts, context parameters, and inference engines into a single runnable container.","Local privacy-first enterprise AI, developer offline productivity.","Pristine video and audio, clear lightboard diagrams, highly actionable developer advice.",The 'Docker for LLMs' analogy is the single best mental model for explaining how Ollama bundles weights with Modelfile configurations.,434,345000.0,"What is Ollama? Running Local LLMs Made Simple Local Infrastructure & Developer Architecture Terminal screencasts running `ollama run llama3`, Modelfile syntax breakdown, system RAM/VRAM architecture diagrams. Spinning up a local private coding assistant in a single terminal command without cloud API keys. Docker for language models: packaging weights, prompts, context parameters, and inference engines into a single runnable container. Local privacy-first enterprise AI, developer offline productivity. The 'Docker for LLMs' analogy is the single best mental model for explaining how Ollama bundles weights with Modelfile configurations.",1,1,1,1,0,1,641,86,12.75130259456002,1
VID-369,LLM Systems & Inference Optimization,Tech With Tim,Learn Ollama in 15 Minutes - Run LLM Models Locally for FREE,http://www.youtube.com/watch?v=UtSSMs6ObqY,14:02,1.1M+,Step-by-Step Hands-On Tutorial,"Downloading Ollama, CLI interactions, Python REST API calls, integrating local models into LangChain.",Querying local Llama 3 via Python requests in 10 lines of code.,Installing an open-source database like PostgreSQL on your local machine instead of paying Amazon RDS hourly fees.,"Offline app development, zero-cost AI experimentation.","Fast-paced, energetic developer pedagogy, clean terminal captures, zero dead time.",Show the REST API immediately: demonstrating `curl http://localhost:11434/api/generate` bridges the gap between CLI toy and real production backend.,842,1100000.0,"Learn Ollama in 15 Minutes - Run LLM Models Locally for FREE Step-by-Step Hands-On Tutorial Downloading Ollama, CLI interactions, Python REST API calls, integrating local models into LangChain. Querying local Llama 3 via Python requests in 10 lines of code. Installing an open-source database like PostgreSQL on your local machine instead of paying Amazon RDS hourly fees. Offline app development, zero-cost AI experimentation. Show the REST API immediately: demonstrating `curl http://localhost:11434/api/generate` bridges the gap between CLI toy and real production backend.",1,1,1,1,0,1,576,81,13.910821646859096,2
VID-370,LLM Systems & Inference Optimization,IBM Technology,What Is Llama.cpp? The LLM Inference Engine for Local AI,http://www.youtube.com/watch?v=P8m5eHAyrFM,9:14,177K+,C/C++ Systems Engineering Lightboard,Drawings on glass contrasting heavy Python PyTorch overhead with pure C/C++ memory mapping (mmap) and AVX2/NEON SIMD vectorization.,Running 4-bit quantized 7B models at 40 tokens/sec on an ordinary consumer MacBook CPU.,"Stripping all seats, air conditioning, and luxury panels from a commuter car to turn it into an ultra-fast stripped-down drag racer.","Edge computing, mobile phone AI, running LLMs on non-GPU hardware.","High-contrast neon marker diagrams on black glass, crystal-clear explanation of memory mapping.",Highlight mmap (memory mapping): explain that loading model weights directly from disk into memory without Python parsing makes startup instantaneous.,554,177000.0,"What Is Llama.cpp? The LLM Inference Engine for Local AI C/C++ Systems Engineering Lightboard Drawings on glass contrasting heavy Python PyTorch overhead with pure C/C++ memory mapping (mmap) and AVX2/NEON SIMD vectorization. Running 4-bit quantized 7B models at 40 tokens/sec on an ordinary consumer MacBook CPU. Stripping all seats, air conditioning, and luxury panels from a commuter car to turn it into an ultra-fast stripped-down drag racer. Edge computing, mobile phone AI, running LLMs on non-GPU hardware. Highlight mmap (memory mapping): explain that loading model weights directly from disk into memory without Python parsing makes startup instantaneous.",1,1,1,1,0,1,664,97,12.08391066125752,1
VID-371,LLM Systems & Inference Optimization,Sam Witteveen,Fine-tuning LLMs with PEFT and LoRA,http://www.youtube.com/watch?v=Us5ZFp16PaU,15:35,190K+,Applied Python Code Walkthrough,"Google Colab notebook, Hugging Face `peft` library configuration (LoraConfig), trainable parameter percentage printouts (0.06%).",Fine-tuning an instruction-following model on a single free T4 GPU in Google Colab.,Putting transparent sticky notes on pages of a book to write corrections without having to re-type the entire book.,"Domain adaptation of foundation models for legal, financial, and medical enterprises.","Clear developer audio, high-resolution notebook display, methodical step-by-step instruction.",Show the trainable parameters printout: seeing 'trainable params: 4.2M || all params: 7.2B || trainable%: 0.058%' makes the efficiency of PEFT visual.,935,190000.0,"Fine-tuning LLMs with PEFT and LoRA Applied Python Code Walkthrough Google Colab notebook, Hugging Face `peft` library configuration (LoraConfig), trainable parameter percentage printouts (0.06%). Fine-tuning an instruction-following model on a single free T4 GPU in Google Colab. Putting transparent sticky notes on pages of a book to write corrections without having to re-type the entire book. Domain adaptation of foundation models for legal, financial, and medical enterprises. Show the trainable parameters printout: seeing 'trainable params: 4.2M || all params: 7.2B || trainable%: 0.058%' makes the efficiency of PEFT visual.",1,1,1,1,0,1,633,89,12.154784614286667,1
VID-372,LLM Systems & Inference Optimization,Neural Breakdown with AVB,Finetune LLMs to teach them ANYTHING with Huggingface and Pytorch | Step-by-step tutorial,http://www.youtube.com/watch?v=bZcKYiwtw1I,38:55:00,158K+,Complete Applied Masterclass,"Dataset preparation in JSONL, Tokenizer padding/truncation, SFTTrainer setup, WandB loss curve monitoring.",Teaching a base model to generate SQL queries from natural language customer questions.,Taking an articulate college graduate and giving them a 2-week intensive corporate onboarding training on your company's database schema.,"Enterprise specialized assistant deployment, proprietary schema querying.","Pristine technical depth, robust error handling tips, complete GitHub repository provided.",Differentiate pretraining (learning general grammar and world facts) from fine-tuning (learning output style and formatting).,140100,158000.0,"Finetune LLMs to teach them ANYTHING with Huggingface and Pytorch | Step-by-step tutorial Complete Applied Masterclass Dataset preparation in JSONL, Tokenizer padding/truncation, SFTTrainer setup, WandB loss curve monitoring. Teaching a base model to generate SQL queries from natural language customer questions. Taking an articulate college graduate and giving them a 2-week intensive corporate onboarding training on your company's database schema. Enterprise specialized assistant deployment, proprietary schema querying. Differentiate pretraining (learning general grammar and world facts) from fine-tuning (learning output style and formatting).",1,1,1,1,0,1,651,82,11.970356641103,2
VID-373,LLM Systems & Inference Optimization,Yannic Kilcher,ORPO: Monolithic Preference Optimization without Reference Model (Paper Explained),http://www.youtube.com/watch?v=52kMBrAI_IM,33:26:00,26K+,Academic Paper Review & Loss Formulation,"Odds Ratio Policy Optimization mathematical formulation ($L_{ORPO} = L_{SFT} + \lambda L_{OR}$), odds ratio penalty terms.",Fine-tuning and aligning an LLM in a single training step without keeping a frozen reference model in GPU memory.,"Teaching a child to ride a bike while simultaneously teaching them traffic safety, rather than doing them in separate years.","Memory-constrained fine-tuning clusters, single-run alignment pipelines.","Classic Yannic paper analysis, deep dive into odds ratios vs probability ratios.",Highlight the memory savings: standard DPO requires two models in VRAM (active model + frozen reference model); ORPO requires only one.,120360,26000.0,"ORPO: Monolithic Preference Optimization without Reference Model (Paper Explained) Academic Paper Review & Loss Formulation Odds Ratio Policy Optimization mathematical formulation ($L_{ORPO} = L_{SFT} + \lambda L_{OR}$), odds ratio penalty terms. Fine-tuning and aligning an LLM in a single training step without keeping a frozen reference model in GPU memory. Teaching a child to ride a bike while simultaneously teaching them traffic safety, rather than doing them in separate years. Memory-constrained fine-tuning clusters, single-run alignment pipelines. Highlight the memory savings: standard DPO requires two models in VRAM (active model + frozen reference model); ORPO requires only one.",1,1,1,1,1,0,694,97,10.165890277802454,1
VID-374,LLM Systems & Inference Optimization,Fahd Mirza,SimPO - Simple Preference Optimization - New RLHF Method,http://www.youtube.com/watch?v=lYmUjABuUzE,6:56,490+,Pragmatic Architecture Overview,"Paper diagrams, length-normalized reward formulation, comparison benchmarks against DPO on AlpacaEval 2.",Preventing length bias where models generate artificially verbose responses to achieve higher preference scores.,Grading essays by quality per page rather than by the total physical thickness of the stapled paper.,"State-of-the-art open-source model alignment, eliminating verbosity bias.","Concise, focused 7-minute overview, clear slide breakdowns.",Explain Length Normalization: dividing the sequence log-likelihood by length prevents models from exploiting length bias to artificially game preference evaluations.,416,490.0,"SimPO - Simple Preference Optimization - New RLHF Method Pragmatic Architecture Overview Paper diagrams, length-normalized reward formulation, comparison benchmarks against DPO on AlpacaEval 2. Preventing length bias where models generate artificially verbose responses to achieve higher preference scores. Grading essays by quality per page rather than by the total physical thickness of the stapled paper. State-of-the-art open-source model alignment, eliminating verbosity bias. Explain Length Normalization: dividing the sequence log-likelihood by length prevents models from exploiting length bias to artificially game preference evaluations.",1,1,1,1,0,0,647,82,6.19644412779452,4
VID-375,LLM Systems & Inference Optimization,Yannic Kilcher,[GRPO Explained] DeepSeekMath: Pushing the Limits of Mathematical Reasoning in Open Language Models,http://www.youtube.com/watch?v=bAWV_yrqx4w,1:09:00,174K+,Exhaustive Paper Deconstruction & RL Formulations,"Group Relative Policy Optimization mathematical formulas, comparison with standard PPO value functions, GSM8K and MATH scaling curves.","Sampling 64 candidate math derivations for a problem, calculating relative advantages within the group, and updating weights without a critic model.","Grading a class on a curve: your test score is evaluated relative to the performance of your study group, not against an abstract universal proctor.","DeepSeek-R1, reasoning foundation models, automated theorem proving.","One of the most important technical videos of 2025/2026; unmatched depth, line-by-line equation analysis.",Walk through the GRPO equation step-by-step: show that normalizing rewards within a group of sampled responses mathematically cancels out the need for a value/critic network.,4140,174000.0,"[GRPO Explained] DeepSeekMath: Pushing the Limits of Mathematical Reasoning in Open Language Models Exhaustive Paper Deconstruction & RL Formulations Group Relative Policy Optimization mathematical formulas, comparison with standard PPO value functions, GSM8K and MATH scaling curves. Sampling 64 candidate math derivations for a problem, calculating relative advantages within the group, and updating weights without a critic model. Grading a class on a curve: your test score is evaluated relative to the performance of your study group, not against an abstract universal proctor. DeepSeek-R1, reasoning foundation models, automated theorem proving. Walk through the GRPO equation step-by-step: show that normalizing rewards within a group of sampled responses mathematically cancels out the need for a value/critic network.",1,1,1,1,1,0,826,114,12.066816325306588,4
VID-376,LLM Systems & Inference Optimization,AI Papers Academy,GRPO Reinforcement Learning Explained (DeepSeekMath Paper),http://www.youtube.com/watch?v=YCawyzAOg1Y,14:39,5.8K+,Concise Algorithmic Animation,"Animated diagrams contrasting PPO (Actor, Critic, Reference Model, Reward Model) with GRPO (Actor + Group Sampling).",Saving 50% of GPU VRAM during reinforcement learning training by completely eliminating the Critic neural network.,Eliminating a high-priced external consultant and letting team members peer-review each other's work.,Scaling large reasoning models cost-effectively.,"Crisp animated visuals, calm articulate voiceover, structured 14-minute breakdown.","Diagram the VRAM footprints: show that PPO requires 4 distinct neural models in GPU memory, while GRPO requires only the base model and reference.",879,5800.0,"GRPO Reinforcement Learning Explained (DeepSeekMath Paper) Concise Algorithmic Animation Animated diagrams contrasting PPO (Actor, Critic, Reference Model, Reward Model) with GRPO (Actor + Group Sampling). Saving 50% of GPU VRAM during reinforcement learning training by completely eliminating the Critic neural network. Eliminating a high-priced external consultant and letting team members peer-review each other's work. Scaling large reasoning models cost-effectively. Diagram the VRAM footprints: show that PPO requires 4 distinct neural models in GPU memory, while GRPO requires only the base model and reference.",1,1,1,1,0,0,618,83,8.665785595466064,4
VID-377,Advanced Retrieval & Search,LangChain,Self-reflective RAG with LangGraph: Self-RAG and CRAG,http://www.youtube.com/watch?v=pbAd8O1Lvm4,17:38,39K+,Cyclic Graph Architecture & Code Implementation,LangGraph state diagrams with conditional router edges: Document Grader -> Query Rewriter -> Web Search Fallback.,"An agent grading retrieved documents for relevance, discarding useless chunks, rewriting the query, and falling back to Google search when vector retrieval fails.","A diligent student doing research: if the first library book is irrelevant, they don't quote it blindly—they put it back and search a different shelf.",Production enterprise Q&A systems with near-zero hallucination rates.,"Authoritative LangChain engineer walkthrough, high-resolution code display, clear cyclic state flow.",Show the cyclic loop: standard RAG is a straight conveyor belt; agentic RAG is a loop that can self-correct when retrieved context is poor.,1058,39000.0,"Self-reflective RAG with LangGraph: Self-RAG and CRAG Cyclic Graph Architecture & Code Implementation LangGraph state diagrams with conditional router edges: Document Grader -> Query Rewriter -> Web Search Fallback. An agent grading retrieved documents for relevance, discarding useless chunks, rewriting the query, and falling back to Google search when vector retrieval fails. A diligent student doing research: if the first library book is irrelevant, they don't quote it blindly—they put it back and search a different shelf. Production enterprise Q&A systems with near-zero hallucination rates. Show the cyclic loop: standard RAG is a straight conveyor belt; agentic RAG is a loop that can self-correct when retrieved context is poor.",1,1,1,1,1,1,739,109,10.5713425658087,0
VID-378,Advanced Retrieval & Search,CampusX,Advanced RAG: How Corrective RAG (CRAG) Solves Traditional RAG Problems | CampusX,http://www.youtube.com/watch?v=41XDn81nR5c,1:15:09,63K+,Comprehensive Code & Architectural Deep Dive,"CRAG framework architecture slides, confidence threshold scoring logic, Python code connecting LangChain with Tavily web search.",Evaluating retrieved legal case summaries and automatically triggering live web search when internal relevance confidence falls below 0.6.,A doctor ordering a secondary blood test when the initial scan results are inconclusive rather than guessing a diagnosis.,"Enterprise compliance portals, customer support bots that seamlessly bridge private knowledge bases with public web documentation.","Thorough Indian English educator pedagogy, complete code walkthrough, crystal-clear architectural explanations.","Implement the Document Evaluator: show how a lightweight evaluator model tags documents as 'Correct', 'Incorrect', or 'Ambiguous' before generation.",4509,63000.0,"Advanced RAG: How Corrective RAG (CRAG) Solves Traditional RAG Problems | CampusX Comprehensive Code & Architectural Deep Dive CRAG framework architecture slides, confidence threshold scoring logic, Python code connecting LangChain with Tavily web search. Evaluating retrieved legal case summaries and automatically triggering live web search when internal relevance confidence falls below 0.6. A doctor ordering a secondary blood test when the initial scan results are inconclusive rather than guessing a diagnosis. Enterprise compliance portals, customer support bots that seamlessly bridge private knowledge bases with public web documentation. Implement the Document Evaluator: show how a lightweight evaluator model tags documents as 'Correct', 'Incorrect', or 'Ambiguous' before generation.",1,1,1,1,0,1,796,106,11.050905878263569,0
VID-379,Advanced Retrieval & Search,Sam Witteveen,Advanced RAG 05 - HyDE - Hypothetical Document Embeddings,http://www.youtube.com/watch?v=v_BnBEubv58,11:53,23K+,Semantic Search Optimization & Vector Similarity,Vector space diagrams showing query-document embedding misalignment; generating a hypothetical answer to bridge the semantic gap.,"Searching an internal engineering wiki for 'How do I fix error code 4039?' by first generating a hallucinated typical answer, then embedding that answer to retrieve real documentation.",Sketching a rough composite drawing of a suspect so eyewitnesses have a face to recognize rather than relying on a vague text description.,"Technical documentation search, customer issue triage where queries are short and informal.","Calm, deeply analytical presentation, clear slides, focused 12-minute runtime.",The 'suspect sketch' analogy explains why embedding a hypothetical document finds real documents better than embedding a short 3-word question.,713,23000.0,"Advanced RAG 05 - HyDE - Hypothetical Document Embeddings Semantic Search Optimization & Vector Similarity Vector space diagrams showing query-document embedding misalignment; generating a hypothetical answer to bridge the semantic gap. Searching an internal engineering wiki for 'How do I fix error code 4039?' by first generating a hallucinated typical answer, then embedding that answer to retrieve real documentation. Sketching a rough composite drawing of a suspect so eyewitnesses have a face to recognize rather than relying on a vague text description. Technical documentation search, customer issue triage where queries are short and informal. The 'suspect sketch' analogy explains why embedding a hypothetical document finds real documents better than embedding a short 3-word question.",1,1,1,1,1,1,796,114,10.043292972227004,0
VID-380,Advanced Retrieval & Search,Prompt Engineering,Stop Losing Context! How Late Chunking Can Enhance Your Retrieval Systems,http://www.youtube.com/watch?v=Hj7PuK1bMZU,16:49,32K+,Long-Context Embedding & Late Pooling,"Jina AI late chunking diagrams: passing the full 8192-token document through the transformer first, then pooling token representations into chunks.","Preserving cross-chunk pronoun references (e.g., 'Berlin' in chunk 1 and 'it is the capital' in chunk 2) without losing context.","Reading an entire chapter of a book first so you understand every sentence, rather than tearing the pages into strips before reading.","Legal contract search, long financial filings retrieval.","High clarity, crisp diagrams, clear Python code demonstration using Jina embeddings.","Contrast Traditional Chunking (chunk first, embed independently) with Late Chunking (embed full document, then pool chunks) to illustrate why context is preserved.",1009,32000.0,"Stop Losing Context! How Late Chunking Can Enhance Your Retrieval Systems Long-Context Embedding & Late Pooling Jina AI late chunking diagrams: passing the full 8192-token document through the transformer first, then pooling token representations into chunks. Preserving cross-chunk pronoun references (e.g., 'Berlin' in chunk 1 and 'it is the capital' in chunk 2) without losing context. Reading an entire chapter of a book first so you understand every sentence, rather than tearing the pages into strips before reading. Legal contract search, long financial filings retrieval. Contrast Traditional Chunking (chunk first, embed independently) with Late Chunking (embed full document, then pool chunks) to illustrate why context is preserved.",1,1,1,1,0,0,743,107,10.373522431293592,0
VID-381,Advanced Retrieval & Search,AI WITH Rithesh,Self-RAG : Self Reflective AI for powerful Retrieval Augmented Generation,http://www.youtube.com/watch?v=hoQj66kc7U0,12:48,1.8K+,Specialized Reflection Tokens & Selective Retrieval,"Reflection tokens: `[Retrieve]`, `[IsRel]`, `[IsSup]`, `[IsUse]`, decision trees for adaptive retrieval.","A model deciding on the fly that it already knows the capital of France (no retrieval needed), but emitting `[Retrieve]` when asked about yesterday's stock earnings.",A student in an open-book exam who only opens the textbook when they hit a question they don't already have memorized.,Cutting RAG latency and API costs by avoiding redundant searches for common knowledge.,"Clear slide design, structured conceptual breakdown, crisp audio.",The 'open-book exam' analogy makes the concept of Adaptive Retrieval immediately understandable.,768,1800.0,"Self-RAG : Self Reflective AI for powerful Retrieval Augmented Generation Specialized Reflection Tokens & Selective Retrieval Reflection tokens: `[Retrieve]`, `[IsRel]`, `[IsSup]`, `[IsUse]`, decision trees for adaptive retrieval. A model deciding on the fly that it already knows the capital of France (no retrieval needed), but emitting `[Retrieve]` when asked about yesterday's stock earnings. A student in an open-book exam who only opens the textbook when they hit a question they don't already have memorized. Cutting RAG latency and API costs by avoiding redundant searches for common knowledge. The 'open-book exam' analogy makes the concept of Adaptive Retrieval immediately understandable.",1,1,1,1,0,0,699,99,7.496097345175956,0
VID-382,Computer Vision & Multimodal AI,Neural Breakdown with AVB,How does Segment Anything 2 (SAM 2) work? Paper and Network Architecture Explained!,http://www.youtube.com/watch?v=wMGb97EZkVU,15:41,16K+,Video Segmentation & Streaming Memory Architecture,"Memory Attention, Memory Encoder, and Memory Bank diagrams tracking objects across video frames with occlusion handling.",Segmenting a gymnast in a 4K video clip and maintaining tracking even when they spin and disappear behind balance beams.,A video editor remembering a character's clothing and posture so they can track them across scene cuts without re-clicking.,"Video editing software, autonomous driving vehicle tracking, surgical video annotation.","Top-tier AI researcher presentation, structured slides, exceptionally lucid architectural explanations.",Explain the Memory Bank: storing spatial features of past frames and user prompt interactions enables zero-shot video object segmentation.,941,16000.0,"How does Segment Anything 2 (SAM 2) work? Paper and Network Architecture Explained! Video Segmentation & Streaming Memory Architecture Memory Attention, Memory Encoder, and Memory Bank diagrams tracking objects across video frames with occlusion handling. Segmenting a gymnast in a 4K video clip and maintaining tracking even when they spin and disappear behind balance beams. A video editor remembering a character's clothing and posture so they can track them across scene cuts without re-clicking. Video editing software, autonomous driving vehicle tracking, surgical video annotation. Explain the Memory Bank: storing spatial features of past frames and user prompt interactions enables zero-shot video object segmentation.",1,1,1,1,0,0,727,103,9.680406499268877,3
VID-383,Computer Vision & Multimodal AI,Ultralytics,How to Use Ultralytics YOLO11 for Object Detection and Tracking| How to Benchmark | YOLO11 RELEASED🚀,http://www.youtube.com/watch?v=-JXwa-WlkU8,8:32,111K+,Official Release Benchmark & Architecture Guide,"C3k2 blocks, SPPF modules, depthwise separable convolutions, latency vs mAP benchmark scatter plots.",Running real-time object detection at 300 FPS on an Nvidia RTX GPU with higher precision than YOLOv8.,A high-performance sports car engine with lighter titanium pistons delivering more horsepower with less fuel.,"Edge camera devices, factory assembly line automated inspection, smart drones.","Official Ultralytics production polish, clear screencasts, direct-from-maintainers benchmarks.",Show the mAP vs Latency Pareto frontier curve: that single plot justifies why engineers upgrade between YOLO versions.,512,111000.0,"How to Use Ultralytics YOLO11 for Object Detection and Tracking| How to Benchmark | YOLO11 RELEASED🚀 Official Release Benchmark & Architecture Guide C3k2 blocks, SPPF modules, depthwise separable convolutions, latency vs mAP benchmark scatter plots. Running real-time object detection at 300 FPS on an Nvidia RTX GPU with higher precision than YOLOv8. A high-performance sports car engine with lighter titanium pistons delivering more horsepower with less fuel. Edge camera devices, factory assembly line automated inspection, smart drones. Show the mAP vs Latency Pareto frontier curve: that single plot justifies why engineers upgrade between YOLO versions.",1,1,1,1,0,0,659,95,11.6172944892629,3
VID-384,Computer Vision & Multimodal AI,AI Bites,LLaVA - the first instruction following multi-modal model (paper explained),http://www.youtube.com/watch?v=GMOREHJTbR4,10:45,14K+,Multimodal Projection & Instruction Tuning,"CLIP visual encoder output projected through a linear layer into Vicuna LLM word embedding space, conversation prompt templates.",Asking an AI 'Why is this image funny?' and having it explain visual visual ironies and background details.,Translating a foreign film by having an interpreter whisper image descriptions directly into the ear of a blind scholar.,"Visual assistants for the visually impaired, automated photo understanding.","Clear developer audio, high-density diagrams, focused 10-minute runtime.",Highlight the simple projection matrix: a single linear projection matrix $W$ was enough to connect CLIP vision tokens with LLM text tokens.,645,14000.0,"LLaVA - the first instruction following multi-modal model (paper explained) Multimodal Projection & Instruction Tuning CLIP visual encoder output projected through a linear layer into Vicuna LLM word embedding space, conversation prompt templates. Asking an AI 'Why is this image funny?' and having it explain visual visual ironies and background details. Translating a foreign film by having an interpreter whisper image descriptions directly into the ear of a blind scholar. Visual assistants for the visually impaired, automated photo understanding. Highlight the simple projection matrix: a single linear projection matrix $W$ was enough to connect CLIP vision tokens with LLM text tokens.",1,1,1,1,1,0,693,101,9.546884034617923,6
VID-385,Computer Vision & Multimodal AI,Aleksa Gordić - The AI Epiphany,OpenAI CLIP - Connecting Text and Images | Paper Explained,http://www.youtube.com/watch?v=fQyHEXZB-nM,53:07:00,21K+,Contrastive Multimodal Pretraining Masterclass,"CLIP matrix cosine similarity grid ($I 	imes T$), contrastive loss formulas, zero-shot ImageNet classification benchmarks.","Classifying 1,000 ImageNet categories with zero training labels by matching image embeddings to text embeddings like 'a photo of a [class]'.",A universal currency exchange office that converts euros (images) and dollars (text) into gold bullion (shared embedding vector).,"Text-to-image conditioning in Stable Diffusion, image search engines.","Master-level research paper breakdown, complete technical explanations, crystal-clear whiteboard derivations.",The 'universal currency' analogy makes shared multimodal embedding spaces immediately intuitive.,191220,21000.0,"OpenAI CLIP - Connecting Text and Images | Paper Explained Contrastive Multimodal Pretraining Masterclass CLIP matrix cosine similarity grid ($I 	imes T$), contrastive loss formulas, zero-shot ImageNet classification benchmarks. Classifying 1,000 ImageNet categories with zero training labels by matching image embeddings to text embeddings like 'a photo of a [class]'. A universal currency exchange office that converts euros (images) and dollars (text) into gold bullion (shared embedding vector). Text-to-image conditioning in Stable Diffusion, image search engines. The 'universal currency' analogy makes shared multimodal embedding spaces immediately intuitive.",1,1,1,1,1,0,666,87,9.952325334619427,5
VID-386,Computer Vision & Multimodal AI,Yannic Kilcher,DETR: End-to-End Object Detection with Transformers (Paper Explained),http://www.youtube.com/watch?v=T35ba_VXkMY,40:57:00,174K+,Bipartite Matching & Detection Transformers,"Hungarian matching algorithm loss equations, learned object query embeddings, transformer encoder-decoder attention maps.",Detecting objects directly as a set prediction problem without needing hand-designed anchor boxes or Non-Max Suppression (NMS).,"A panel of 100 art critics each assigned to describe a unique object in a painting, with a mediator assigning critics to objects via a fair auction.","Modern computer vision foundation models (RT-DETR, Grounding DINO).","Deep paper review, transparent paper highlighting, thorough equation analysis.",Explain the Hungarian algorithm: how bipartite matching cleanly eliminates the need for Non-Max Suppression (NMS) heuristic post-processing.,147420,174000.0,"DETR: End-to-End Object Detection with Transformers (Paper Explained) Bipartite Matching & Detection Transformers Hungarian matching algorithm loss equations, learned object query embeddings, transformer encoder-decoder attention maps. Detecting objects directly as a set prediction problem without needing hand-designed anchor boxes or Non-Max Suppression (NMS). A panel of 100 art critics each assigned to describe a unique object in a painting, with a mediator assigning critics to objects via a fair auction. Modern computer vision foundation models (RT-DETR, Grounding DINO). Explain the Hungarian algorithm: how bipartite matching cleanly eliminates the need for Non-Max Suppression (NMS) heuristic post-processing.",1,1,1,1,0,0,721,95,12.066816325306588,3
VID-387,Computer Vision & Multimodal AI,Code With Aarohi,Learn What Is Introduced in YOLOv10 | YOLOv10 Paper Explained,http://www.youtube.com/watch?v=2ZFJbeJXXDM,10:28,11K+,NMS-Free Real-Time Object Detection,"Dual label assignments (one-to-many for rich training gradients, one-to-one for NMS-free inference), partial self-attention modules.",Eliminating Non-Max Suppression inference latency completely to achieve true end-to-end detection speedups.,"A kitchen where two chefs cook simultaneously during prep, but only one chef delivers the dish directly to the customer without an inspector reviewing it.","Low-latency drone navigation, real-time robotics vision.","Clear instructional delivery, high-density diagrams, concise 10-minute explanation.","Explain Dual Label Assignment: using one-to-many matching during training provides rich supervisory gradients, while one-to-one matching during inference eliminates NMS entirely.",628,11000.0,"Learn What Is Introduced in YOLOv10 | YOLOv10 Paper Explained NMS-Free Real-Time Object Detection Dual label assignments (one-to-many for rich training gradients, one-to-one for NMS-free inference), partial self-attention modules. Eliminating Non-Max Suppression inference latency completely to achieve true end-to-end detection speedups. A kitchen where two chefs cook simultaneously during prep, but only one chef delivers the dish directly to the customer without an inspector reviewing it. Low-latency drone navigation, real-time robotics vision. Explain Dual Label Assignment: using one-to-many matching during training provides rich supervisory gradients, while one-to-one matching during inference eliminates NMS entirely.",1,1,1,1,0,0,729,93,9.305741456739437,3
VID-388,Academic Lectures & Foundational Courses,Stanford,Lecture 2 | Machine Learning (Stanford),http://www.youtube.com/watch?v=5u4G23_OohI,1:16:16,850K+,Classroom Derivation & Gradient Descent,"Andrew Ng writing on the chalkboard, deriving batch gradient descent update rules and the normal equation $	heta = (X^T X)^{-1} X^T y$.",Predicting housing prices from square footage and number of bedrooms.,Walking downhill step by step to find the lowest valley in a landscape.,Linear predictive models in economic forecasting and real estate appraisal.,"Historical landmark lecture, clear handwriting, patient step-by-step mathematical pacing.","Derive the Normal Equation analytically on the board to prove that for small datasets, an exact closed-form solution exists without iterating.",4576,850000.0,"Lecture 2 | Machine Learning (Stanford) Classroom Derivation & Gradient Descent Andrew Ng writing on the chalkboard, deriving batch gradient descent update rules and the normal equation $	heta = (X^T X)^{-1} X^T y$. Predicting housing prices from square footage and number of bedrooms. Walking downhill step by step to find the lowest valley in a landscape. Linear predictive models in economic forecasting and real estate appraisal. Derive the Normal Equation analytically on the board to prove that for small datasets, an exact closed-form solution exists without iterating.",1,1,1,1,1,0,576,88,13.652992804936396,4
VID-389,Academic Lectures & Foundational Courses,Stanford,Lecture 3 | Machine Learning (Stanford),http://www.youtube.com/watch?v=HZ4cvaztQEs,1:14:15,540K+,Locally Weighted & Non-Parametric Regression,"Chalkboard sketches of parametric vs non-parametric curve fits, decaying Gaussian weight kernels.",Fitting complex non-linear housing price curves without needing polynomial feature engineering.,Giving more weight to opinions of neighbors who live on your exact block than people living across town.,"Local density estimation, real-time localized sensor calibrations.","Legendary academic clarity, deliberate pacing, thorough derivations.",The 'local neighbor opinion' analogy clearly explains the difference between parametric models (fixed parameters) and non-parametric models (keeping all data in memory).,4455,540000.0,"Lecture 3 | Machine Learning (Stanford) Locally Weighted & Non-Parametric Regression Chalkboard sketches of parametric vs non-parametric curve fits, decaying Gaussian weight kernels. Fitting complex non-linear housing price curves without needing polynomial feature engineering. Giving more weight to opinions of neighbors who live on your exact block than people living across town. Local density estimation, real-time localized sensor calibrations. The 'local neighbor opinion' analogy clearly explains the difference between parametric models (fixed parameters) and non-parametric models (keeping all data in memory).",1,1,1,1,0,0,620,81,13.199326270390594,8
VID-390,Academic Lectures & Foundational Courses,Stanford,Lecture 4 | Machine Learning (Stanford),http://www.youtube.com/watch?v=het9HFqo1TQ,1:17:34,490K+,Probabilistic Classification & Newton's Method,"Chalkboard derivations of Logistic Regression via Bernoulli log-likelihood, Newton-Raphson second-order Hessian updates.",Classifying tumor malignancy using sigmoid probability thresholds and Newton's method quadratic convergence.,Using a parabolic bowl to jump directly to the bottom of the curve rather than taking tiny baby steps.,High-speed second-order optimization in statistical machine learning.,"Flawless mathematical pedagogy, deep probabilistic grounding, pristine delivery.","Contrast Gradient Descent (first derivative, linear convergence) with Newton's Method (second derivative, quadratic convergence) to show trade-offs.",4654,490000.0,"Lecture 4 | Machine Learning (Stanford) Probabilistic Classification & Newton's Method Chalkboard derivations of Logistic Regression via Bernoulli log-likelihood, Newton-Raphson second-order Hessian updates. Classifying tumor malignancy using sigmoid probability thresholds and Newton's method quadratic convergence. Using a parabolic bowl to jump directly to the bottom of the curve rather than taking tiny baby steps. High-speed second-order optimization in statistical machine learning. Contrast Gradient Descent (first derivative, linear convergence) with Newton's Method (second derivative, quadratic convergence) to show trade-offs.",1,1,1,1,1,0,638,78,13.102162710901052,8
VID-391,Academic Lectures & Foundational Courses,Stanford,Lecture 5 | Machine Learning (Stanford),http://www.youtube.com/watch?v=qRJ3GKMOFrE,1:15:20,410K+,Generative vs Discriminative Learning & GDA,"Gaussian Discriminant Analysis (GDA) contour ellipses, multivariate Gaussian formulas, naive Bayes conditional independence tables.",Distinguishing medical diagnoses by modeling the distribution of symptoms within diseased vs healthy populations.,Discriminative models draw a dividing fence between cats and dogs; Generative models study biology so they know what a cat looks like on its own.,"Medical anomaly detection, spam filtering.","Classic Stanford university lecture, crystal-clear conceptual comparisons.",The 'drawing a fence vs studying biology' analogy provides the cleanest possible distinction between discriminative $p(y|x)$ and generative $p(x|y)p(y)$ modeling.,4520,410000.0,"Lecture 5 | Machine Learning (Stanford) Generative vs Discriminative Learning & GDA Gaussian Discriminant Analysis (GDA) contour ellipses, multivariate Gaussian formulas, naive Bayes conditional independence tables. Distinguishing medical diagnoses by modeling the distribution of symptoms within diseased vs healthy populations. Discriminative models draw a dividing fence between cats and dogs; Generative models study biology so they know what a cat looks like on its own. Medical anomaly detection, spam filtering. The 'drawing a fence vs studying biology' analogy provides the cleanest possible distinction between discriminative $p(y|x)$ and generative $p(x|y)p(y)$ modeling.",1,1,1,1,0,0,681,90,12.923914877701906,8
VID-392,Academic Lectures & Foundational Courses,Stanford,Lecture 6 | Machine Learning (Stanford),http://www.youtube.com/watch?v=rVfZHylV2CE,1:13:50,380K+,Support Vector Machines & Geometric Margins,"Chalkboard sketches of functional vs geometric margins, optimal margin classifier hyperplane, Lagrange multipliers.",Maximizing separation between positive and negative training examples to find the single most robust decision boundary.,Setting up a wide buffer zone between two hostile territories to minimize accidental border crossings.,"Classification of high-dimensional genetic microarrays, text categorization.","Rigorous, structured, clear derivations of the primal optimization problem.","Show that the geometric margin is invariant to rescaling weights, proving why we can set the functional margin to 1 without loss of generality.",4430,380000.0,"Lecture 6 | Machine Learning (Stanford) Support Vector Machines & Geometric Margins Chalkboard sketches of functional vs geometric margins, optimal margin classifier hyperplane, Lagrange multipliers. Maximizing separation between positive and negative training examples to find the single most robust decision boundary. Setting up a wide buffer zone between two hostile territories to minimize accidental border crossings. Classification of high-dimensional genetic microarrays, text categorization. Show that the geometric margin is invariant to rescaling weights, proving why we can set the functional margin to 1 without loss of generality.",1,1,1,1,1,0,643,87,12.847929163278051,8
VID-393,Academic Lectures & Foundational Courses,Stanford,Lecture 7 | Machine Learning (Stanford),http://www.youtube.com/watch?v=bUv9bfMPMb4,1:14:02,350K+,The Kernel Trick & Dual Formulations,"Chalkboard derivations of the Wolfe Dual, inner product substitutions $\langle x, z 
angle 	o K(x, z)$, infinite-dimensional feature spaces.",Mapping 2D non-linearly separable circles into 3D paraboloids using radial basis function (RBF) kernels.,"Looking at an tangled knot from the side where it looks impossible to separate, then looking from above where it separates cleanly.",Support Vector Machines for complex non-linear classification.,World-class lecture on one of the most elegant mathematical concepts in computer science.,"Demonstrate that the dual formulation expresses everything in terms of inner products, making the Kernel Trick mathematically seamless.",4442,350000.0,"Lecture 7 | Machine Learning (Stanford) The Kernel Trick & Dual Formulations Chalkboard derivations of the Wolfe Dual, inner product substitutions $\langle x, z 
angle 	o K(x, z)$, infinite-dimensional feature spaces. Mapping 2D non-linearly separable circles into 3D paraboloids using radial basis function (RBF) kernels. Looking at an tangled knot from the side where it looks impossible to separate, then looking from above where it separates cleanly. Support Vector Machines for complex non-linear classification. Demonstrate that the dual formulation expresses everything in terms of inner products, making the Kernel Trick mathematically seamless.",1,1,1,1,1,0,653,92,12.765691290604371,7
VID-394,Academic Lectures & Foundational Courses,Stanford Online,Stanford CS224N: NLP with Deep Learning | Winter 2021 | Lecture 2 - Word Vectors and Word Senses,http://www.youtube.com/watch?v=kEMJRjTVQhA,1:21:44,280K+,Word Semantics & Vector Space Geometry,"Word2Vec Skip-gram objective loss derivations, negative sampling formulas, GloVe log-bilinear model co-occurrence matrices.",Evaluating word vector analogies: vector('king') - vector('man') + vector('woman') = vector('queen').,Mapping words to cities on a globe where distance corresponds to semantic similarity.,"Embedding layers in search ranking, recommender systems, machine translation.","Christopher Manning's authoritative linguistics and computer science mastery, clear presentation slides.",Explain Negative Sampling: replacing expensive vocabulary-wide softmax normalization with simple binary logistic regressions over 5 random negative words.,4904,280000.0,"Stanford CS224N: NLP with Deep Learning | Winter 2021 | Lecture 2 - Word Vectors and Word Senses Word Semantics & Vector Space Geometry Word2Vec Skip-gram objective loss derivations, negative sampling formulas, GloVe log-bilinear model co-occurrence matrices. Evaluating word vector analogies: vector('king') - vector('man') + vector('woman') = vector('queen'). Mapping words to cities on a globe where distance corresponds to semantic similarity. Embedding layers in search ranking, recommender systems, machine translation. Explain Negative Sampling: replacing expensive vocabulary-wide softmax normalization with simple binary logistic regressions over 5 random negative words.",1,1,1,1,1,0,680,88,12.54254845357358,6
VID-395,Academic Lectures & Foundational Courses,Stanford Online,Stanford CS224N: NLP with Deep Learning | Winter 2021 | Lecture 5 - Recurrent Neural Networks (RNNs) and Language Models,http://www.youtube.com/watch?v=0LixF20K-80,1:22:15,210K+,Sequential Deep Learning & Language Modeling,"Unrolled RNN computation graphs through time, vanishing and exploding gradient eigenvalue proofs, gradient clipping.",Predicting the next word in news articles and Shakespeare sonnets using character-level and word-level RNNs.,A game of telephone where the message degrades with every person it passes through.,"Early speech recognition engines, machine translation before transformers.","Deep theoretical rigor, transparent explanation of the mathematical cause of vanishing gradients.",Prove why vanishing gradients occur: repeated matrix multiplications by hidden weight matrix $W_h$ cause eigenvalues $< 1$ to decay exponentially to zero.,4935,210000.0,"Stanford CS224N: NLP with Deep Learning | Winter 2021 | Lecture 5 - Recurrent Neural Networks (RNNs) and Language Models Sequential Deep Learning & Language Modeling Unrolled RNN computation graphs through time, vanishing and exploding gradient eigenvalue proofs, gradient clipping. Predicting the next word in news articles and Shakespeare sonnets using character-level and word-level RNNs. A game of telephone where the message degrades with every person it passes through. Early speech recognition engines, machine translation before transformers. Prove why vanishing gradients occur: repeated matrix multiplications by hidden weight matrix $W_h$ cause eigenvalues $< 1$ to decay exponentially to zero.",1,1,1,1,1,0,705,99,12.25486757159303,6
VID-396,Academic Lectures & Foundational Courses,Stanford Online,"Stanford CS224N: NLP with Deep Learning | Winter 2021 | Lecture 6 - Machine Translation, Sequence-to-Sequence and Attention",http://www.youtube.com/watch?v=SysgYptnh1U,1:23:05,195K+,Seq2Seq & The Birth of Attention,"Encoder-Decoder architecture diagrams, the information bottleneck of fixed-size context vectors, dynamic attention alignment matrices.",Translating long French sentences into English without losing details from the opening clause.,"A human translator taking live notes during a speech and glancing back at specific words while translating, rather than memorizing the entire speech.","Google Translate, modern sequence-to-sequence translation.","Historical and conceptual landmark lecture; pristine presentation slides, clear pedagogy.",Show the Attention Matrix: visual heatmaps linking source words to target words demonstrate how attention solves the seq2seq bottleneck.,4985,195000.0,"Stanford CS224N: NLP with Deep Learning | Winter 2021 | Lecture 6 - Machine Translation, Sequence-to-Sequence and Attention Seq2Seq & The Birth of Attention Encoder-Decoder architecture diagrams, the information bottleneck of fixed-size context vectors, dynamic attention alignment matrices. Translating long French sentences into English without losing details from the opening clause. A human translator taking live notes during a speech and glancing back at specific words while translating, rather than memorizing the entire speech. Google Translate, modern sequence-to-sequence translation. Show the Attention Matrix: visual heatmaps linking source words to target words demonstrate how attention solves the seq2seq bottleneck.",1,1,1,1,1,0,732,98,12.180759965737863,6
VID-397,Academic Lectures & Foundational Courses,Stanford Online,Stanford CS224N: NLP with Deep Learning | Winter 2021 | Lecture 8 - Pretraining,http://www.youtube.com/watch?v=TQQlZhbC5ps,1:20:48,165K+,Foundation Model Pretraining Paradigms,"Comparative taxonomy of Autoregressive (GPT), Masked Autoencoder (BERT), and Encoder-Decoder (T5) architectures.",Pretraining on 40GB of web text and fine-tuning on small sentiment or question-answering datasets.,Getting a general university education before starting a specific job apprenticeship.,The modern foundation model paradigm powering generative AI.,"Comprehensive academic overview, clear taxonomy, authoritative delivery.","Contrast the three pretraining objectives (Causal LM, Masked LM, Prefix LM) in a clear 3-column comparative matrix.",4848,165000.0,"Stanford CS224N: NLP with Deep Learning | Winter 2021 | Lecture 8 - Pretraining Foundation Model Pretraining Paradigms Comparative taxonomy of Autoregressive (GPT), Masked Autoencoder (BERT), and Encoder-Decoder (T5) architectures. Pretraining on 40GB of web text and fine-tuning on small sentiment or question-answering datasets. Getting a general university education before starting a specific job apprenticeship. The modern foundation model paradigm powering generative AI. Contrast the three pretraining objectives (Causal LM, Masked LM, Prefix LM) in a clear 3-column comparative matrix.",1,1,1,1,1,0,593,80,12.013706813470414,6
VID-398,Academic Lectures & Foundational Courses,Alexander Amini,"MIT 6.S191: Recurrent Neural Networks, Transformers, and Attention",http://www.youtube.com/watch?v=ySEx_BqxvVU,47:20:00,220K+,Modern Sequential Architecture Masterclass,"Dynamic high-resolution animations of RNN temporal loops, vanishing gradients, self-attention matrices, multi-head attention blocks.",Music composition generation and automated language translation.,Reading a sentence with a magnifying glass word-by-word (RNN) vs looking at the entire page with panoramic vision (Transformer).,"Modern large language models, audio generation, financial time-series forecasting.","Top-tier MIT production value, high energy, razor-sharp vector graphics, compelling audio.",The 'magnifying glass vs panoramic vision' analogy visually explains why self-attention parallelizes across time steps.,170400,220000.0,"MIT 6.S191: Recurrent Neural Networks, Transformers, and Attention Modern Sequential Architecture Masterclass Dynamic high-resolution animations of RNN temporal loops, vanishing gradients, self-attention matrices, multi-head attention blocks. Music composition generation and automated language translation. Reading a sentence with a magnifying glass word-by-word (RNN) vs looking at the entire page with panoramic vision (Transformer). Modern large language models, audio generation, financial time-series forecasting. The 'magnifying glass vs panoramic vision' analogy visually explains why self-attention parallelizes across time steps.",1,1,1,1,0,0,639,76,12.301387370778713,6
VID-399,Academic Lectures & Foundational Courses,Alexander Amini,MIT 6.S191: Deep Computer Vision,http://www.youtube.com/watch?v=AytfZj2R2uU,51:40:00,190K+,Computer Vision from Convolutions to Detection,"3D convolution kernel animations, feature map hierarchies (edges -> textures -> object parts), spatial pooling.",Autonomous vehicle road lane detection and pedestrian classification.,"A detective reconstructing a crime scene by first finding footprints, then recognizing shoe brands, then identifying the suspect.","Autonomous driving systems, medical tumor classification.","Superb MIT lecture recording, dynamic animated slide overlays, inspiring presentation.",Show the hierarchical feature representations: demonstrate how early layers detect edges while deep layers detect complete human faces.,186000,190000.0,"MIT 6.S191: Deep Computer Vision Computer Vision from Convolutions to Detection 3D convolution kernel animations, feature map hierarchies (edges -> textures -> object parts), spatial pooling. Autonomous vehicle road lane detection and pedestrian classification. A detective reconstructing a crime scene by first finding footprints, then recognizing shoe brands, then identifying the suspect. Autonomous driving systems, medical tumor classification. Show the hierarchical feature representations: demonstrate how early layers detect edges while deep layers detect complete human faces.",1,1,1,1,0,0,585,76,12.154784614286667,3
VID-400,Academic Lectures & Foundational Courses,Alexander Amini,MIT 6.S191: Deep Generative Modeling,http://www.youtube.com/watch?v=QcLekMclU_g,54:12:00,240K+,"Generative Foundations: Autoencoders, VAEs, GANs, Diffusion","Latent space manifold visualizations, ELBO loss derivations, GAN minimax game dynamics, score-based diffusion models.",Synthesizing realistic human faces and interpolating smoothly through latent smile vectors.,A forensic sketch artist drawing a suspect based on eyewitness descriptions.,"Synthetic media generation, drug molecular discovery, image inpainting.","Comprehensive 50-minute tour of all major generative paradigms; clean animations, high energy.","Unify the generative taxonomy in a single overview diagram comparing explicit density models (VAEs, Diffusion) with implicit density models (GANs).",195120,240000.0,"MIT 6.S191: Deep Generative Modeling Generative Foundations: Autoencoders, VAEs, GANs, Diffusion Latent space manifold visualizations, ELBO loss derivations, GAN minimax game dynamics, score-based diffusion models. Synthesizing realistic human faces and interpolating smoothly through latent smile vectors. A forensic sketch artist drawing a suspect based on eyewitness descriptions. Synthetic media generation, drug molecular discovery, image inpainting. Unify the generative taxonomy in a single overview diagram comparing explicit density models (VAEs, Diffusion) with implicit density models (GANs).",1,1,1,1,0,0,603,75,12.388398368982116,5
VID-401,Academic Lectures & Foundational Courses,Alexander Amini,MIT 6.S191: Deep Reinforcement Learning,http://www.youtube.com/watch?v=JgvyzIkgxF0,49:35:00,175K+,"RL Foundations: MDPs, Q-Learning, Policy Gradients","Markov Decision Process state-action diagrams, Q-table Bellman updates, Deep Q-Networks playing Atari Breakout.",Training an AI agent to master Atari video games directly from raw pixel screen inputs.,Training a puppy with dog treats for good behavior and gentle 'no's for mistakes.,"Robotic manipulation, autonomous drone racing, game playing AI.","High visual quality, dynamic live demos, charismatic lecture delivery.",Show the live agent learning curve: showing the agent fail randomly on episode 1 and achieve superhuman combos by episode 500 proves the power of RL.,178500,175000.0,"MIT 6.S191: Deep Reinforcement Learning RL Foundations: MDPs, Q-Learning, Policy Gradients Markov Decision Process state-action diagrams, Q-table Bellman updates, Deep Q-Networks playing Atari Breakout. Training an AI agent to master Atari video games directly from raw pixel screen inputs. Training a puppy with dog treats for good behavior and gentle 'no's for mistakes. Robotic manipulation, autonomous drone racing, game playing AI. Show the live agent learning curve: showing the agent fail randomly on episode 1 and achieve superhuman combos by episode 500 proves the power of RL.",1,1,1,1,0,0,586,87,12.07254696717504,4
VID-402,Reinforcement Learning & Game Theory,AILinkDeepTech,SAC | Soft Actor Critic (SAC) architecture | SAC Explained,http://www.youtube.com/watch?v=ApG0lWv6gGc,15:41,8.9K+,Maximum Entropy Reinforcement Learning,"Maximum entropy objective formulas ($J(\pi) = \sum R + lpha \mathcal{H}(\pi)$), twin Q-network architectures, target smoothing.",Controlling complex continuous-action robotic arms with 7 degrees of freedom without getting stuck in sub-optimal local minima.,"An explorer who not only tries to find gold, but also commits to exploring every interesting cave along the way to ensure they haven't missed a bigger treasure.","Robotics locomotion, industrial robotic arm manipulation, autonomous drone stabilization.","Methodical architectural breakdown, clear mathematical equations, focused 15-minute runtime.",The 'entropy as exploration bonus' explanation clearly illustrates why SAC explores more robustly than standard deterministic policy gradient methods.,941,8900.0,"SAC | Soft Actor Critic (SAC) architecture | SAC Explained Maximum Entropy Reinforcement Learning Maximum entropy objective formulas ($J(\pi) = \sum R + lpha \mathcal{H}(\pi)$), twin Q-network architectures, target smoothing. Controlling complex continuous-action robotic arms with 7 degrees of freedom without getting stuck in sub-optimal local minima. An explorer who not only tries to find gold, but also commits to exploring every interesting cave along the way to ensure they haven't missed a bigger treasure. Robotics locomotion, industrial robotic arm manipulation, autonomous drone stabilization. The 'entropy as exploration bonus' explanation clearly illustrates why SAC explores more robustly than standard deterministic policy gradient methods.",1,1,1,1,0,0,756,103,9.093918908958932,4
VID-403,Reinforcement Learning & Game Theory,Siraj Raval,Actor Critic Algorithms,http://www.youtube.com/watch?v=w_3mmm0P0j8,9:44,110K+,Visual Conceptual Breakdown & Applied Python,"Animated diagrams of the Actor (policy proposing actions) and Critic (value function evaluating actions), baseline subtraction.",Balancing the CartPole inverted pendulum using PyTorch Actor-Critic implementation.,A theater actor performing on stage while an acting director sits in the front row giving real-time constructive criticism.,"Game AI, robotics, real-time algorithmic control.","High energy, entertaining animations, complete code overview in under 10 minutes.",The 'actor on stage and director in the audience' analogy is the definitive intuitive mental model for Actor-Critic architectures.,584,110000.0,"Actor Critic Algorithms Visual Conceptual Breakdown & Applied Python Animated diagrams of the Actor (policy proposing actions) and Critic (value function evaluating actions), baseline subtraction. Balancing the CartPole inverted pendulum using PyTorch Actor-Critic implementation. A theater actor performing on stage while an acting director sits in the front row giving real-time constructive criticism. Game AI, robotics, real-time algorithmic control. The 'actor on stage and director in the audience' analogy is the definitive intuitive mental model for Actor-Critic architectures.",1,1,1,1,0,1,585,78,11.60824473564232,4
VID-404,Reinforcement Learning & Game Theory,Johnny Code,Simply Explaining Proximal Policy Optimization (PPO) | Deep Reinforcement Learning,http://www.youtube.com/watch?v=5VHLd9eCZ-w,31:15:00,34K+,Code-First PyTorch Walkthrough & Clipped Objective,"Piecewise surrogate objective plots, probability ratio $r_t(	heta)$ clipping between $1-\epsilon$ and $1+\epsilon$, Gym LunarLander simulation.",Landing a spacecraft smoothly between two flags on a simulated lunar surface without crashing.,A cautious hiker taking controlled steps along a narrow cliff path rather than taking giant flying leaps.,"ChatGPT RLHF alignment, OpenAI Five Dota 2 bot, robotics locomotion.","Warm, patient developer instruction, line-by-line PyTorch coding, live simulation rendering.","Implement the clipped objective line-by-line: `torch.min(surr1, torch.clamp(ratio, 1-eps, 1+eps)*adv)` to demystify PPO math.",112500,34000.0,"Simply Explaining Proximal Policy Optimization (PPO) | Deep Reinforcement Learning Code-First PyTorch Walkthrough & Clipped Objective Piecewise surrogate objective plots, probability ratio $r_t(	heta)$ clipping between $1-\epsilon$ and $1+\epsilon$, Gym LunarLander simulation. Landing a spacecraft smoothly between two flags on a simulated lunar surface without crashing. A cautious hiker taking controlled steps along a narrow cliff path rather than taking giant flying leaps. ChatGPT RLHF alignment, OpenAI Five Dota 2 bot, robotics locomotion. Implement the clipped objective line-by-line: `torch.min(surr1, torch.clamp(ratio, 1-eps, 1+eps)*adv)` to demystify PPO math.",1,1,1,1,1,1,673,86,10.434145214930489,4
VID-405,Reinforcement Learning & Game Theory,Arxiv Insights,An introduction to Policy Gradient methods - Deep Reinforcement Learning,http://www.youtube.com/watch?v=5P7I-xPq8u8,19:50,270K+,First-Principles Derivation & REINFORCE,"Log-derivative trick derivations ($
abla \log \pi_	heta$), trajectory rollout sampling, variance reduction with baselines.",Training a neural policy to play Pong directly from raw pixel screen inputs.,Trial and error with positive reinforcement: encouraging a puppy when it sits on command and giving zero treats when it jumps on guests.,Foundation of all modern policy optimization in deep reinforcement learning.,"One of the most acclaimed educational explanations of policy gradients on YouTube; calm, clear, mathematically rigorous.","Derive the log-derivative trick $
abla \pi = \pi 
abla \log \pi$ step-by-step: that single trick transforms an intractable integral into an empirical expectation.",1190,270000.0,"An introduction to Policy Gradient methods - Deep Reinforcement Learning First-Principles Derivation & REINFORCE Log-derivative trick derivations ($
abla \log \pi_	heta$), trajectory rollout sampling, variance reduction with baselines. Training a neural policy to play Pong directly from raw pixel screen inputs. Trial and error with positive reinforcement: encouraging a puppy when it sits on command and giving zero treats when it jumps on guests. Foundation of all modern policy optimization in deep reinforcement learning. Derive the log-derivative trick $
abla \pi = \pi 
abla \log \pi$ step-by-step: that single trick transforms an intractable integral into an empirical expectation.",1,1,1,1,1,0,689,99,12.506180941677355,4
VID-406,"AI History, Big Tech & Pioneer Dialogues",Lex Fridman,"Geoffrey Hinton: AI, Consciousness, Immortality, Transformers & Neural Networks | Lex Fridman Podcast #308",http://www.youtube.com/watch?v=N1TEj5rCQGU,2:31:18,1.5M+,Godfather of Deep Learning Historical Masterclass,"Lex Fridman studio setting, discussion of backpropagation history, mortal computation vs digital computation, forward-forward algorithm.",How Hinton championed artificial neural networks through the 1980s and 1990s AI winters until the 2012 ImageNet breakthrough.,Mortal computation: human brains must learn individually because software is tightly coupled to wetware; digital computation can copy identical weights infinitely across computers.,"The foundation of all modern deep learning, Nobel Prize in Physics 2024.","Historical document of the highest caliber; intimate, deeply thoughtful, intellectually profound.",The 'mortal computation vs digital immortality' concept illustrates why digital AI models can share knowledge at speeds biological brains can never match.,9078,1500000.0,"Geoffrey Hinton: AI, Consciousness, Immortality, Transformers & Neural Networks | Lex Fridman Podcast #308 Godfather of Deep Learning Historical Masterclass Lex Fridman studio setting, discussion of backpropagation history, mortal computation vs digital computation, forward-forward algorithm. How Hinton championed artificial neural networks through the 1980s and 1990s AI winters until the 2012 ImageNet breakthrough. Mortal computation: human brains must learn individually because software is tightly coupled to wetware; digital computation can copy identical weights infinitely across computers. The foundation of all modern deep learning, Nobel Prize in Physics 2024. The 'mortal computation vs digital immortality' concept illustrates why digital AI models can share knowledge at speeds biological brains can never match.",1,1,1,1,0,0,828,110,14.220976332738882,4
VID-407,"AI History, Big Tech & Pioneer Dialogues",Lex Fridman,"Andrej Karpathy: Large Language Models, AI, AGI, Tesla, Autonomous Vehicles & Coding | Lex Fridman Podcast #333",http://www.youtube.com/watch?v=cdiD-9MMpb0,3:39:10,2.8M+,Foundational AI Engineering & Autonomy Vision,"Discussion of Software 2.0, neural network weights as code written by optimization, autonomous driving perception stacks, synthetic data.",Building Tesla's vision-only autonomous autopilot occupancy network and training large language models.,Software 1.0 is hand-writing explicit instructions in C++; Software 2.0 is defining an optimization objective and letting gradient descent write the parameters.,"Autonomous driving, frontier foundation models, the future of computer programming.","Legendary long-form dialogue, unmatched practical engineering depth, transparent explanations of real-world AI systems.",The 'Software 1.0 vs Software 2.0' paradigm shift gives software engineers an immediate conceptual bridge to understand machine learning.,13150,2800000.0,"Andrej Karpathy: Large Language Models, AI, AGI, Tesla, Autonomous Vehicles & Coding | Lex Fridman Podcast #333 Foundational AI Engineering & Autonomy Vision Discussion of Software 2.0, neural network weights as code written by optimization, autonomous driving perception stacks, synthetic data. Building Tesla's vision-only autonomous autopilot occupancy network and training large language models. Software 1.0 is hand-writing explicit instructions in C++; Software 2.0 is defining an optimization objective and letting gradient descent write the parameters. Autonomous driving, frontier foundation models, the future of computer programming. The 'Software 1.0 vs Software 2.0' paradigm shift gives software engineers an immediate conceptual bridge to understand machine learning.",1,1,1,1,0,1,782,104,14.845130332288226,4
VID-408,"AI History, Big Tech & Pioneer Dialogues",Lex Fridman,"Demis Hassabis: Future of AI, Simulating Reality, Physics and Video Games | Lex Fridman Podcast #475",http://www.youtube.com/watch?v=-HzgcbRXUK8,2:28:15,1.4M+,Scientific AI & Nobel Prize Frontier Dialogue,"Studio interview, discussions of AlphaFold 3, quantum chemistry simulations, nuclear fusion reactor control via deep RL.","Using AlphaFold 3 to predict interactions between proteins, DNA, RNA, ligands, and ions for all of life's molecules.",AI as a microscope that reveals the nanoscale machinery of biological life.,"Nobel Prize in Chemistry 2024, drug discovery, fundamental material science.","Inspirational scientific vision, pristine sound, authoritative leadership from DeepMind CEO.","Emphasize AI as the catalyst for a golden age of scientific discovery: solving protein folding, material design, and energy.",8895,1400000.0,"Demis Hassabis: Future of AI, Simulating Reality, Physics and Video Games | Lex Fridman Podcast #475 Scientific AI & Nobel Prize Frontier Dialogue Studio interview, discussions of AlphaFold 3, quantum chemistry simulations, nuclear fusion reactor control via deep RL. Using AlphaFold 3 to predict interactions between proteins, DNA, RNA, ligands, and ions for all of life's molecules. AI as a microscope that reveals the nanoscale machinery of biological life. Nobel Prize in Chemistry 2024, drug discovery, fundamental material science. Emphasize AI as the catalyst for a golden age of scientific discovery: solving protein folding, material design, and energy.",1,1,1,1,0,0,662,98,14.151983508870948,4
VID-409,Biomolecular & Scientific AI,Biotecnika,AlphaFold 3 Explained | Complete Beginner’s Guide to Structure Prediction,http://www.youtube.com/watch?v=NKJ11gOzQcM,14:18,10K+,Biomolecular Architecture & Diffusion Prediction,"3D molecular models of DNA-protein complexes, Pairformer architecture diagrams, Diffusion Module denoising atom coordinates directly.",Predicting how cancer drug molecules bind to specific mutant protein receptors with atomic accuracy.,"A master key cutter sculpting a key in 3D to fit inside an extraordinarily complex, flexible microscopic lock.","Pharmaceutical drug discovery, synthetic biology, molecular therapy design.","Clear instructional voiceover, high-density scientific diagrams, accessible to beginners.",Highlight AlphaFold 3's major architectural upgrade: replacing the complex structural module with a generative 3D atom diffusion model.,858,10000.0,"AlphaFold 3 Explained | Complete Beginner’s Guide to Structure Prediction Biomolecular Architecture & Diffusion Prediction 3D molecular models of DNA-protein complexes, Pairformer architecture diagrams, Diffusion Module denoising atom coordinates directly. Predicting how cancer drug molecules bind to specific mutant protein receptors with atomic accuracy. A master key cutter sculpting a key in 3D to fit inside an extraordinarily complex, flexible microscopic lock. Pharmaceutical drug discovery, synthetic biology, molecular therapy design. Highlight AlphaFold 3's major architectural upgrade: replacing the complex structural module with a generative 3D atom diffusion model.",1,1,1,1,0,0,680,88,9.210440366976515,7
VID-410,Biomolecular & Scientific AI,NEJM Group,What Is AlphaFold? | NEJM,http://www.youtube.com/watch?v=7q8Uw3rmXyE,5:15,140K+,Medical Journal Animation & Clinical Overview,"High-end medical 3D animations of amino acid polypeptide chains folding in cellular water, atomic bond angle tolerances.",Translating genetic mutations into structural misfolding that causes Alzheimer's and cystic fibrosis.,Reading a 1D strip of text instructions and watching it physically snap into a functional 3D origami crane.,"Clinical medical research, therapeutic antibody design.","Peer-reviewed medical journal production, broadcast-grade 3D medical animation, crystal-clear narration.",The 'origami crane from 1D text' analogy makes the biological significance of protein folding tangible in seconds.,315,140000.0,"What Is AlphaFold? | NEJM Medical Journal Animation & Clinical Overview High-end medical 3D animations of amino acid polypeptide chains folding in cellular water, atomic bond angle tolerances. Translating genetic mutations into structural misfolding that causes Alzheimer's and cystic fibrosis. Reading a 1D strip of text instructions and watching it physically snap into a functional 3D origami crane. Clinical medical research, therapeutic antibody design. The 'origami crane from 1D text' analogy makes the biological significance of protein folding tangible in seconds.",1,1,1,1,0,0,573,81,11.849404844423074,7
VID-411,Machine Learning (ML),Unfold Data Science,CatBoost Vs XGBoost Vs LightGBM | Catboost Vs XGBoost | Lightgbm vs XGBoost vs CatBoost,http://www.youtube.com/watch?v=R5FB1ZUejXM,21:42,57K+,Comparative Gradient Boosting Benchmark,"Histogram-based splitting diagrams in LightGBM, ordered target encoding in CatBoost, tree depth vs leaf-wise growth plots.","Training on high-cardinality categorical data (e.g. postal codes, product IDs) with zero manual target encoding.","Comparing three racecars: one built for raw horsepower (XGBoost), one built for ultra-lightweight sprint speed (LightGBM), and one built for handling treacherous mud roads (CatBoost).","Kaggle tabular competitions, banking fraud detection, click-through rate (CTR) prediction.","Clear comparative pedagogy, structured slide breakdowns, actionable practitioner guidance.",Contrast tree growth strategies: LightGBM uses leaf-wise (best-first) growth while XGBoost traditionally uses level-wise (depth-first) growth.,1302,57000.0,"CatBoost Vs XGBoost Vs LightGBM | Catboost Vs XGBoost | Lightgbm vs XGBoost vs CatBoost Comparative Gradient Boosting Benchmark Histogram-based splitting diagrams in LightGBM, ordered target encoding in CatBoost, tree depth vs leaf-wise growth plots. Training on high-cardinality categorical data (e.g. postal codes, product IDs) with zero manual target encoding. Comparing three racecars: one built for raw horsepower (XGBoost), one built for ultra-lightweight sprint speed (LightGBM), and one built for handling treacherous mud roads (CatBoost). Kaggle tabular competitions, banking fraud detection, click-through rate (CTR) prediction. Contrast tree growth strategies: LightGBM uses leaf-wise (best-first) growth while XGBoost traditionally uses level-wise (depth-first) growth.",1,1,1,1,0,0,781,101,10.950824090522444,8
VID-412,Machine Learning (ML),DigitalSreeni,196 - What is Light GBM and how does it compare against XGBoost?,http://www.youtube.com/watch?v=n_ZMQj09S6w,19:05,98K+,Algorithmic Engineering & GOSS,"Gradient-based One-Side Sampling (GOSS) and Exclusive Feature Bundling (EFB) schematics, RAM consumption graphs.",Training a gradient boosted model on 10 million rows in 30 seconds on a standard desktop CPU.,Binning continuous data into discrete histogram buckets: like sorting loose coins into coin rolls rather than counting each penny individually.,High-throughput tabular production systems in fintech and advertising.,"Methodical, patient developer walkthrough, high clarity, practical benchmarking.",Explain GOSS: keeping all instances with large gradients while randomly sampling instances with small gradients preserves information with 80% less compute.,1145,98000.0,"196 - What is Light GBM and how does it compare against XGBoost? Algorithmic Engineering & GOSS Gradient-based One-Side Sampling (GOSS) and Exclusive Feature Bundling (EFB) schematics, RAM consumption graphs. Training a gradient boosted model on 10 million rows in 30 seconds on a standard desktop CPU. Binning continuous data into discrete histogram buckets: like sorting loose coins into coin rolls rather than counting each penny individually. High-throughput tabular production systems in fintech and advertising. Explain GOSS: keeping all instances with large gradients while randomly sampling instances with small gradients preserves information with 80% less compute.",1,1,1,1,0,0,674,96,11.49273296168228,1
VID-413,Machine Learning (ML),"Elder Research, a MANTECH company",Isolation Forests: Identify Outliers in Data,http://www.youtube.com/watch?v=Y1x51i1936M,4:41,57K+,Algorithmic Intuition & Tree Partitioning,2D scatter plots being sliced by random vertical and horizontal split lines until an outlier point is isolated in 2 cuts.,Detecting fraudulent credit card transactions among millions of normal daily purchases.,"Playing 20 Questions: an unusual animal like an aardvark can be isolated in 2 questions, while a domestic dog takes 15 questions to pinpoint.","Cybersecurity intrusion detection, manufacturing equipment failure alerts.","Concise, beautiful visual explanation, clear vocal delivery, zero fluff.","The '20 Questions' analogy is the definitive mental model: anomalies are rare and different, so they are isolated closer to the root of the tree.",281,57000.0,"Isolation Forests: Identify Outliers in Data Algorithmic Intuition & Tree Partitioning 2D scatter plots being sliced by random vertical and horizontal split lines until an outlier point is isolated in 2 cuts. Detecting fraudulent credit card transactions among millions of normal daily purchases. Playing 20 Questions: an unusual animal like an aardvark can be isolated in 2 questions, while a domestic dog takes 15 questions to pinpoint. Cybersecurity intrusion detection, manufacturing equipment failure alerts. The '20 Questions' analogy is the definitive mental model: anomalies are rare and different, so they are isolated closer to the root of the tree.",1,1,1,1,0,0,659,99,10.950824090522444,8
VID-414,Machine Learning (ML),StatQuest with Josh Starmer,"Clustering with DBSCAN, Clearly Explained!!!",http://www.youtube.com/watch?v=RDZUdRSDOok,9:30,530K+,Density-Based Spatial Clustering,"Expanding circles of radius Epsilon ($\epsilon$), Core Points, Border Points, and Noise Outlier points highlighted in distinct colors.",Separating concentric rings of data where K-Means completely fails.,"A group of partygoers standing close together chatting: if someone is standing within arm's reach of 4 people, they are part of the core crowd.","Geographic GPS route clustering, astronomical galaxy clustering, noise filtering.","Cheerful, crystal-clear, step-by-step visual animation.",Show K-Means failing on non-spherical clusters (like two interlocked crescent moons) before introducing density-based clustering.,570,530000.0,"Clustering with DBSCAN, Clearly Explained!!! Density-Based Spatial Clustering Expanding circles of radius Epsilon ($\epsilon$), Core Points, Border Points, and Noise Outlier points highlighted in distinct colors. Separating concentric rings of data where K-Means completely fails. A group of partygoers standing close together chatting: if someone is standing within arm's reach of 4 people, they are part of the core crowd. Geographic GPS route clustering, astronomical galaxy clustering, noise filtering. Show K-Means failing on non-spherical clusters (like two interlocked crescent moons) before introducing density-based clustering.",1,1,1,1,0,0,636,84,13.180634172318978,7
VID-415,Machine Learning (ML),StatQuest with Josh Starmer,"StatQuest: K-nearest neighbors, Clearly Explained",http://www.youtube.com/watch?v=HVXime0nQeI,5:30,814K+,Instance-Based Non-Parametric Voting,2D scatter plot with a new mystery data point; calculating Euclidean distance to all training samples; circle expanding to capture K=3 neighbors.,Classifying whether a patient likes popcorn based on movie preferences of their 3 closest neighbors.,Moving into a new neighborhood and asking your 3 immediate next-door neighbors where they get their groceries.,"Simple recommender systems, imputing missing data values in clinical records.","High tempo, friendly cartoon graphics, trademark StatQuest acoustic charm.",Show what happens with odd vs even values of K to explain why odd numbers avoid tie-breaking ambiguities.,330,814000.0,"StatQuest: K-nearest neighbors, Clearly Explained Instance-Based Non-Parametric Voting 2D scatter plot with a new mystery data point; calculating Euclidean distance to all training samples; circle expanding to capture K=3 neighbors. Classifying whether a patient likes popcorn based on movie preferences of their 3 closest neighbors. Moving into a new neighborhood and asking your 3 immediate next-door neighbors where they get their groceries. Simple recommender systems, imputing missing data values in clinical records. Show what happens with odd vs even values of K to explain why odd numbers avoid tie-breaking ambiguities.",1,1,1,1,0,0,628,90,13.609716873485151,8
VID-416,Natural Language Processing (NLP),CodeEmporium,Sentence Transformers - EXPLAINED!,http://www.youtube.com/watch?v=O3xbVmpdJwU,17:51,51K+,Siamese Network Architecture & Triplet Loss,"Siamese BERT towers sharing identical weights, mean pooling layer operations, cosine similarity ranking head.","Finding the most similar sentence among 10,000 documents in 5 milliseconds instead of 65 hours with naive cross-encoders.","Twin librarians reading two books separately and assigning a single classification code, rather than having one librarian read both books together page-by-page.","Dense passage retrieval in RAG, semantic deduplication in search engines.","Clear whiteboard instruction, detailed architecture schematics, methodical delivery.","Contrast Bi-Encoders (SBERT, compute embeddings once) with Cross-Encoders (compute all pairs jointly) to highlight the $10,000	imes$ inference speedup.",1071,51000.0,"Sentence Transformers - EXPLAINED! Siamese Network Architecture & Triplet Loss Siamese BERT towers sharing identical weights, mean pooling layer operations, cosine similarity ranking head. Finding the most similar sentence among 10,000 documents in 5 milliseconds instead of 65 hours with naive cross-encoders. Twin librarians reading two books separately and assigning a single classification code, rather than having one librarian read both books together page-by-page. Dense passage retrieval in RAG, semantic deduplication in search engines. Contrast Bi-Encoders (SBERT, compute embeddings once) with Cross-Encoders (compute all pairs jointly) to highlight the $10,000	imes$ inference speedup.",1,1,1,1,0,1,697,93,10.839600519357369,6
VID-417,Natural Language Processing (NLP),Hugging Face,Text embeddings & semantic search,http://www.youtube.com/watch?v=OATCgQtNX2o,3:30,60K+,Ultra-Fast Developer Primer,"Clean 2D vector clusters, distance metrics (Euclidean vs Cosine), Hugging Face hub model lookup.",Semantic search matching 'automobile' with 'car' even though the exact words share zero letters.,A librarian who understands themes rather than just matching catalog index keywords.,"Modern search engines, FAQ answering bots.","Concise 3.5 minutes, clean motion graphics, clear French-accented English narration.",Deliver the core concept of semantic search vs keyword search in under 180 seconds.,210,60000.0,"Text embeddings & semantic search Ultra-Fast Developer Primer Clean 2D vector clusters, distance metrics (Euclidean vs Cosine), Hugging Face hub model lookup. Semantic search matching 'automobile' with 'car' even though the exact words share zero letters. A librarian who understands themes rather than just matching catalog index keywords. Modern search engines, FAQ answering bots. Deliver the core concept of semantic search vs keyword search in under 180 seconds.",1,1,1,1,1,0,467,68,11.002116507732016,0
VID-418,Advanced Retrieval & Search,AI Bites,LightRAG - A simple and fast RAG that beats GraphRAG? (paper explained),http://www.youtube.com/watch?v=5EmRZcJIfnw,8:52,18K+,Dual-Level Graph Indexing & Fast Retrieval,"Dual-level retrieval diagrams (Low-level entity relationships vs High-level broad themes), graph indexing latency benchmark charts.",Answering multi-hop questions across complex corporate documentation in 1 retrieval call rather than cascading expensive GraphRAG summaries.,An aerial drone map giving you both a wide satellite view and a street-level zoom lens at the same time.,Next-generation knowledge graph RAG with 10x lower indexing costs.,"Clear developer audio, high-density diagrams, concise 9-minute breakdown.",Explain Dual-Level Retrieval: combining low-level specific entity nodes with high-level summary community nodes answers both specific and thematic queries.,532,18000.0,"LightRAG - A simple and fast RAG that beats GraphRAG? (paper explained) Dual-Level Graph Indexing & Fast Retrieval Dual-level retrieval diagrams (Low-level entity relationships vs High-level broad themes), graph indexing latency benchmark charts. Answering multi-hop questions across complex corporate documentation in 1 retrieval call rather than cascading expensive GraphRAG summaries. An aerial drone map giving you both a wide satellite view and a street-level zoom lens at the same time. Next-generation knowledge graph RAG with 10x lower indexing costs. Explain Dual-Level Retrieval: combining low-level specific entity nodes with high-level summary community nodes answers both specific and thematic queries.",1,1,1,1,0,0,715,98,9.798182590890704,0
VID-419,Advanced Retrieval & Search,codebasics,Graph RAG Simply Explained,http://www.youtube.com/watch?v=2o0Q85JUZNk,13:53,36K+,Hands-On Visual & Conceptual Walkthrough,"Entity extraction pipelines, Knowledge Graph nodes (Actors, Directors, Movies) connected by labeled relationship edges, Neo4j graphs.",Querying 'Which movies directed by Christopher Nolan feature Leonardo DiCaprio?' using Cypher queries generated by an LLM.,A family tree that makes complex cousin relationships obvious at a single glance.,"Corporate risk analysis, investigative journalism document cross-referencing.","Warm, engaging Indian English delivery, clear slide cards, practical examples.",Show where standard vector search fails: vectors can't follow a multi-step relationship chain ($A 	o B 	o C$) without explicitly traversing graph edges.,833,36000.0,"Graph RAG Simply Explained Hands-On Visual & Conceptual Walkthrough Entity extraction pipelines, Knowledge Graph nodes (Actors, Directors, Movies) connected by labeled relationship edges, Neo4j graphs. Querying 'Which movies directed by Christopher Nolan feature Leonardo DiCaprio?' using Cypher queries generated by an LLM. A family tree that makes complex cousin relationships obvious at a single glance. Corporate risk analysis, investigative journalism document cross-referencing. Show where standard vector search fails: vectors can't follow a multi-step relationship chain ($A 	o B 	o C$) without explicitly traversing graph edges.",1,1,1,1,1,0,637,85,10.491301994830229,0
VID-420,Robotics & Vision-Language-Action (VLA),BBC News,OpenAI and Figure AI develop humanoid robot | BBC News,http://www.youtube.com/watch?v=cjVMQl9pVB0,14:09,409K+,Investigative Journalism & Robotic Intelligence,"Figure 01 humanoid robot handing an apple to a human, picking up trash into a basket, putting away dishes, multi-camera feeds.",A human asking 'Can I have something to eat?' and the robot reasoning through visual scene context to hand them an apple.,A butler who understands both verbal polite requests and physical manipulation in real time.,"Automated warehouse manufacturing, eldercare assistance robotics.","BBC broadcast journalism polish, authentic field reporting, balanced discussion of AI robotics economics.","Focus on the end-to-end latency: the robot speaks and acts within 1.5 seconds of the human command, showing conversational physical intelligence.",849,409000.0,"OpenAI and Figure AI develop humanoid robot | BBC News Investigative Journalism & Robotic Intelligence Figure 01 humanoid robot handing an apple to a human, picking up trash into a basket, putting away dishes, multi-camera feeds. A human asking 'Can I have something to eat?' and the robot reasoning through visual scene context to hand them an apple. A butler who understands both verbal polite requests and physical manipulation in real time. Automated warehouse manufacturing, eldercare assistance robotics. Focus on the end-to-end latency: the robot speaks and acts within 1.5 seconds of the human command, showing conversational physical intelligence.",1,1,1,1,0,0,656,99,12.921472880009723,2
VID-421,Robotics & Vision-Language-Action (VLA),Figure,Introducing Figure 03,http://www.youtube.com/watch?v=Eu5mYMavctM,6:20,2.1M+,Official Product Engineering Reveal,"Figure 03 mechanical actuators, tactile fingertips with embedded micro-cameras, onboard neural compute cluster, autonomous bipedal walking.",Inserting automotive metal sheet parts into industrial press machines with sub-millimeter tactile accuracy.,Human fingers with nerve endings that adjust grip strength instinctively when touching delicate glass vs heavy iron.,Automotive factory manufacturing lines (BMW Spartanburg plant).,"World-class hardware cinematics, crisp studio sound design, stunning mechanical engineering footage.",Highlight tactile sensing: explain that visual cameras alone are insufficient for robotics manipulation—tactile pressure feedback is essential for grasping.,380,2100000.0,"Introducing Figure 03 Official Product Engineering Reveal Figure 03 mechanical actuators, tactile fingertips with embedded micro-cameras, onboard neural compute cluster, autonomous bipedal walking. Inserting automotive metal sheet parts into industrial press machines with sub-millimeter tactile accuracy. Human fingers with nerve endings that adjust grip strength instinctively when touching delicate glass vs heavy iron. Automotive factory manufacturing lines (BMW Spartanburg plant). Highlight tactile sensing: explain that visual cameras alone are insufficient for robotics manipulation—tactile pressure feedback is essential for grasping.",1,1,1,1,0,0,643,79,14.557448378884017,3
VID-422,Robotics & Vision-Language-Action (VLA),Transhuman Videos,Google DeepMind's RT-2 AI for Robots! Vision + Language = Action,http://www.youtube.com/watch?v=F3xCTq15mQM,7:28,9.2K+,Embodied AI Systems Breakdown,"Robotic arm in office kitchen environment, PaLM-E vision transformer tokenizing spatial coordinates, zero-shot task execution.",Instructing a robot to 'move the bag of chips to the person with the blue shirt' with zero prior training on blue shirts.,Translating spoken language directly into muscle twitches without an intermediate software interpreter.,"General-purpose household robots, smart automated logistics.","Fast-paced, clear voiceover, direct demonstration clips from Google DeepMind research.","Explain how web-scale pretraining transfers to robotics: because the model saw millions of internet images of 'blue shirts', it can identify them in the physical world without robot-specific training.",448,9200.0,"Google DeepMind's RT-2 AI for Robots! Vision + Language = Action Embodied AI Systems Breakdown Robotic arm in office kitchen environment, PaLM-E vision transformer tokenizing spatial coordinates, zero-shot task execution. Instructing a robot to 'move the bag of chips to the person with the blue shirt' with zero prior training on blue shirts. Translating spoken language directly into muscle twitches without an intermediate software interpreter. General-purpose household robots, smart automated logistics. Explain how web-scale pretraining transfers to robotics: because the model saw millions of internet images of 'blue shirts', it can identify them in the physical world without robot-specific training.",1,1,1,1,0,0,709,100,9.12706745278236,4
VID-423,Computer Vision & Multimodal AI,Clear Tech,How AI Learned Depth from 62 Million Unlabeled Images (Depth Anything),http://www.youtube.com/watch?v=fFPzo9lmyy0,7:35,1.2K+,Monocular Depth Estimation & Foundation Models,"2D photographs transforming into rainbow-colored metric depth maps, 3D point cloud reconstructions from single still frames.","Estimating precise pixel-level distance to cars, trees, and sidewalks from a single smartphone camera lens.",Closing one eye and still intuitively knowing how far away a coffee cup is based on shadows and perspective lines.,"Autonomous robotics navigation, augmented reality occlusion (Apple Vision Pro).","Clear instructional narration, beautiful 3D visual outputs, focused 7.5-minute explanation.","Explain the student-teacher scaling trick: training on 1M labeled images, generating pseudo-depth labels for 62M internet photos, and training a massive student model.",455,1200.0,"How AI Learned Depth from 62 Million Unlabeled Images (Depth Anything) Monocular Depth Estimation & Foundation Models 2D photographs transforming into rainbow-colored metric depth maps, 3D point cloud reconstructions from single still frames. Estimating precise pixel-level distance to cars, trees, and sidewalks from a single smartphone camera lens. Closing one eye and still intuitively knowing how far away a coffee cup is based on shadows and perspective lines. Autonomous robotics navigation, augmented reality occlusion (Apple Vision Pro). Explain the student-teacher scaling trick: training on 1M labeled images, generating pseudo-depth labels for 62M internet photos, and training a massive student model.",1,1,1,1,0,0,713,100,7.090909822079984,3
VID-424,Computer Vision & Multimodal AI,Roboflow,Label Data with Segment Anything Model (SAM) in Roboflow,http://www.youtube.com/watch?v=NAL2xcmMJiQ,9:41,29K+,Applied Annotation Engineering & Tooling,"Interactive browser labeling interface, clicking bounding boxes to generate sub-pixel polygon masks in milliseconds.",Labeling 500 aerial drone images of solar panels in 10 minutes instead of 8 hours of manual clicking.,Using a smart magnetic lasso tool that snaps to object edges automatically.,"Computer vision data labeling pipelines, synthetic training data curation.","Clean screen recording, practical developer advice, clear pacing.",Demonstrate the massive 10x workflow acceleration: show a timer comparing manual polygon clicking against single-click SAM labeling.,581,29000.0,"Label Data with Segment Anything Model (SAM) in Roboflow Applied Annotation Engineering & Tooling Interactive browser labeling interface, clicking bounding boxes to generate sub-pixel polygon masks in milliseconds. Labeling 500 aerial drone images of solar panels in 10 minutes instead of 8 hours of manual clicking. Using a smart magnetic lasso tool that snaps to object edges automatically. Computer vision data labeling pipelines, synthetic training data curation. Demonstrate the massive 10x workflow acceleration: show a timer comparing manual polygon clicking against single-click SAM labeling.",1,1,1,1,0,0,600,84,10.275085591132717,3
VID-425,Computer Vision & Multimodal AI,Roboflow,Fast Segment Anything (FastSAM) vs SAM | Is it 50x faster?,http://www.youtube.com/watch?v=yHNPyqazYYU,16:02,21K+,Architectural Speedup & CNN vs ViT,"Comparative latency charts, YOLOv8-seg backbone vs ViT backbone, side-by-side real-time video mask rendering.",Running full-image segmentation at 40 FPS on an edge camera device using a lightweight CNN architecture.,Replacing a luxury high-end cargo truck with a swift delivery scooter for local city courier runs.,Real-time video segmentation on autonomous delivery drones and edge devices.,"Detailed empirical benchmarks, side-by-side video comparisons, clear developer instruction.","Highlight the architectural swap: FastSAM reformulates SAM as an instance segmentation task on YOLOv8, proving CNNs can approximate ViT performance at 50x speed.",962,21000.0,"Fast Segment Anything (FastSAM) vs SAM | Is it 50x faster? Architectural Speedup & CNN vs ViT Comparative latency charts, YOLOv8-seg backbone vs ViT backbone, side-by-side real-time video mask rendering. Running full-image segmentation at 40 FPS on an edge camera device using a lightweight CNN architecture. Replacing a luxury high-end cargo truck with a swift delivery scooter for local city courier runs. Real-time video segmentation on autonomous delivery drones and edge devices. Highlight the architectural swap: FastSAM reformulates SAM as an instance segmentation task on YOLOv8, proving CNNs can approximate ViT performance at 50x speed.",1,1,1,1,0,0,646,95,9.952325334619427,3
VID-426,Computer Vision & Multimodal AI,Roboflow,Roboflow 6 Minute Intro | Build a Coin Counter with Computer Vision,http://www.youtube.com/watch?v=a3SBRtILjPI,6:28,202K+,Applied End-to-End Vision Pipeline,"Dataset upload, bounding box annotation, training a YOLO model in the cloud, deploying to live webcam stream.","Detecting and tallying the dollar value of quarters, dimes, and nickels scattered on a desk via webcam.",Training an automated cashier assistant who counts coins the second they hit the countertop.,"Retail automated checkout, industrial sorting machines.","Upbeat, energetic developer pacing, complete working application built in under 7 minutes.",Build a tangible working project (coin counter) to anchor viewers in practical utility before discussing neural architecture.,388,202000.0,"Roboflow 6 Minute Intro | Build a Coin Counter with Computer Vision Applied End-to-End Vision Pipeline Dataset upload, bounding box annotation, training a YOLO model in the cloud, deploying to live webcam stream. Detecting and tallying the dollar value of quarters, dimes, and nickels scattered on a desk via webcam. Training an automated cashier assistant who counts coins the second they hit the countertop. Retail automated checkout, industrial sorting machines. Build a tangible working project (coin counter) to anchor viewers in practical utility before discussing neural architecture.",1,1,1,1,0,0,591,87,12.216027926866138,3
VID-427,Machine Learning (ML),StatQuest with Josh Starmer,Linear Discriminant Analysis (LDA) Clearly Explained,http://www.youtube.com/watch?v=azXCzI57Yfc,15:12,920K+,Supervised Dimensionality Reduction & Separation,"2D scatter plots of two classes, projecting points onto candidate axes, maximizing distance between means while minimizing variance.",Classifying wine types based on alcohol and flavonoid content onto a 1D axis.,Squashing two piles of colored laundry onto a clothesline so the red shirts and blue shirts end up on opposite ends with zero overlap.,"Facial recognition (Fisherfaces), medical diagnosis classification.","Pristine visual diagrams, warm acoustic intro, zero jargon.","Contrast PCA (unsupervised, maximizes total variance) with LDA (supervised, maximizes separation between class means relative to within-class spread).",912,920000.0,"Linear Discriminant Analysis (LDA) Clearly Explained Supervised Dimensionality Reduction & Separation 2D scatter plots of two classes, projecting points onto candidate axes, maximizing distance between means while minimizing variance. Classifying wine types based on alcohol and flavonoid content onto a 1D axis. Squashing two piles of colored laundry onto a clothesline so the red shirts and blue shirts end up on opposite ends with zero overlap. Facial recognition (Fisherfaces), medical diagnosis classification. Contrast PCA (unsupervised, maximizes total variance) with LDA (supervised, maximizes separation between class means relative to within-class spread).",1,1,1,1,0,0,666,90,13.732130035981154,7
VID-428,Machine Learning (ML),StatQuest with Josh Starmer,"StatQuest: Fitting a line to data, aka least squares, clearly explained!!!",http://www.youtube.com/watch?v=PaFPbb66DxQ,9:22,640K+,Ordinary Least Squares & Residual Minimization,"Data points on a graph, vertical residual dotted lines stretching from points to candidate trendlines, squaring residuals to eliminate signs.",Fitting a line relating mouse size to mouse weight.,Connecting data points to a rigid rod with tiny elastic springs: the rod naturally settles into the position that minimizes total spring tension.,The foundation of linear models across all science and economics.,"High clarity, engaging pacing, trademark Josh Starmer humor.",The 'elastic springs pulling on a rigid rod' analogy visually proves why least squares balances positive and negative residuals.,562,640000.0,"StatQuest: Fitting a line to data, aka least squares, clearly explained!!! Ordinary Least Squares & Residual Minimization Data points on a graph, vertical residual dotted lines stretching from points to candidate trendlines, squaring residuals to eliminate signs. Fitting a line relating mouse size to mouse weight. Connecting data points to a rigid rod with tiny elastic springs: the rod naturally settles into the position that minimizes total spring tension. The foundation of linear models across all science and economics. The 'elastic springs pulling on a rigid rod' analogy visually proves why least squares balances positive and negative residuals.",1,1,1,1,0,0,656,98,13.369225017834632,8
VID-429,Machine Learning (ML),StatQuest with Josh Starmer,"R-squared, Clearly Explained!!!",http://www.youtube.com/watch?v=2AQKmw14mHM,11:12,1.1M+,Statistical Goodness-of-Fit Metric,Comparing the variation around the horizontal mean line $Var(mean)$ against variation around the fitted regression line $Var(fit)$.,Calculating that 85% of the variation in mouse weight is explained by mouse size ($R^2 = 0.85$).,Measuring how much noise you eliminate when you wear noise-cancelling headphones: $R^2$ is the percentage of total noise wiped away.,"Evaluating predictive models in finance, engineering, and medical statistics.","Crystal-clear mathematical arithmetic, friendly presentation, zero intimidation.",Define $R^2$ as $rac{Var(mean) - Var(fit)}{Var(mean)}$: framing it as 'percentage of variance explained' makes the metric humanly intuitive.,672,1100000.0,"R-squared, Clearly Explained!!! Statistical Goodness-of-Fit Metric Comparing the variation around the horizontal mean line $Var(mean)$ against variation around the fitted regression line $Var(fit)$. Calculating that 85% of the variation in mouse weight is explained by mouse size ($R^2 = 0.85$). Measuring how much noise you eliminate when you wear noise-cancelling headphones: $R^2$ is the percentage of total noise wiped away. Evaluating predictive models in finance, engineering, and medical statistics. Define $R^2$ as $rac{Var(mean) - Var(fit)}{Var(mean)}$: framing it as 'percentage of variance explained' makes the metric humanly intuitive.",1,1,1,1,1,0,648,88,13.910821646859096,8
VID-430,Machine Learning (ML),StatQuest with Josh Starmer,StatQuest: Multiple Regression,http://www.youtube.com/watch?v=zITIFTsivN8,8:14,820K+,Multi-Variable Linear Optimization,"3D coordinate planes tilting in space to fit a cloud of points, formula $y = eta_0 + eta_1 x_1 + eta_2 x_2$, F-statistic intuition.",Predicting blood pressure using both age and weight simultaneously.,Baking a cake: sweetness depends on both the amount of sugar and the amount of vanilla working together.,"Econometric forecasting, clinical risk modeling with multiple biomarkers.","Concise 8-minute delivery, clean 3D graphics, clear vocal inflection.",Show the 2D line becoming a 2D flat plane tilted in 3D space to visually bridge single regression to multiple regression.,494,820000.0,"StatQuest: Multiple Regression Multi-Variable Linear Optimization 3D coordinate planes tilting in space to fit a cloud of points, formula $y = eta_0 + eta_1 x_1 + eta_2 x_2$, F-statistic intuition. Predicting blood pressure using both age and weight simultaneously. Baking a cake: sweetness depends on both the amount of sugar and the amount of vanilla working together. Econometric forecasting, clinical risk modeling with multiple biomarkers. Show the 2D line becoming a 2D flat plane tilted in 3D space to visually bridge single regression to multiple regression.",1,1,1,1,1,0,569,86,13.617060838751888,8
VID-431,Machine Learning (ML),StatQuest with Josh Starmer,StatQuest: Logistic Regression Details Pt1: Coefficients,http://www.youtube.com/watch?v=vN5cNN2-HWE,19:02,1.0M+,Odds Ratios & Logit Transformations,"Log-odds line transformations, calculating probability from odds $rac{p}{1-p}$, interpreting the slope coefficient $eta_1$.",Calculating how every 1 kg increase in body weight multiplies the odds of heart disease by 1.25.,Sports betting odds: a horse with 3:1 odds has a 75% chance of winning.,"Clinical epidemiology, credit risk scoring.","Thorough, systematic breakdown, pristine arithmetic substitutions.",Walk through the Logit algebra carefully: show how taking the exponential of the coefficient $e^{eta_1}$ gives the exact Odds Ratio increase.,1142,1000000.0,"StatQuest: Logistic Regression Details Pt1: Coefficients Odds Ratios & Logit Transformations Log-odds line transformations, calculating probability from odds $rac{p}{1-p}$, interpreting the slope coefficient $eta_1$. Calculating how every 1 kg increase in body weight multiplies the odds of heart disease by 1.25. Sports betting odds: a horse with 3:1 odds has a 75% chance of winning. Clinical epidemiology, credit risk scoring. Walk through the Logit algebra carefully: show how taking the exponential of the coefficient $e^{eta_1}$ gives the exact Odds Ratio increase.",1,1,1,1,1,0,574,82,13.815511557963774,8
VID-432,Machine Learning (ML),StatQuest with Josh Starmer,Support Vector Machines Part 2: The Polynomial Kernel (Part 2 of 3),http://www.youtube.com/watch?v=Toet3EiSFcM,7:15,442K+,Mathematical Dot Product Kernel Substitution,"Polynomial kernel formula $(a \cdot b + r)^d$, 1D data points on a line being lifted into 2D parabolic coordinates.",Separating dosage data where middle doses are effective but low and high doses are ineffective.,Popping a 1D strip of paper upward into a curve so a straight line can cut through both ends simultaneously.,Non-linear pattern recognition in sensor telemetry.,"Clear concise 7-minute explanation, intuitive visual transformation.",Show that the kernel trick computes high-dimensional dot products in low-dimensional space without ever calculating the high-dimensional coordinates explicitly.,435,442000.0,"Support Vector Machines Part 2: The Polynomial Kernel (Part 2 of 3) Mathematical Dot Product Kernel Substitution Polynomial kernel formula $(a \cdot b + r)^d$, 1D data points on a line being lifted into 2D parabolic coordinates. Separating dosage data where middle doses are effective but low and high doses are ineffective. Popping a 1D strip of paper upward into a curve so a straight line can cut through both ends simultaneously. Non-linear pattern recognition in sensor telemetry. Show that the kernel trick computes high-dimensional dot products in low-dimensional space without ever calculating the high-dimensional coordinates explicitly.",1,1,1,1,1,0,646,97,12.999067423500716,7
VID-433,Machine Learning (ML),StatQuest with Josh Starmer,Support Vector Machines Part 3: The Radial (RBF) Kernel (Part 3 of 3),http://www.youtube.com/watch?v=Qc5IyLW_hns,15:52,349K+,Infinite-Dimensional Hilbert Space & Radial Basis,"Gaussian curves centered on support vectors, Taylor series expansion showing infinite polynomial dimensions, gamma hyperparameter tuning.",Creating smooth circular island decision boundaries around isolated data clusters.,"Putting miniature glowing lanterns on every support vector: nearby points glow brightly (high similarity), while distant points fade to black.","Complex handwriting classification, non-linear classification benchmarks.","Profound mathematical intuition, crystal-clear explanation of infinite-dimensional space.",Use the Taylor series expansion of $e^x$ to prove that the Radial Basis Function (RBF) kernel is equivalent to an infinite-dimensional polynomial kernel.,952,349000.0,"Support Vector Machines Part 3: The Radial (RBF) Kernel (Part 3 of 3) Infinite-Dimensional Hilbert Space & Radial Basis Gaussian curves centered on support vectors, Taylor series expansion showing infinite polynomial dimensions, gamma hyperparameter tuning. Creating smooth circular island decision boundaries around isolated data clusters. Putting miniature glowing lanterns on every support vector: nearby points glow brightly (high similarity), while distant points fade to black. Complex handwriting classification, non-linear classification benchmarks. Use the Taylor series expansion of $e^x$ to prove that the Radial Basis Function (RBF) kernel is equivalent to an infinite-dimensional polynomial kernel.",1,1,1,1,1,0,711,94,12.762830066509972,8
VID-434,Hardware Acceleration & AI Silicon,Bug Labs,"Groq Silicon Changes Everything, Explained in 6 Mins",http://www.youtube.com/watch?v=rEOGN4EPRpM,6:24,5.0K+,Hardware Architecture & Static Scheduling,"Die photographs of the Groq LPU, contrasting dynamic GPU memory controllers with compiler-scheduled static routing.",Delivering instant sub-second voice AI conversations with 500 tokens/sec streaming throughput.,A clockwork musical box: mechanical gears hitting exact pins at pre-determined nanoseconds rather than a conductor giving improvised hand signals.,"Real-time conversational voice agents, high-frequency trading AI.","Fast, punchy, high informational density, clear silicon diagrams.",Contrast dynamic hardware scheduling (GPUs guessing memory arrival) with static software scheduling (Groq compiler knowing exact nanosecond arrival).,384,5000.0,"Groq Silicon Changes Everything, Explained in 6 Mins Hardware Architecture & Static Scheduling Die photographs of the Groq LPU, contrasting dynamic GPU memory controllers with compiler-scheduled static routing. Delivering instant sub-second voice AI conversations with 500 tokens/sec streaming throughput. A clockwork musical box: mechanical gears hitting exact pins at pre-determined nanoseconds rather than a conductor giving improvised hand signals. Real-time conversational voice agents, high-frequency trading AI. Contrast dynamic hardware scheduling (GPUs guessing memory arrival) with static software scheduling (Groq compiler knowing exact nanosecond arrival).",1,1,1,1,0,0,668,84,8.517393171418904,1
VID-435,Hardware Acceleration & AI Silicon,Krish Naik,Groq-LPU™ Inference Engine Better Than OpenAI Chatgpt And Nvidia,http://www.youtube.com/watch?v=rHphpyf0i0I,11:38,27K+,Hands-On API Benchmarking & Developer Setup,"Live API speed comparison, benchmarking token generation speed of Mixtral on Groq API vs OpenAI API.",Generating 800 tokens of Python code in 1.2 seconds using Groq's open-source endpoint.,Turning on a high-pressure firehose vs waiting for water to drip from a garden hose.,Building real-time interactive voice bots and live autocomplete developer extensions.,"Energetic, clear developer tutorial, live terminal speed readouts.",Show the live visual token stream: seeing a full screen of text appear in the blink of an eye is the most persuasive benchmark possible.,698,27000.0,"Groq-LPU™ Inference Engine Better Than OpenAI Chatgpt And Nvidia Hands-On API Benchmarking & Developer Setup Live API speed comparison, benchmarking token generation speed of Mixtral on Groq API vs OpenAI API. Generating 800 tokens of Python code in 1.2 seconds using Groq's open-source endpoint. Turning on a high-pressure firehose vs waiting for water to drip from a garden hose. Building real-time interactive voice bots and live autocomplete developer extensions. Show the live visual token stream: seeing a full screen of text appear in the blink of an eye is the most persuasive benchmark possible.",1,1,1,1,0,1,604,94,10.203629181337648,1
VID-436,"AI History, Big Tech & Pioneer Dialogues",Lex Clips,Is AI just statistics? | Yann LeCun and Lex Fridman,http://www.youtube.com/watch?v=iug8FAl0B1U,5:18,80K+,Philosophical & Mathematical AI Dialogue,"Studio interview framing, discussion of high-dimensional non-convex optimization, representation learning, and geometry.",Contrasting shallow 19th-century linear statistics with deep multi-scale hierarchical representation learning in the brain.,"Calling human poetry 'just manipulation of air vibrations'—technically true at the lowest physical level, but missing the entire emergent hierarchy of meaning.",The philosophical debate on intelligence and the nature of deep learning.,"Turing Award winner Yann LeCun's sharp intellect, brilliant philosophical counter-analogies.",The 'poetry is just air vibrations' analogy dismantles reductionist dismissals of AI intelligence in 30 seconds.,318,80000.0,"Is AI just statistics? | Yann LeCun and Lex Fridman Philosophical & Mathematical AI Dialogue Studio interview framing, discussion of high-dimensional non-convex optimization, representation learning, and geometry. Contrasting shallow 19th-century linear statistics with deep multi-scale hierarchical representation learning in the brain. Calling human poetry 'just manipulation of air vibrations'—technically true at the lowest physical level, but missing the entire emergent hierarchy of meaning. The philosophical debate on intelligence and the nature of deep learning. The 'poetry is just air vibrations' analogy dismantles reductionist dismissals of AI intelligence in 30 seconds.",1,1,1,1,1,0,684,90,11.289794413577894,4
VID-437,"AI History, Big Tech & Pioneer Dialogues",Lex Clips,How to Build AGI? (Ilya Sutskever) | AI Podcast Clips,http://www.youtube.com/watch?v=i0UyKsAEaNI,18:46,68K+,Theoretical Deep Learning & Self-Play Architecture,"Studio interview, discussions of compute scaling, self-play reinforcement learning, unsupervised representation learning.","Predicting the next token on the entire internet forcing a neural network to build a world model of human psychology, physics, and logic.","A detective who has to predict what every suspect will do next: to predict accurately, they must understand human motivations, physical laws, and deceit.","The foundational vision behind GPT-4, OpenAI o-series, and SSI (Safe Superintelligence).","Ilya Sutskever's legendary contemplative intensity, unmatched conceptual depth.","Explain why next-token prediction is not superficial: to predict the next word in a detective novel accurately, the model must deduce who the murderer is.",1126,68000.0,"How to Build AGI? (Ilya Sutskever) | AI Podcast Clips Theoretical Deep Learning & Self-Play Architecture Studio interview, discussions of compute scaling, self-play reinforcement learning, unsupervised representation learning. Predicting the next token on the entire internet forcing a neural network to build a world model of human psychology, physics, and logic. A detective who has to predict what every suspect will do next: to predict accurately, they must understand human motivations, physical laws, and deceit. The foundational vision behind GPT-4, OpenAI o-series, and SSI (Safe Superintelligence). Explain why next-token prediction is not superficial: to predict the next word in a detective novel accurately, the model must deduce who the murderer is.",1,1,1,1,0,0,762,111,11.127277689932466,4
VID-438,"AI History, Big Tech & Pioneer Dialogues",Lex Clips,Demis Hassabis explains AlphaFold | Lex Fridman Podcast Clips,http://www.youtube.com/watch?v=h229ZyUxOL4,13:55,43K+,Biomolecular Simulation & CASP Breakthrough,"AlphaFold Evoformer architecture, attention matrices over evolutionary multiple sequence alignments (MSAs), 3D molecular ribbons.",Predicting protein structures with 0.1 nanometer accuracy matching X-ray crystallography experiments.,Solving a 3D jigsaw puzzle where every piece's shape changes depending on which other pieces are touching it.,"Accelerating biological research worldwide, understanding antibiotic resistance.","Pristine audio, thoughtful and modest scientific explanations from Demis Hassabis.","Explain Multiple Sequence Alignment (MSA): by comparing how a protein mutated across fish, mice, and humans over millions of years, evolution tells the AI which parts must stay structurally connected.",835,43000.0,"Demis Hassabis explains AlphaFold | Lex Fridman Podcast Clips Biomolecular Simulation & CASP Breakthrough AlphaFold Evoformer architecture, attention matrices over evolutionary multiple sequence alignments (MSAs), 3D molecular ribbons. Predicting protein structures with 0.1 nanometer accuracy matching X-ray crystallography experiments. Solving a 3D jigsaw puzzle where every piece's shape changes depending on which other pieces are touching it. Accelerating biological research worldwide, understanding antibiotic resistance. Explain Multiple Sequence Alignment (MSA): by comparing how a protein mutated across fish, mice, and humans over millions of years, evolution tells the AI which parts must stay structurally connected.",1,1,1,1,0,0,729,94,10.66897865021924,7
VID-439,"AI History, Big Tech & Pioneer Dialogues",Two Minute Papers,OpenAI GPT-4 - The Future Is Here!,http://www.youtube.com/watch?v=7VSWyghVZIg,8:06,213K+,Multimodal Emergence & Benchmark Breakthroughs,"High-density split-screen demonstrations: visual joke explanations, tax calculation problem solving, Uniform Bar Exam score percentiles.",Scoring in the 90th percentile on the Uniform Bar Exam and 99th percentile on USA Biology Olympiads.,"A prodigy student who simultaneously aces law school, medical boards, and software engineering exams overnight.","Enterprise generative AI adoption, autonomous coding workflows.","Infectious scientific enthusiasm ('What a time to be alive!'), dynamic editing, rapid-fire benchmark presentation.",Highlight the jump between model generations: showing GPT-3.5 at the 10th percentile on the Bar Exam and GPT-4 at the 90th percentile provides dramatic visual proof of progress.,486,213000.0,"OpenAI GPT-4 - The Future Is Here! Multimodal Emergence & Benchmark Breakthroughs High-density split-screen demonstrations: visual joke explanations, tax calculation problem solving, Uniform Bar Exam score percentiles. Scoring in the 90th percentile on the Uniform Bar Exam and 99th percentile on USA Biology Olympiads. A prodigy student who simultaneously aces law school, medical boards, and software engineering exams overnight. Enterprise generative AI adoption, autonomous coding workflows. Highlight the jump between model generations: showing GPT-3.5 at the 10th percentile on the Bar Exam and GPT-4 at the 90th percentile provides dramatic visual proof of progress.",1,1,1,1,0,1,673,94,12.269052139516225,2
VID-440,Academic Lectures & Foundational Courses,Stanford Online,Stanford CS229 Machine Learning I Introduction I 2022 I Lecture 1,http://www.youtube.com/watch?v=Bl4Feh_Mjvo,1:18:42,406K+,Modernized Stanford University Course Overview,"High-definition university lecture hall recording, slides on supervised vs unsupervised learning, reinforcement learning robots, deep learning growth.","Autonomous helicopter aerobatics via reinforcement learning, tumor image classification.","Teaching a robot to fly: you can't hand-code the wind gusts, you have to let the model learn the aerodynamic reflexes.",Modern foundational machine learning curriculum for Stanford graduate students.,"Top-tier 4K university broadcast quality, crisp audio, masterclass pedagogy.","Set clear learning prerequisites and outline the 4 major pillars (Supervised, Unsupervised, Reinforcement Learning, Learning Theory) in lecture 1.",4722,406000.0,"Stanford CS229 Machine Learning I Introduction I 2022 I Lecture 1 Modernized Stanford University Course Overview High-definition university lecture hall recording, slides on supervised vs unsupervised learning, reinforcement learning robots, deep learning growth. Autonomous helicopter aerobatics via reinforcement learning, tumor image classification. Teaching a robot to fly: you can't hand-code the wind gusts, you have to let the model learn the aerodynamic reflexes. Modern foundational machine learning curriculum for Stanford graduate students. Set clear learning prerequisites and outline the 4 major pillars (Supervised, Unsupervised, Reinforcement Learning, Learning Theory) in lecture 1.",1,1,1,1,0,1,698,91,12.914110901635024,4
VID-441,Mathematics for Machine Learning,3Blue1Brown,But what is a convolution?,http://www.youtube.com/watch?v=KuXjwB4LzSA,23:01,3.6M+,Visual Duality: Moving Averages to Probability Distributions,"Sliding window animations, flipping functions $g(t - 	au)$, multiplying overlapping curves, summing random variables.",Adding two dice rolls and watching the discrete probability distribution smooth into a triangle via convolution.,Looking at the world through a sliding blur filter: each point in the output is a weighted blend of its local neighborhood.,"Convolutional neural networks (CNNs), audio signal smoothing, image blurring/sharpening.","One of Grant Sanderson's greatest mathematical videos; breathtaking Manim animations, tranquil narration.",Start with rolling two dice: showing that the probability of $X+Y=s$ is a diagonal slice through a grid makes function flipping intuitive.,1381,3600000.0,"But what is a convolution? Visual Duality: Moving Averages to Probability Distributions Sliding window animations, flipping functions $g(t - 	au)$, multiplying overlapping curves, summing random variables. Adding two dice rolls and watching the discrete probability distribution smooth into a triangle via convolution. Looking at the world through a sliding blur filter: each point in the output is a weighted blend of its local neighborhood. Convolutional neural networks (CNNs), audio signal smoothing, image blurring/sharpening. Start with rolling two dice: showing that the probability of $X+Y=s$ is a diagonal slice through a grid makes function flipping intuitive.",1,1,1,1,1,0,670,95,15.096444681204078,3
VID-442,Mathematics for Machine Learning,3Blue1Brown,Convolutions | Why X+Y in probability is a beautiful mess,http://www.youtube.com/watch?v=IaSGqQa5O-M,27:25:00,994K+,Continuous Probability & Distribution Sums,"Continuous probability density functions sliding across each other, area under the curve animations, Central Limit Theorem emergence.","Convolving two uniform distributions to produce a triangular distribution, then convolving again to produce a smooth bell curve.",Pouring two colored liquids together: the resulting blend smooths out sharp spikes and creates a gentle gradient.,"Central Limit Theorem proof, probabilistic machine learning models.","Profound mathematical elegance, razor-sharp vector graphics, crystal-clear conceptual pacing.",Demonstrate the Central Limit Theorem visually: convolving ANY distribution with itself multiple times naturally converges to a Gaussian bell curve.,98700,994000.0,"Convolutions | Why X+Y in probability is a beautiful mess Continuous Probability & Distribution Sums Continuous probability density functions sliding across each other, area under the curve animations, Central Limit Theorem emergence. Convolving two uniform distributions to produce a triangular distribution, then convolving again to produce a smooth bell curve. Pouring two colored liquids together: the resulting blend smooths out sharp spikes and creates a gentle gradient. Central Limit Theorem proof, probabilistic machine learning models. Demonstrate the Central Limit Theorem visually: convolving ANY distribution with itself multiple times naturally converges to a Gaussian bell curve.",1,1,1,1,1,0,694,95,13.809493491674422,3
VID-443,Mathematics for Machine Learning,3Blue1Brown,But what is the Fourier Transform?  A visual introduction.,http://www.youtube.com/watch?v=spUNpyF58BY,19:42,12.4M+,Rotational Geometry & Center of Mass,"Winding sound waves around a circle in 2D complex plane at variable frequencies, tracking the center of mass.",Decomposing a complex audio chord of 440Hz and 587Hz into two sharp frequency spikes.,An un-mixing machine for smoothies: putting a strawberry-banana smoothie into a machine and getting separate pure jars of strawberry and banana.,"Audio feature extraction (Spectrograms, MFCCs), speech recognition in Whisper, image frequency compression (JPEG).",One of the most viewed and acclaimed visual math videos on the internet; sublime aesthetic and intuitive genius.,The 'winding machine' and 'smoothie un-mixer' analogies turn abstract complex integrals into a physical balancing toy.,1182,12400000.0,"But what is the Fourier Transform?  A visual introduction. Rotational Geometry & Center of Mass Winding sound waves around a circle in 2D complex plane at variable frequencies, tracking the center of mass. Decomposing a complex audio chord of 440Hz and 587Hz into two sharp frequency spikes. An un-mixing machine for smoothies: putting a strawberry-banana smoothie into a machine and getting separate pure jars of strawberry and banana. Audio feature extraction (Spectrograms, MFCCs), speech recognition in Whisper, image frequency compression (JPEG). The 'winding machine' and 'smoothie un-mixer' analogies turn abstract complex integrals into a physical balancing toy.",1,1,1,1,1,0,670,97,16.333207111220425,7
VID-444,Mathematics for Machine Learning,3Blue1Brown,But what is a Fourier series?  From heat flow to drawing with circles | DE4,http://www.youtube.com/watch?v=r6sGWTCMz2k,24:47:00,18.9M+,Epicycle Geometry & Complex Exponentials,"Rotating epicycles (circles orbiting circles) drawing complex vector outlines (Homer Simpson, Fourier face) via rotating vectors $e^{int}$.",Solving Joseph Fourier's heat diffusion partial differential equations on an iron rod.,A mechanical clockwork drawing arm where each gear rotates at a fixed multiple frequency.,"Signal processing, differential equations in physics, neural frequency representations (Fourier features).","Hypnotic, gorgeous 60fps animations, rich historical narrative, masterclass pedagogy.",Show rotating epicycles drawing intricate art: connecting abstract Fourier analysis to visual drawing captures universal human curiosity.,89220,18900000.0,"But what is a Fourier series?  From heat flow to drawing with circles | DE4 Epicycle Geometry & Complex Exponentials Rotating epicycles (circles orbiting circles) drawing complex vector outlines (Homer Simpson, Fourier face) via rotating vectors $e^{int}$. Solving Joseph Fourier's heat diffusion partial differential equations on an iron rod. A mechanical clockwork drawing arm where each gear rotates at a fixed multiple frequency. Signal processing, differential equations in physics, neural frequency representations (Fourier features). Show rotating epicycles drawing intricate art: connecting abstract Fourier analysis to visual drawing captures universal human curiosity.",1,1,1,1,1,0,678,91,16.75467253293992,7
VID-445,Machine Learning (ML),Visually Explained,Gradient Descent in 3 minutes,http://www.youtube.com/watch?v=qg4PchTECck,3:07,443K+,Minimalist High-Impact Animation,"Sleek 2D and 3D loss curves, tangent slope vectors pointing in opposite direction of gradient, step size adaptation.",Adjusting parameter $	heta$ to minimize mean squared error loss.,Rolling a marble down a smooth wooden bowl until it settles at the lowest center point.,The universal optimization engine of modern machine learning.,"Minimalist black-and-white design, soothing soundtrack, perfect 3-minute pacing.","Focus entirely on the negative sign in $	heta \leftarrow 	heta - lpha 
abla L$: explain that moving against the uphill slope naturally carries you downhill.",187,443000.0,"Gradient Descent in 3 minutes Minimalist High-Impact Animation Sleek 2D and 3D loss curves, tangent slope vectors pointing in opposite direction of gradient, step size adaptation. Adjusting parameter $	heta$ to minimize mean squared error loss. Rolling a marble down a smooth wooden bowl until it settles at the lowest center point. The universal optimization engine of modern machine learning. Focus entirely on the negative sign in $	heta \leftarrow 	heta - lpha 
abla L$: explain that moving against the uphill slope naturally carries you downhill.",1,1,1,1,0,0,552,86,13.001327306361068,4
VID-446,Machine Learning (ML),Visually Explained,STOCHASTIC Gradient Descent (in 3 minutes),http://www.youtube.com/watch?v=UmathvAKj80,3:34,146K+,Mini-Batch Sampling & Noisy Optimization,Noisy zig-zag optimization trajectories compared against smooth but computationally heavy full-batch gradients.,Updating neural weights after viewing a single training image or a mini-batch of 32 samples.,Asking a single random voter for their opinion to get a quick rough sense of the election rather than polling the entire nation.,Training large neural networks on datasets with billions of tokens.,"Elegant, concise, crystal-clear visual contrast between batch, mini-batch, and stochastic variants.","Show that noise is a feature, not a bug: the stochastic jitter helps the optimizer escape shallow local minima.",214,146000.0,"STOCHASTIC Gradient Descent (in 3 minutes) Mini-Batch Sampling & Noisy Optimization Noisy zig-zag optimization trajectories compared against smooth but computationally heavy full-batch gradients. Updating neural weights after viewing a single training image or a mini-batch of 32 samples. Asking a single random voter for their opinion to get a quick rough sense of the election rather than polling the entire nation. Training large neural networks on datasets with billions of tokens. Show that noise is a feature, not a bug: the stochastic jitter helps the optimizer escape shallow local minima.",1,1,1,1,0,0,597,90,11.891368749982083,4
VID-447,Machine Learning (ML),Visually Explained,MOMENTUM Gradient Descent (in 3 minutes),http://www.youtube.com/watch?v=iudXf5n_3ro,3:18,67K+,Kinetic Physics & Velocity Accumulation,Vector arrows cancelling out perpendicular oscillations while reinforcing downhill momentum.,Navigating narrow ravines where loss oscillates wildly across vertical walls while making slow horizontal progress.,A heavy toboggan sliding down a snowy mountain: its forward momentum keeps it moving along the valley floor without crashing into side walls.,Standard component in SGD with Momentum and Adam optimizers.,"Pristine visual elegance, concise 3-minute delivery, clear vector arithmetic.",Animate the cancellation of orthogonal components: showing opposing vertical arrows cancelling out while forward horizontal arrows add up makes momentum obvious.,198,67000.0,MOMENTUM Gradient Descent (in 3 minutes) Kinetic Physics & Velocity Accumulation Vector arrows cancelling out perpendicular oscillations while reinforcing downhill momentum. Navigating narrow ravines where loss oscillates wildly across vertical walls while making slow horizontal progress. A heavy toboggan sliding down a snowy mountain: its forward momentum keeps it moving along the valley floor without crashing into side walls. Standard component in SGD with Momentum and Adam optimizers. Animate the cancellation of orthogonal components: showing opposing vertical arrows cancelling out while forward horizontal arrows add up makes momentum obvious.,1,1,1,1,1,0,654,89,11.112462823634855,4
VID-448,Machine Learning (ML),Visually Explained,Decision Trees - VisuallyExplained,http://www.youtube.com/watch?v=LLBGiAAZqAM,8:50,24K+,Axis-Aligned Space Partitioning,"2D feature space sliced into rectangular decision regions by orthogonal boundary lines, tree branch hierarchy.",Classifying whether an applicant receives a bank loan based on age and income.,Playing the game 'Guess Who?': asking yes/no questions that eliminate the maximum number of faces with each question.,"Interpretable medical diagnosis, credit underwriting, fraud detection.","Clean minimalist aesthetics, calm narration, high visual clarity.",Show the split in feature space alongside the branching tree graph so viewers see that each tree split is an orthogonal line dividing space.,530,24000.0,"Decision Trees - VisuallyExplained Axis-Aligned Space Partitioning 2D feature space sliced into rectangular decision regions by orthogonal boundary lines, tree branch hierarchy. Classifying whether an applicant receives a bank loan based on age and income. Playing the game 'Guess Who?': asking yes/no questions that eliminate the maximum number of faces with each question. Interpretable medical diagnosis, credit underwriting, fraud detection. Show the split in feature space alongside the branching tree graph so viewers see that each tree split is an orthogonal line dividing space.",1,1,1,1,0,0,586,84,10.085850775128716,8
VID-449,Machine Learning (ML),Visually Explained,K-nearest Neighbors (KNN) in 3 min,http://www.youtube.com/watch?v=gs9E7E0qOIc,3:12,130K+,Distance Metrics & Voronoi Tessellation,"Euclidean distance radius circles, Voronoi cell boundaries forming around training points, classification majority voting.",Classifying an unknown sample based on the labels of its nearest neighbors.,"If it walks like a duck and quacks like a duck, and its 3 best friends are ducks, it's probably a duck.","Instance-based learning, baseline benchmark classification.","Crisp 3-minute pacing, beautiful clean graphic design, zero fluff.",Display the Voronoi diagram: showing how 1-NN partitions the entire plane into geometric polygonal cells provides instant spatial intuition.,192,130000.0,"K-nearest Neighbors (KNN) in 3 min Distance Metrics & Voronoi Tessellation Euclidean distance radius circles, Voronoi cell boundaries forming around training points, classification majority voting. Classifying an unknown sample based on the labels of its nearest neighbors. If it walks like a duck and quacks like a duck, and its 3 best friends are ducks, it's probably a duck. Instance-based learning, baseline benchmark classification. Display the Voronoi diagram: showing how 1-NN partitions the entire plane into geometric polygonal cells provides instant spatial intuition.",1,1,1,1,0,0,578,83,11.775297421715829,7
VID-450,Machine Learning (ML),Visually Explained,Logistic Regression (and why it's different from Linear Regression),http://www.youtube.com/watch?v=3bvM3NyMiE0,8:10,115K+,Probability Squashing & Decision Boundaries,Contrasting straight linear regression lines that predict impossible values (<0 or >1) against the smooth S-curve of the logistic function.,Predicting whether a student will pass or fail an exam based on study hours.,"A light dimmer that caps electricity strictly between 0% and 100%, preventing the bulb from exploding.","Medical diagnosis, marketing conversion modeling, ad click probability.","High clarity, elegant black-and-white visual design, crystal-clear conceptual comparisons.","Show the outlier trap: demonstrate how a single extreme outlier completely destroys a linear regression boundary, but barely moves a logistic regression curve.",490,115000.0,"Logistic Regression (and why it's different from Linear Regression) Probability Squashing & Decision Boundaries Contrasting straight linear regression lines that predict impossible values (<0 or >1) against the smooth S-curve of the logistic function. Predicting whether a student will pass or fail an exam based on study hours. A light dimmer that caps electricity strictly between 0% and 100%, preventing the bulb from exploding. Medical diagnosis, marketing conversion modeling, ad click probability. Show the outlier trap: demonstrate how a single extreme outlier completely destroys a linear regression boundary, but barely moves a logistic regression curve.",1,1,1,1,1,0,663,95,11.652696102959752,8
VID-451,Machine Learning (ML),TheDataPost,K-Means Clustering Explanation and Visualization,http://www.youtube.com/watch?v=R2e3Ls9H_fc,3:29,151K+,Iterative Expectation-Maximization Animation,"Smooth animated movement of centroids jumping to cluster means, data points changing colors to match closest centroid.",Grouping customer spending segments into 3 clusters.,"Shepherds moving to the center of their flocks, and sheep running to the closest shepherd, repeating until no one moves.","Customer segmentation, color palette extraction from photos.","Smooth fluid animation, concise 3.5-minute delivery, clear voiceover.","The 'shepherds and sheep' analogy makes the two-step iteration (Assignment step, Update step) unforgettable.",209,151000.0,"K-Means Clustering Explanation and Visualization Iterative Expectation-Maximization Animation Smooth animated movement of centroids jumping to cluster means, data points changing colors to match closest centroid. Grouping customer spending segments into 3 clusters. Shepherds moving to the center of their flocks, and sheep running to the closest shepherd, repeating until no one moves. Customer segmentation, color palette extraction from photos. The 'shepherds and sheep' analogy makes the two-step iteration (Assignment step, Update step) unforgettable.",1,1,1,1,0,0,556,73,11.92504173829169,7
VID-452,Machine Learning (ML),3-Minute Data Science,Simple Neural Network in 3 Minutes,http://www.youtube.com/watch?v=iyrmwErURJs,4:23,28K+,Architectural Micro-Lesson,"Inputs, weights, bias, activation function, output layer, animated forward signal flow.",Classifying handwritten numbers with a tiny toy network.,"A team of factory inspectors passing parts down an assembly line, each adding their own signature score.",Foundation of deep learning systems.,"Fast, clear, structured, zero intimidation.",Break the artificial neuron into its two distinct math steps: Step 1 Linear Combination ($z = \sum w_i x_i + b$); Step 2 Non-Linear Activation ($a = f(z)$).,263,28000.0,"Simple Neural Network in 3 Minutes Architectural Micro-Lesson Inputs, weights, bias, activation function, output layer, animated forward signal flow. Classifying handwritten numbers with a tiny toy network. A team of factory inspectors passing parts down an assembly line, each adding their own signature score. Foundation of deep learning systems. Break the artificial neuron into its two distinct math steps: Step 1 Linear Combination ($z = \sum w_i x_i + b$); Step 2 Non-Linear Activation ($a = f(z)$).",1,1,1,1,1,0,505,77,10.239995502805316,4
VID-453,Deep Learning Fundamentals,DeepLearningAI,C4W1L02 Edge Detection Examples,http://www.youtube.com/watch?v=XuD4C8vJzEQ,11:31,339K+,Convolutional Filters & Image Calculus,"Andrew Ng calculating 2D matrix convolutions by hand, applying vertical Sobel filter $egin{bmatrix}1 & 0 & -1 \ 2 & 0 & -2 \ 1 & 0 & -1\end{bmatrix}$ to pixel grid.",Detecting strong vertical light-to-dark edges on a synthetic $6 	imes 6$ black-and-white square.,Holding up a magnifying stencil that only lets light through when it aligns with vertical cracks in a wall.,Early visual processing layers in all computer vision neural networks.,"Iconic Andrew Ng blackboard arithmetic, crystal-clear numerical calculation, warm delivery.","Calculate the convolution matrix dot product by hand with real numbers: when viewers see the arithmetic work out to 0 on flat areas and 30 on edges, the concept clicks permanently.",691,339000.0,"C4W1L02 Edge Detection Examples Convolutional Filters & Image Calculus Andrew Ng calculating 2D matrix convolutions by hand, applying vertical Sobel filter $egin{bmatrix}1 & 0 & -1 \ 2 & 0 & -2 \ 1 & 0 & -1\end{bmatrix}$ to pixel grid. Detecting strong vertical light-to-dark edges on a synthetic $6 	imes 6$ black-and-white square. Holding up a magnifying stencil that only lets light through when it aligns with vertical cracks in a wall. Early visual processing layers in all computer vision neural networks. Calculate the convolution matrix dot product by hand with real numbers: when viewers see the arithmetic work out to 0 on flat areas and 30 on edges, the concept clicks permanently.",1,1,1,1,1,0,693,114,12.733758336210744,3
VID-454,Deep Learning Fundamentals,DeepLearningAI,C4W1L04 Padding,http://www.youtube.com/watch?v=smHa2442Ah4,9:50,174K+,Border Shrinkage & Boundary Preservation Math,"Formulas $(n - f + 1)$, adding border padding $p$, valid convolution vs same convolution diagrams.",Preventing a $64 	imes 64$ image from shrinking to $1 	imes 1$ after 30 convolutional layers.,Putting a picture frame around a photograph so your fingers don't smudge the artwork when handling the borders.,"Deep CNN architecture design, spatial feature preservation.","Clear algebraic derivations, transparent diagram slides, patient teaching cadence.",Highlight the two reasons for padding: 1) preventing spatial shrinking across deep layers; 2) ensuring edge pixels contribute as much information as central pixels.,590,174000.0,"C4W1L04 Padding Border Shrinkage & Boundary Preservation Math Formulas $(n - f + 1)$, adding border padding $p$, valid convolution vs same convolution diagrams. Preventing a $64 	imes 64$ image from shrinking to $1 	imes 1$ after 30 convolutional layers. Putting a picture frame around a photograph so your fingers don't smudge the artwork when handling the borders. Deep CNN architecture design, spatial feature preservation. Highlight the two reasons for padding: 1) preventing spatial shrinking across deep layers; 2) ensuring edge pixels contribute as much information as central pixels.",1,1,1,1,1,0,591,89,12.066816325306588,3
VID-455,Deep Learning Fundamentals,DeepLearningAI,C4W1L06 Convolutions Over Volumes,http://www.youtube.com/watch?v=KTB_OFoAQcc,10:45,269K+,3D Tensor Mathematics & RGB Channels,"3D volume diagrams ($H 	imes W 	imes C$), sliding 3D filters ($3 	imes 3 	imes 3$) over Red, Green, and Blue channels, stacking multiple filters.",Applying 16 separate 3D convolutional filters to an RGB color image to produce 16 feature maps.,"A multi-layered scanner that reads color, heat, and texture simultaneously across a 3D block.",Every modern computer vision model processing color images and video tensors.,"Pristine spatial 3D visualization, clear explanation of tensor dimensions.",Emphasize the golden rule: the number of channels in the filter MUST match the number of channels in the input volume.,645,269000.0,"C4W1L06 Convolutions Over Volumes 3D Tensor Mathematics & RGB Channels 3D volume diagrams ($H 	imes W 	imes C$), sliding 3D filters ($3 	imes 3 	imes 3$) over Red, Green, and Blue channels, stacking multiple filters. Applying 16 separate 3D convolutional filters to an RGB color image to produce 16 feature maps. A multi-layered scanner that reads color, heat, and texture simultaneously across a 3D block. Every modern computer vision model processing color images and video tensors. Emphasize the golden rule: the number of channels in the filter MUST match the number of channels in the input volume.",1,1,1,1,0,0,603,97,12.502470376049184,3
VID-456,Deep Learning Fundamentals,DeepLearningAI,C4W2L03 Resnets,http://www.youtube.com/watch?v=ZILIbUvp5lk,7:08,211K+,Residual Connections & Skip Layer Mechanics,"Residual block diagram showing shortcut connection skipping 2 layers: $a^{[l+2]} = g(z^{[l+2]} + a^{[l]})$, vanishing gradient mitigation.",Training ultra-deep 152-layer neural networks on ImageNet without training degradation.,A bypass highway that lets local traffic skip straight past city center gridlock.,"ResNet-50, ResNet-152, Vision Transformers, and all modern deep architectures.","Andrew Ng's concise, high-impact instruction, clear block schematics.","Show the Identity Mapping trick: if deeper layer weights are driven to zero, the block simply passes the identity $a^{[l]}$, ensuring deeper networks never perform worse than shallower ones.",428,211000.0,"C4W2L03 Resnets Residual Connections & Skip Layer Mechanics Residual block diagram showing shortcut connection skipping 2 layers: $a^{[l+2]} = g(z^{[l+2]} + a^{[l]})$, vanishing gradient mitigation. Training ultra-deep 152-layer neural networks on ImageNet without training degradation. A bypass highway that lets local traffic skip straight past city center gridlock. ResNet-50, ResNet-152, Vision Transformers, and all modern deep architectures. Show the Identity Mapping trick: if deeper layer weights are driven to zero, the block simply passes the identity $a^{[l]}$, ensuring deeper networks never perform worse than shallower ones.",1,1,1,1,0,0,638,86,12.259618151783464,3
VID-457,Deep Learning Fundamentals,DeepLearningAI,C4W2L04 Why ResNets Work,http://www.youtube.com/watch?v=RYth6EbBUqM,9:13,157K+,Mathematical Proof & Identity Mapping,"Equation breakdown showing how L2 weight decay drives $W^{[l+2]} 	o 0$, naturally reducing the block to an identity function.",Proving why ResNets easily learn identity functions without optimization friction.,"Adding optional booster engines to an airplane: if the boosters don't help, they automatically turn off, so the plane flies at least as fast as before.",Stability of modern trillion-parameter models with skip connections.,"Methodical mathematical proof, accessible and reassuring tone, high clarity.","Walk through the algebra $a^{[l+2]} = g(W a^{[l+1]} + b + a^{[l]})$: when $W=0, b=0$, this reduces to $g(a^{[l]}) = a^{[l]}$, proving that adding layers cannot hurt.",553,157000.0,"C4W2L04 Why ResNets Work Mathematical Proof & Identity Mapping Equation breakdown showing how L2 weight decay drives $W^{[l+2]} 	o 0$, naturally reducing the block to an identity function. Proving why ResNets easily learn identity functions without optimization friction. Adding optional booster engines to an airplane: if the boosters don't help, they automatically turn off, so the plane flies at least as fast as before. Stability of modern trillion-parameter models with skip connections. Walk through the algebra $a^{[l+2]} = g(W a^{[l+1]} + b + a^{[l]})$: when $W=0, b=0$, this reduces to $g(a^{[l]}) = a^{[l]}$, proving that adding layers cannot hurt.",1,1,1,1,1,0,658,99,11.964007453736912,4
VID-458,Deep Learning Fundamentals,DeepLearningAI,C4W2L05 Network In Network,http://www.youtube.com/watch?v=c1RBQzKsDCk,6:40,124K+,1x1 Convolutions & Channel Dimensionality Reduction,"Diagrams of $1 	imes 1 	imes C$ filters multiplying across channel slices, shrinking 192 channels down to 32 channels without altering spatial height/width.",Compressing feature map depth before expensive $5 	imes 5$ convolutions in Google Inception networks.,Blending a 10-layer cake of different flavors into a compact 3-layer cake while preserving the surface shape.,"Inception networks, MobileNet, bottle-neck layers in modern CNNs.",Crisp 6.5-minute explanation of an often misunderstood architectural trick.,Explain $1 	imes 1$ convolutions simply: it is a fully connected linear layer applied to each pixel position across all color channels independently.,400,124000.0,"C4W2L05 Network In Network 1x1 Convolutions & Channel Dimensionality Reduction Diagrams of $1 	imes 1 	imes C$ filters multiplying across channel slices, shrinking 192 channels down to 32 channels without altering spatial height/width. Compressing feature map depth before expensive $5 	imes 5$ convolutions in Google Inception networks. Blending a 10-layer cake of different flavors into a compact 3-layer cake while preserving the surface shape. Inception networks, MobileNet, bottle-neck layers in modern CNNs. Explain $1 	imes 1$ convolutions simply: it is a fully connected linear layer applied to each pixel position across all color channels independently.",1,1,1,1,0,0,663,95,11.728044909070784,3
VID-459,Deep Learning Fundamentals,DeepLearningAI,C4W2L06 Inception Network Motivation,http://www.youtube.com/watch?v=C86ZXvgpejM,10:15,142K+,Multi-Scale Convolutions & Inception Modules,"Inception block architecture: running $1 	imes 1$, $3 	imes 3$, $5 	imes 5$ convolutions and Max Pooling in parallel, concatenating outputs.",Letting the network decide whether local details (1x1) or broad contextual shapes (5x5) are more important.,"Taking multiple photographs of an athlete simultaneously with a macro lens, a standard lens, and a wide-angle lens, then stacking the photos.","GoogLeNet / Inception-v4, multi-scale object recognition.","Clear motivation, transparent computational cost analysis, structured slides.","Explain 'Why not do them all?': instead of agonizing over filter size, let the network compute all filter sizes in parallel and learn the best combination.",615,142000.0,"C4W2L06 Inception Network Motivation Multi-Scale Convolutions & Inception Modules Inception block architecture: running $1 	imes 1$, $3 	imes 3$, $5 	imes 5$ convolutions and Max Pooling in parallel, concatenating outputs. Letting the network decide whether local details (1x1) or broad contextual shapes (5x5) are more important. Taking multiple photographs of an athlete simultaneously with a macro lens, a standard lens, and a wide-angle lens, then stacking the photos. GoogLeNet / Inception-v4, multi-scale object recognition. Explain 'Why not do them all?': instead of agonizing over filter size, let the network compute all filter sizes in parallel and learn the best combination.",1,1,1,1,0,0,686,100,11.863589378812122,3
VID-460,Academic Lectures & Foundational Courses,Stanford Online,Stanford CS230 | Autumn 2025 | Lecture 1: Introduction to Deep Learning,http://www.youtube.com/watch?v=_NLHFoVNlbg,1:00:17,701K+,University Masterclass & Deep Learning Superpower,"Kian Katanforoosh and Andrew Ng presenting at Stanford, slides on neural scaling, AI workflow cycles, and real-world case studies.",Diagnosing heart arrhythmias from single-lead ECG signals more accurately than board-certified cardiologists.,Deep learning as giving engineers a new universal hammer: suddenly every complex perceptual problem looks like a nail.,"Stanford AI curriculum, clinical diagnostic systems, production deep learning deployment.","Top-tier 4K Stanford lecture recording, charismatic co-lecturers, highly inspiring and accessible.",Emphasize project-driven learning: the course emphasizes building real end-to-end applications rather than staying in theoretical math.,3617,701000.0,"Stanford CS230 | Autumn 2025 | Lecture 1: Introduction to Deep Learning University Masterclass & Deep Learning Superpower Kian Katanforoosh and Andrew Ng presenting at Stanford, slides on neural scaling, AI workflow cycles, and real-world case studies. Diagnosing heart arrhythmias from single-lead ECG signals more accurately than board-certified cardiologists. Deep learning as giving engineers a new universal hammer: suddenly every complex perceptual problem looks like a nail. Stanford AI curriculum, clinical diagnostic systems, production deep learning deployment. Emphasize project-driven learning: the course emphasizes building real end-to-end applications rather than staying in theoretical math.",1,1,1,1,1,0,707,93,13.460264592549231,4
VID-461,Large Language Models (LLM),DeepLearningAI,Full AI Prompting Course with Andrew Ng,http://www.youtube.com/watch?v=8ib4Qnh2HFE,2:28:47,427K+,Comprehensive Prompt Engineering Masterclass,"Jupyter Notebook code cells, prompt templates, delimiters (`""""""`), structured JSON outputs, few-shot prompting demonstrations.","Building a customer support automated email responder that analyzes sentiment, extracts product names, and drafts personalized replies.",Giving clear instructions to a brilliant newly hired intern who has read the internet but knows nothing about your specific office procedures.,"Enterprise application development, LLM product design.","Pristine studio recording, authoritative guidance from Andrew Ng and Isa Fulford (OpenAI), structured progression.",Teach the two fundamental prompt principles: Principle 1: Write clear and specific instructions; Principle 2: Give the model time to think (Chain of Thought).,8927,427000.0,"Full AI Prompting Course with Andrew Ng Comprehensive Prompt Engineering Masterclass Jupyter Notebook code cells, prompt templates, delimiters (`""""""`), structured JSON outputs, few-shot prompting demonstrations. Building a customer support automated email responder that analyzes sentiment, extracts product names, and drafts personalized replies. Giving clear instructions to a brilliant newly hired intern who has read the internet but knows nothing about your specific office procedures. Enterprise application development, LLM product design. Teach the two fundamental prompt principles: Principle 1: Write clear and specific instructions; Principle 2: Give the model time to think (Chain of Thought).",1,1,1,1,0,1,705,94,12.964541634128397,2
VID-462,Large Language Models (LLM),DeepLearningAI,Build Your Own App In Just 30 Minutes! Full Course with Andrew Ng,http://www.youtube.com/watch?v=ff3j4olCUig,25:58:00,102K+,Applied Rapid Prototyping Workshop,"Interactive web app interface using Gradio and Python, connecting OpenAI and open-source models, live debugging.",Building an automated document summary and Q&A web app in 30 lines of Python.,Sketching a prototype in a digital sandbox that becomes a production product in minutes.,"Fast prototyping of AI startups, internal enterprise tools.","Fast, approachable, hands-on, high visual clarity.","Demystify UI building: show that with modern Python frameworks like Gradio, an engineer can build a full web interface in under 10 lines of code.",93480,102000.0,"Build Your Own App In Just 30 Minutes! Full Course with Andrew Ng Applied Rapid Prototyping Workshop Interactive web app interface using Gradio and Python, connecting OpenAI and open-source models, live debugging. Building an automated document summary and Q&A web app in 30 lines of Python. Sketching a prototype in a digital sandbox that becomes a production product in minutes. Fast prototyping of AI startups, internal enterprise tools. Demystify UI building: show that with modern Python frameworks like Gradio, an engineer can build a full web interface in under 10 lines of code.",1,1,1,1,0,1,586,93,11.53273789613992,2
VID-463,Academic Lectures & Foundational Courses,DeepLearningAI,Carrying Out Error Analysis (C3W2L01),http://www.youtube.com/watch?v=JoAxZsdw_3w,10:32,31K+,Engineering Methodology & Error Ceiling,"Andrew Ng drawing error analysis spreadsheets, categorizing 100 mislabeled validation images into dog-like cats, blurry images, and low-light photos.",Deciding whether to spend 3 months building a custom dog filter when dogs only account for 8% of misclassifications.,A doctor doing triage: analyzing the top 3 causes of illness before spending millions building a vaccine for a rare cold.,Prioritizing engineering roadmaps in industrial machine learning.,"Pristine instructional guidance, highly pragmatic, legendary Andrew Ng pedagogy.",Always create an error analysis spreadsheet with 100 misclassified examples: counting categories gives you a hard ceiling on how much fixing each issue can improve accuracy.,632,31000.0,"Carrying Out Error Analysis (C3W2L01) Engineering Methodology & Error Ceiling Andrew Ng drawing error analysis spreadsheets, categorizing 100 mislabeled validation images into dog-like cats, blurry images, and low-light photos. Deciding whether to spend 3 months building a custom dog filter when dogs only account for 8% of misclassifications. A doctor doing triage: analyzing the top 3 causes of illness before spending millions building a vaccine for a rare cold. Prioritizing engineering roadmaps in industrial machine learning. Always create an error analysis spreadsheet with 100 misclassified examples: counting categories gives you a hard ceiling on how much fixing each issue can improve accuracy.",1,1,1,1,0,0,706,102,10.34177474101152,8
VID-464,Academic Lectures & Foundational Courses,DeepLearningAI,Transfer Learning (C3W2L07),http://www.youtube.com/watch?v=yofjFQddwHE,11:18,162K+,Pretrained Feature Transfer & Fine-Tuning,"Freezing lower layers of a pre-trained ImageNet model, swapping out the softmax layer, training only final weights on new medical X-ray dataset.",Transferring low-level visual edge filters learned on 1 million general photos to detect radiology bone fractures with 100 X-rays.,"Hiring a classical concert pianist and teaching them jazz: they already know finger dexterity, tempo, and scales, so learning jazz takes weeks rather than decades.","Computer vision radiology models, domain adaptation in NLP.","Clear chalkboard slides, reassuring tone, structured rules of thumb.",The 'concert pianist learning jazz' analogy clearly illustrates why freezing early feature layers enables models to learn from tiny datasets.,678,162000.0,"Transfer Learning (C3W2L07) Pretrained Feature Transfer & Fine-Tuning Freezing lower layers of a pre-trained ImageNet model, swapping out the softmax layer, training only final weights on new medical X-ray dataset. Transferring low-level visual edge filters learned on 1 million general photos to detect radiology bone fractures with 100 X-rays. Hiring a classical concert pianist and teaching them jazz: they already know finger dexterity, tempo, and scales, so learning jazz takes weeks rather than decades. Computer vision radiology models, domain adaptation in NLP. The 'concert pianist learning jazz' analogy clearly illustrates why freezing early feature layers enables models to learn from tiny datasets.",1,1,1,1,0,0,711,102,11.995357787034976,4
VID-465,Academic Lectures & Foundational Courses,DeepLearningAI,C5W3L03 Beam Search,http://www.youtube.com/watch?v=RLWuzLLSIgw,11:55,97K+,Heuristic Search & Combinatorial Optimization,"Search trees expanding candidate token branches, keeping top $B=3$ candidates at each step, pruning low-probability branches.",Translating French sentences to English without greedy search getting trapped in poor early word choices.,Exploring a maze with 3 flashlight beams: keeping the 3 most promising paths lit at every fork rather than sprinting down one blind alley.,"Machine translation, speech transcription decoding, image captioning.","Clear visual graphs, methodical arithmetic walk-through, patient explanation.","Contrast Greedy Search ($B=1$, fast but short-sighted) with Exhaustive Search ($B=\infty$, optimal but exponentially impossible) to position Beam Search as the practical sweet spot.",715,97000.0,"C5W3L03 Beam Search Heuristic Search & Combinatorial Optimization Search trees expanding candidate token branches, keeping top $B=3$ candidates at each step, pruning low-probability branches. Translating French sentences to English without greedy search getting trapped in poor early word choices. Exploring a maze with 3 flashlight beams: keeping the 3 most promising paths lit at every fork rather than sprinting down one blind alley. Machine translation, speech transcription decoding, image captioning. Contrast Greedy Search ($B=1$, fast but short-sighted) with Exhaustive Search ($B=\infty$, optimal but exponentially impossible) to position Beam Search as the practical sweet spot.",1,1,1,1,1,0,688,94,11.48247656671073,6
VID-466,Academic Lectures & Foundational Courses,DeepLearningAI,C5W3L07 Attention Model Intuition,http://www.youtube.com/watch?v=SysgYptB198,9:42,305K+,Alignment Weights & Visual Attention,"Attention alignment weights $lpha^{\langle t, t' 
angle}$ depicted as glowing soft focus dials connecting French source words to English translations.",Translating a long sentence where translating 'Jane visits Africa in September' requires paying attention to 'Africa' when generating the French word 'Afrique'.,"A human reader glancing their eyes across a foreign sentence, focusing on two words at a time as they write down the translation.",The conceptual precursor to the Transformer architecture.,"Historical milestone lecture; Andrew Ng's calm and crystalline delivery, clear intuitive framing.","Show the attention heatmap matrix: when viewers see bright diagonal squares showing the model looking at relevant words, attention transforms from abstract math into intuitive vision.",582,305000.0,"C5W3L07 Attention Model Intuition Alignment Weights & Visual Attention Attention alignment weights $lpha^{\langle t, t' 
angle}$ depicted as glowing soft focus dials connecting French source words to English translations. Translating a long sentence where translating 'Jane visits Africa in September' requires paying attention to 'Africa' when generating the French word 'Afrique'. A human reader glancing their eyes across a foreign sentence, focusing on two words at a time as they write down the translation. The conceptual precursor to the Transformer architecture. Show the attention heatmap matrix: when viewers see bright diagonal squares showing the model looking at relevant words, attention transforms from abstract math into intuitive vision.",1,1,1,1,1,0,755,107,12.628070334272698,6
VID-467,Academic Lectures & Foundational Courses,DeepLearningAI,C4W4L04 Triplet loss,http://www.youtube.com/watch?v=d2XB5-tuCWU,15:30,141K+,Metric Learning & Distance Margins,"Anchor ($A$), Positive ($P$), and Negative ($N$) embedding coordinates in 128-dimensional space, margin $lpha$ boundary spheres.",Training FaceNet to verify airport passenger identity from passport photos by pushing same-person embeddings together and different-person embeddings apart.,"A magnet with three poles: Anchor and Positive attract like opposite magnetic poles, while Anchor and Negative repel like identical poles.","Smartphone face unlock (FaceID), biometric airport security gates.","Pristine blackboard diagrams, clear mathematical derivation of $d(A, P) + lpha \le d(A, N)$.","Explain Hard Negative Mining: training on easy negatives gives zero gradients ($d(A, N)$ is already huge), so actively mining triplets where $d(A, P) pprox d(A, N)$ is mandatory.",930,141000.0,"C4W4L04 Triplet loss Metric Learning & Distance Margins Anchor ($A$), Positive ($P$), and Negative ($N$) embedding coordinates in 128-dimensional space, margin $lpha$ boundary spheres. Training FaceNet to verify airport passenger identity from passport photos by pushing same-person embeddings together and different-person embeddings apart. A magnet with three poles: Anchor and Positive attract like opposite magnetic poles, while Anchor and Negative repel like identical poles. Smartphone face unlock (FaceID), biometric airport security gates. Explain Hard Negative Mining: training on easy negatives gives zero gradients ($d(A, N)$ is already huge), so actively mining triplets where $d(A, P) pprox d(A, N)$ is mandatory.",1,1,1,1,0,0,728,100,11.856522261533735,4
VID-468,Academic Lectures & Foundational Courses,DeepLearningAI,C4W4L03 Siamese Network,http://www.youtube.com/watch?v=6jfw8MuKwpI,4:52,152K+,Twin Weight Sharing Architecture,"Two identical convolutional towers sharing the exact same weights $W$, outputting 128-d vectors $f(x_1)$ and $f(x_2)$, L1/L2 norm distance.",One-shot face verification comparing an employee badge photo to a live security camera frame.,Sending identical twin fingerprint analysts to inspect two crime scene prints using the exact same handbook.,"Signature verification in banking, facial recognition security.","Fast, concise 5 minutes, crystal-clear architectural diagram.","Highlight weight sharing: because both networks share identical parameters, identical images produce a vector distance of exactly zero.",292,152000.0,"C4W4L03 Siamese Network Twin Weight Sharing Architecture Two identical convolutional towers sharing the exact same weights $W$, outputting 128-d vectors $f(x_1)$ and $f(x_2)$, L1/L2 norm distance. One-shot face verification comparing an employee badge photo to a live security camera frame. Sending identical twin fingerprint analysts to inspect two crime scene prints using the exact same handbook. Signature verification in banking, facial recognition security. Highlight weight sharing: because both networks share identical parameters, identical images produce a vector distance of exactly zero.",1,1,1,1,1,0,599,81,11.93164237875414,3
VID-469,Academic Lectures & Foundational Courses,DeepLearningAI,C4W4L02 One Shot Learning,http://www.youtube.com/watch?v=96b_weTZb2w,4:45,111K+,Similarity Function vs Softmax Classification,Diagram showing why standard Softmax networks fail when a new employee joins the company (requiring retraining the entire network).,"Learning a similarity function $d(img1, img2)$ that outputs a degree of difference between two images.","A security guard comparing your passport photo to your live face: they don't memorize your name, they just judge if the faces match.","Employee building access gates, visitor ID badges.","Clear motivation, concise 4.5 minutes, clean slide cards.",The 'passport border guard' analogy explains why learning a similarity metric solves the dynamic database problem without retraining.,285,111000.0,"C4W4L02 One Shot Learning Similarity Function vs Softmax Classification Diagram showing why standard Softmax networks fail when a new employee joins the company (requiring retraining the entire network). Learning a similarity function $d(img1, img2)$ that outputs a degree of difference between two images. A security guard comparing your passport photo to your live face: they don't memorize your name, they just judge if the faces match. Employee building access gates, visitor ID badges. The 'passport border guard' analogy explains why learning a similarity metric solves the dynamic database problem without retraining.",1,1,1,1,0,0,624,91,11.6172944892629,8
VID-470,Academic Lectures & Foundational Courses,DeepLearningAI,C4W4L06 What is neural style transfer?,http://www.youtube.com/watch?v=R39tWYYKNcI,2:13,51K+,Artistic Optimization & Gram Matrices,"Content image (Stanford campus), Style image (Van Gogh's Starry Night), and Generated artwork blending content geometry with brush strokes.",Painting a modern city skyline in the stylistic brush strokes of an impressionist oil painting.,"An artist sketching the exact outline of your house in pencil, then filling it with the color palette and textures of an antique tapestry.","Photo filter apps, creative AI styling tools.","Visually beautiful examples, rapid 2-minute conceptual intro.","Present the two distinct cost functions early: $J(G) = lpha J_{content}(C, G) + eta J_{style}(S, G)$.",133,51000.0,"C4W4L06 What is neural style transfer? Artistic Optimization & Gram Matrices Content image (Stanford campus), Style image (Van Gogh's Starry Night), and Generated artwork blending content geometry with brush strokes. Painting a modern city skyline in the stylistic brush strokes of an impressionist oil painting. An artist sketching the exact outline of your house in pencil, then filling it with the color palette and textures of an antique tapestry. Photo filter apps, creative AI styling tools. Present the two distinct cost functions early: $J(G) = lpha J_{content}(C, G) + eta J_{style}(S, G)$.",1,1,1,1,1,0,601,92,10.839600519357369,5
VID-471,Academic Lectures & Foundational Courses,DeepLearningAI,C4W3L07 Nonmax Suppression,http://www.youtube.com/watch?v=VAo84c1hQX8,8:02,110K+,Bounding Box Pruning & IoU Thresholding,"Dozens of overlapping yellow candidate bounding boxes around a single car, selecting the highest probability box and suppressing overlapping proposals.",Pruning 19 overlapping bounding boxes detected by YOLO around a truck down to 1 clean rectangle.,"A spotlight operator: when five spotlights illuminate the same actor, keep only the brightest spotlight and turn off the other four.","Every modern object detection pipeline (YOLO, Faster R-CNN, SSD).","Clear whiteboard graphics, patient step-by-step algorithmic progression.",Walk through the 3-step NMS algorithm: 1) pick box with highest $P_c$; 2) discard all boxes with $IoU \ge 0.5$ against it; 3) repeat for remaining boxes.,482,110000.0,"C4W3L07 Nonmax Suppression Bounding Box Pruning & IoU Thresholding Dozens of overlapping yellow candidate bounding boxes around a single car, selecting the highest probability box and suppressing overlapping proposals. Pruning 19 overlapping bounding boxes detected by YOLO around a truck down to 1 clean rectangle. A spotlight operator: when five spotlights illuminate the same actor, keep only the brightest spotlight and turn off the other four. Every modern object detection pipeline (YOLO, Faster R-CNN, SSD). Walk through the 3-step NMS algorithm: 1) pick box with highest $P_c$; 2) discard all boxes with $IoU \ge 0.5$ against it; 3) repeat for remaining boxes.",1,1,1,1,1,0,668,102,11.60824473564232,3
VID-472,Academic Lectures & Foundational Courses,DeepLearningAI,C4W3L08 Anchor Boxes,http://www.youtube.com/watch?v=RTlwl2bv0Tg,9:43,155K+,Multi-Object Spatial Overlap Mechanics,"Grid cell containing both a tall thin pedestrian and a wide flat car, assigning multiple anchor box shapes (tall rectangle vs wide rectangle).",Detecting both a person and a car when their bounding box midpoints fall into the exact same $7 	imes 7$ grid cell.,"A mailbox with two slots: one tall vertical slot for legal documents, and one wide horizontal slot for packages.",Dense multi-class object detection in autonomous driving traffic feeds.,"Methodical diagram annotations, clear explanation of label vector concatenation.","The 'two mailbox slots' analogy clearly explains why each grid cell outputs a duplicated vector $y = [p_c, b_x, b_y, b_h, b_w, c_1, c_2]^T$ for each anchor shape.",583,155000.0,"C4W3L08 Anchor Boxes Multi-Object Spatial Overlap Mechanics Grid cell containing both a tall thin pedestrian and a wide flat car, assigning multiple anchor box shapes (tall rectangle vs wide rectangle). Detecting both a person and a car when their bounding box midpoints fall into the exact same $7 	imes 7$ grid cell. A mailbox with two slots: one tall vertical slot for legal documents, and one wide horizontal slot for packages. Dense multi-class object detection in autonomous driving traffic feeds. The 'two mailbox slots' analogy clearly explains why each grid cell outputs a duplicated vector $y = [p_c, b_x, b_y, b_h, b_w, c_1, c_2]^T$ for each anchor shape.",1,1,1,1,1,0,666,108,11.951186847493476,7
VID-473,Academic Lectures & Foundational Courses,DeepLearningAI,C4W3L06 Intersection Over Union,http://www.youtube.com/watch?v=ANIzQ5G-XPE,4:19,91K+,Geometric Area Overlap Metric,"Ground truth bounding box (red) and predicted bounding box (green) overlapping, shaded intersection area divided by total union area.",Evaluating whether a proposed bounding box passes the standard $IoU \ge 0.5$ benchmark threshold.,Comparing two cookie cutters stamped on dough: measuring how much they overlap divided by the total dough covered.,"Evaluating object detection accuracy in benchmark competitions (COCO, Pascal VOC).","Crisp 4-minute lesson, visual geometric diagrams, crystal-clear definition.","Draw the Venn diagram: show that $IoU = rac{	ext{Area of Overlap}}{	ext{Area of Union}}$, defining perfect overlap as $1.0$.",259,91000.0,"C4W3L06 Intersection Over Union Geometric Area Overlap Metric Ground truth bounding box (red) and predicted bounding box (green) overlapping, shaded intersection area divided by total union area. Evaluating whether a proposed bounding box passes the standard $IoU \ge 0.5$ benchmark threshold. Comparing two cookie cutters stamped on dough: measuring how much they overlap divided by the total dough covered. Evaluating object detection accuracy in benchmark competitions (COCO, Pascal VOC). Draw the Venn diagram: show that $IoU = rac{	ext{Area of Overlap}}{	ext{Area of Union}}$, defining perfect overlap as $1.0$.",1,1,1,1,0,0,617,89,11.418625774449598,3
VID-474,Academic Lectures & Foundational Courses,DeepLearningAI,C4W3L09 YOLO Algorithm,http://www.youtube.com/watch?v=9s_FpMpdYW8,7:02,253K+,End-to-End Convolutional Detection Synthesis,"Combining grid cell output tensors ($19 	imes 19 	imes (5 	imes 85)$), anchor boxes, and non-max suppression into one unified pipeline.","Detecting dozens of cars, traffic lights, and pedestrians simultaneously at 45 FPS.",A high-speed camera printing a single panoramic map where every object is stamped with its name and box in a single flash.,"Real-time robotics, autonomous vehicles, retail automated checkout.",Synthesizes three weeks of computer vision lectures into a cohesive 7-minute architecture.,Show the full output tensor shape: explain that predicting a single 3D tensor volume directly via convolutional forward pass is why YOLO is so blistering fast.,422,253000.0,"C4W3L09 YOLO Algorithm End-to-End Convolutional Detection Synthesis Combining grid cell output tensors ($19 	imes 19 	imes (5 	imes 85)$), anchor boxes, and non-max suppression into one unified pipeline. Detecting dozens of cars, traffic lights, and pedestrians simultaneously at 45 FPS. A high-speed camera printing a single panoramic map where every object is stamped with its name and box in a single flash. Real-time robotics, autonomous vehicles, retail automated checkout. Show the full output tensor shape: explain that predicting a single 3D tensor volume directly via convolutional forward pass is why YOLO is so blistering fast.",1,1,1,1,0,0,638,95,12.441148720271016,3
VID-475,Academic Lectures & Foundational Courses,DeepLearningAI,C5W3L06 Bleu Score (Optional),http://www.youtube.com/watch?v=DejHQYAGb7Q,16:26,121K+,Automated Machine Translation Evaluation Math,"Modified n-gram precision formulas, clipping repeated candidate words against maximum reference frequency, brevity penalty curve.",Preventing a poor translation like 'the the the the' from achieving 100% precision.,"A proofreader checking how many 1-word, 2-word, and 3-word phrases match professional human translations.",Benchmarking machine translation systems and generative text summarizers.,"Patient mathematical arithmetic, clear formulas, transparent failure cases.","Explain the Brevity Penalty: show that without an exponential penalty for short outputs, an algorithm could output a single common word and achieve a deceptive perfect score.",986,121000.0,"C5W3L06 Bleu Score (Optional) Automated Machine Translation Evaluation Math Modified n-gram precision formulas, clipping repeated candidate words against maximum reference frequency, brevity penalty curve. Preventing a poor translation like 'the the the the' from achieving 100% precision. A proofreader checking how many 1-word, 2-word, and 3-word phrases match professional human translations. Benchmarking machine translation systems and generative text summarizers. Explain the Brevity Penalty: show that without an exponential penalty for short outputs, an algorithm could output a single common word and achieve a deceptive perfect score.",1,1,1,1,1,0,644,86,11.703554089007538,6
VID-476,Academic Lectures & Foundational Courses,DeepLearningAI,C4W3L02 Landmark Detection,http://www.youtube.com/watch?v=rRB9iymNy1w,5:57,100K+,Keypoint Regression & Facial Coordinates,"Facial portrait with 68 landmark points $(l_{1x}, l_{1y}, \dots, l_{68x}, l_{68y})$ on eyes, nose, mouth, and jawline outputted by neural net.","Tracking facial expressions, blink rates, and smile gestures for AR face filters (Snapchat / Instagram).",Placing motion-capture dots on an actor's face in a Hollywood visual effects studio.,"Augmented reality face filters, driver drowsiness detection, sports pose estimation.","Clear visual diagrams, concise 6-minute explanation, practical real-world relevance.","Explain that landmark detection is mathematically identical to bounding box regression: the neural network simply outputs coordinate numbers $(x, y)$ as continuous labels.",357,100000.0,"C4W3L02 Landmark Detection Keypoint Regression & Facial Coordinates Facial portrait with 68 landmark points $(l_{1x}, l_{1y}, \dots, l_{68x}, l_{68y})$ on eyes, nose, mouth, and jawline outputted by neural net. Tracking facial expressions, blink rates, and smile gestures for AR face filters (Snapchat / Instagram). Placing motion-capture dots on an actor's face in a Hollywood visual effects studio. Augmented reality face filters, driver drowsiness detection, sports pose estimation. Explain that landmark detection is mathematically identical to bounding box regression: the neural network simply outputs coordinate numbers $(x, y)$ as continuous labels.",1,1,1,1,0,0,657,90,11.51293546492023,3
VID-477,Academic Lectures & Foundational Courses,DeepLearningAI,C4W3L01 Object Localization,http://www.youtube.com/watch?v=GSwYGkTfOKk,11:54,178K+,Classification with Multi-Task Bounding Box Regression,"Output vector $y = [P_c, b_x, b_y, b_h, b_w, c_1, c_2, c_3]^T$, squared error loss for coordinates combined with cross-entropy for classes.",Predicting both whether an image contains a pedestrian and drawing the exact bounding box rectangle around them.,"A birdwatcher who not only identifies the bird species, but also points their laser pointer directly at the branch where the bird sits.","Autonomous car camera perception, security video monitoring.","Foundational computer vision lecture, clear blackboard notation, transparent loss formulation.","Explain the role of $P_c$ (probability of class): when $P_c = 0$, the loss function simply ignores the bounding box coordinate errors because no object exists.",714,178000.0,"C4W3L01 Object Localization Classification with Multi-Task Bounding Box Regression Output vector $y = [P_c, b_x, b_y, b_h, b_w, c_1, c_2, c_3]^T$, squared error loss for coordinates combined with cross-entropy for classes. Predicting both whether an image contains a pedestrian and drawing the exact bounding box rectangle around them. A birdwatcher who not only identifies the bird species, but also points their laser pointer directly at the branch where the bird sits. Autonomous car camera perception, security video monitoring. Explain the role of $P_c$ (probability of class): when $P_c = 0$, the loss function simply ignores the bounding box coordinate errors because no object exists.",1,1,1,1,1,0,692,104,12.08954444723597,3
VID-478,Academic Lectures & Foundational Courses,DeepLearningAI,C4W2L02 Classic Network,http://www.youtube.com/watch?v=dZVkygnKh1M,18:19,114K+,Historical Deep Vision Architecture Evolution,"Architecture schematics of LeNet-5 (1998), AlexNet (2012), and VGG-16 (2014), parameter counts, pooling layers.","Tracing the shift from small $5 	imes 5$ filters to stacks of simple, uniform $3 	imes 3$ convolutional filters in VGG.",The evolution of the steam engine into modern jet turbines: simplifying modular components while increasing scale and depth.,Feature extraction backbones in computer vision benchmarks.,"Historical and educational tour de force; clear parameter tables, insightful design commentary.","Highlight the VGG design philosophy: two consecutive $3 	imes 3$ convolutions have the exact same receptive field as one $5 	imes 5$ convolution, but with fewer parameters and an extra non-linearity.",1099,114000.0,"C4W2L02 Classic Network Historical Deep Vision Architecture Evolution Architecture schematics of LeNet-5 (1998), AlexNet (2012), and VGG-16 (2014), parameter counts, pooling layers. Tracing the shift from small $5 	imes 5$ filters to stacks of simple, uniform $3 	imes 3$ convolutional filters in VGG. The evolution of the steam engine into modern jet turbines: simplifying modular components while increasing scale and depth. Feature extraction backbones in computer vision benchmarks. Highlight the VGG design philosophy: two consecutive $3 	imes 3$ convolutions have the exact same receptive field as one $5 	imes 5$ convolution, but with fewer parameters and an extra non-linearity.",1,1,1,1,0,0,686,99,11.643962499267984,3
VID-479,Academic Lectures & Foundational Courses,DeepLearningAI,Gradient Checking Implementation Notes (C2W1L14),http://www.youtube.com/watch?v=4Ct3Yujl1dk,5:19,37K+,Numerical Derivative Verification & Debugging,"Two-sided finite difference quotient $rac{J(	heta + \epsilon) - J(	heta - \epsilon)}{2\epsilon}$, Euclidean vector difference relative error formula.",Verifying that a custom hand-coded backpropagation implementation in C++ or CUDA has zero gradient bugs.,Double-checking a complex tax accountant calculation with a simple manual paper arithmetic check.,"Writing custom deep learning autograd kernels, verifying GPU training operations.","Clear, practical engineering wisdom, concise 5-minute explanation.","Show the error threshold: if the relative difference is $10^{-7}$, your backprop is almost certainly correct; if it is $10^{-3}$, you have a bug.",319,37000.0,"Gradient Checking Implementation Notes (C2W1L14) Numerical Derivative Verification & Debugging Two-sided finite difference quotient $rac{J(	heta + \epsilon) - J(	heta - \epsilon)}{2\epsilon}$, Euclidean vector difference relative error formula. Verifying that a custom hand-coded backpropagation implementation in C++ or CUDA has zero gradient bugs. Double-checking a complex tax accountant calculation with a simple manual paper arithmetic check. Writing custom deep learning autograd kernels, verifying GPU training operations. Show the error threshold: if the relative difference is $10^{-7}$, your backprop is almost certainly correct; if it is $10^{-3}$, you have a bug.",1,1,1,1,1,1,676,92,10.518700218288163,4
VID-480,Academic Lectures & Foundational Courses,DeepLearningAI,Improving Model Performance (C3W1L01),http://www.youtube.com/watch?v=dFX8k1kXhOw,2:43,153K+,Orthogonalization & Strategic ML Strategy,Andrew Ng outlining the 4 orthogonal knobs of machine learning: 1) fit training set; 2) fit dev set; 3) fit test set; 4) perform well in the real world.,"Diagnosing whether to get a bigger neural network, collect more data, or add regularization.","Tuning an old television set with separate independent knobs for volume, brightness, contrast, and channel.","Managing machine learning engineering teams, avoiding rabbit holes in AI development.","High-level strategic wisdom, concise 2.5 minutes, clear mental model.",The 'television knobs' analogy explains Orthogonalization: adjust one knob at a time that affects only one aspect of performance without unintended side effects.,163,153000.0,"Improving Model Performance (C3W1L01) Orthogonalization & Strategic ML Strategy Andrew Ng outlining the 4 orthogonal knobs of machine learning: 1) fit training set; 2) fit dev set; 3) fit test set; 4) perform well in the real world. Diagnosing whether to get a bigger neural network, collect more data, or add regularization. Tuning an old television set with separate independent knobs for volume, brightness, contrast, and channel. Managing machine learning engineering teams, avoiding rabbit holes in AI development. The 'television knobs' analogy explains Orthogonalization: adjust one knob at a time that affects only one aspect of performance without unintended side effects.",1,1,1,1,0,0,681,101,11.938199736300923,4
VID-481,Computer Vision & Multimodal AI,TileStats,U-Net clearly explained | Image Segmentation with AI,http://www.youtube.com/watch?v=oxcgx75k6yU,32:16:00,36K+,Encoder-Decoder Contracting & Expanding Path,"U-shaped architecture diagrams, contracting encoder path, bottleneck, expanding decoder path, horizontal skip connections copying fine-grained feature maps.",Segmenting cell boundaries in biomedical microscopy photos and segmenting roads in satellite imagery.,"Compressing an architectural blueprint into a rough concept sketch, then expanding it back into a full building blueprint while glancing back at the original dimensions.","Medical MRI/CT lesion segmentation, backbone architecture for Stable Diffusion diffusion models.","Deeply educational, pristine whiteboard diagrams, patient step-by-step layer tracking.","Show why skip connections are mandatory: the decoder knows WHAT the object is from deep latent features, but needs skip connections from the encoder to know WHERE the exact pixel boundaries are.",116160,36000.0,"U-Net clearly explained | Image Segmentation with AI Encoder-Decoder Contracting & Expanding Path U-shaped architecture diagrams, contracting encoder path, bottleneck, expanding decoder path, horizontal skip connections copying fine-grained feature maps. Segmenting cell boundaries in biomedical microscopy photos and segmenting roads in satellite imagery. Compressing an architectural blueprint into a rough concept sketch, then expanding it back into a full building blueprint while glancing back at the original dimensions. Medical MRI/CT lesion segmentation, backbone architecture for Stable Diffusion diffusion models. Show why skip connections are mandatory: the decoder knows WHAT the object is from deep latent features, but needs skip connections from the encoder to know WHERE the exact pixel boundaries are.",1,1,1,1,0,0,818,111,10.491301994830229,5
VID-482,Academic Lectures & Foundational Courses,DeepLearningAI,What is end-to-end deep learning? (C3W2L09),http://www.youtube.com/watch?v=ImUoubi_t7s,11:48,47K+,Pipeline Decomposition vs Monolithic Deep Learning,Traditional multi-stage pipelines (Face detector -> Crop -> Feature extractor -> Classifier) contrasted with monolithic single-neural-network mapping ($X 	o Y$).,"Speech recognition: replacing phoneme extractors, acoustic models, and pronunciation dictionaries with a single deep neural network mapping audio waveforms to text.",Translating an ancient scroll: having five separate scholars each translate into an intermediate language vs having one bilingual scholar translate directly.,"Modern speech-to-text models (Whisper), autonomous driving stacks.","Balanced engineering analysis of pros and cons, clear slides, thoughtful tone.","Provide balanced engineering guidance: End-to-end deep learning shines when you have massive data ($X 	o Y$), but a multi-stage pipeline is far better when data is scarce.",708,47000.0,"What is end-to-end deep learning? (C3W2L09) Pipeline Decomposition vs Monolithic Deep Learning Traditional multi-stage pipelines (Face detector -> Crop -> Feature extractor -> Classifier) contrasted with monolithic single-neural-network mapping ($X 	o Y$). Speech recognition: replacing phoneme extractors, acoustic models, and pronunciation dictionaries with a single deep neural network mapping audio waveforms to text. Translating an ancient scroll: having five separate scholars each translate into an intermediate language vs having one bilingual scholar translate directly. Modern speech-to-text models (Whisper), autonomous driving stacks. Provide balanced engineering guidance: End-to-end deep learning shines when you have massive data ($X 	o Y$), but a multi-stage pipeline is far better when data is scarce.",1,1,1,1,0,0,818,108,10.757924157061597,4
VID-483,Academic Lectures & Foundational Courses,DeepLearningAI,Whether to Use End-To-End Deep Learning (C3W2L10),http://www.youtube.com/watch?v=l_-CUyEx_x4,10:20,24K+,Pragmatic System Design & Trade-Off Analysis,"Comparative tables of pros (bypasses human preconceived design biases) vs cons (requires massive labeled datasets, excludes hand-crafted domain knowledge).",Autonomous driving: why predicting steering wheel angle directly from raw camera pixels fails in rare edge cases compared to detecting lane lines and cars first.,"Building a house in one single giant 3D concrete pour vs assembling proven modular beams, pipes, and electrical circuits.","Self-driving car system architecture, enterprise software pipeline design.","Clear corporate advice, objective engineering realism, calm delivery.",The autonomous driving example demonstrates why pure end-to-end learning is often too brittle for safety-critical systems without intermediate representations.,620,24000.0,"Whether to Use End-To-End Deep Learning (C3W2L10) Pragmatic System Design & Trade-Off Analysis Comparative tables of pros (bypasses human preconceived design biases) vs cons (requires massive labeled datasets, excludes hand-crafted domain knowledge). Autonomous driving: why predicting steering wheel angle directly from raw camera pixels fails in rare edge cases compared to detecting lane lines and cars first. Building a house in one single giant 3D concrete pour vs assembling proven modular beams, pipes, and electrical circuits. Self-driving car system architecture, enterprise software pipeline design. The autonomous driving example demonstrates why pure end-to-end learning is often too brittle for safety-critical systems without intermediate representations.",1,1,1,1,0,0,769,103,10.085850775128716,4
VID-484,Machine Learning (ML),Google for Developers,Machine Learning Crash Course: Logistic Regression,http://www.youtube.com/watch?v=72AHKztZN44,3:25,151K+,Official Google Engineering Curriculum,"Sigmoid mathematical curve, logarithmic loss (Log Loss) formulas, Google Developer console visualization.",Classifying whether an incoming email is spam or legitimate in Gmail.,A probability dial that maps infinite positive evidence to 100% and infinite negative evidence to 0%.,"Google ad click-through rate prediction, spam detection.","Official Google video production, crisp narration, clear animated graphics.",Explain Log Loss simply: it heavily penalizes models that are confident AND wrong.,205,151000.0,"Machine Learning Crash Course: Logistic Regression Official Google Engineering Curriculum Sigmoid mathematical curve, logarithmic loss (Log Loss) formulas, Google Developer console visualization. Classifying whether an incoming email is spam or legitimate in Gmail. A probability dial that maps infinite positive evidence to 100% and infinite negative evidence to 0%. Google ad click-through rate prediction, spam detection. Explain Log Loss simply: it heavily penalizes models that are confident AND wrong.",1,1,1,1,1,0,507,69,11.92504173829169,8
VID-485,Computer Vision & Multimodal AI,AI Bites,"DALL·E 2 Explained - model architecture, results and comparison",http://www.youtube.com/watch?v=Z8E3LxqE49M,11:04,9.5K+,UnCLIP Two-Stage Generative Pipeline,UnCLIP architecture schematics: Text Prompt -> Prior (maps text embedding to CLIP image embedding) -> Decoder (diffusion model generating pixels).,Generating an oil painting of an astronaut riding a horse in a photorealistic style.,"An author describing a scene to an art director (the Prior), who sketches a thumbnail layout for a painter to flesh out with detailed paint (the Decoder).",Early landmark text-to-image foundation models (OpenAI DALL-E 2).,"Clear developer audio, high-density diagrams, structured paper progression.",Explain the role of the Prior: mapping text embeddings into the visual manifold of CLIP image embeddings before generating pixels.,664,9500.0,"DALL·E 2 Explained - model architecture, results and comparison UnCLIP Two-Stage Generative Pipeline UnCLIP architecture schematics: Text Prompt -> Prior (maps text embedding to CLIP image embedding) -> Decoder (diffusion model generating pixels). Generating an oil painting of an astronaut riding a horse in a photorealistic style. An author describing a scene to an art director (the Prior), who sketches a thumbnail layout for a painter to flesh out with detailed paint (the Decoder). Early landmark text-to-image foundation models (OpenAI DALL-E 2). Explain the role of the Prior: mapping text embeddings into the visual manifold of CLIP image embeddings before generating pixels.",1,1,1,1,0,0,684,102,9.15915233520675,5
VID-486,Computer Vision & Multimodal AI,Aleksa Gordić - The AI Epiphany,DALL-E: Zero-Shot Text-to-Image Generation | Paper Explained,http://www.youtube.com/watch?v=jMqLTPcA9CQ,33:27:00,15K+,Autoregressive Discrete VAE & Transformer,"Discrete VAE $32 	imes 32$ image token grids, concatenated 256 text tokens + 1024 image tokens, autoregressive transformer attention masks.",Generating an armchair in the shape of an avocado from scratch.,Writing a story where the first half is in English sentences and the second half is in visual picture hieroglyphics.,The origin of modern text-to-image generation (OpenAI DALL-E 1).,"Deep research paper analysis, line-by-line architecture breakdown, clear diagrams.",The 'hieroglyphics' analogy makes autoregressive discrete image token generation immediately understandable.,120420,15000.0,"DALL-E: Zero-Shot Text-to-Image Generation | Paper Explained Autoregressive Discrete VAE & Transformer Discrete VAE $32 	imes 32$ image token grids, concatenated 256 text tokens + 1024 image tokens, autoregressive transformer attention masks. Generating an armchair in the shape of an avocado from scratch. Writing a story where the first half is in English sentences and the second half is in visual picture hieroglyphics. The origin of modern text-to-image generation (OpenAI DALL-E 1). The 'hieroglyphics' analogy makes autoregressive discrete image token generation immediately understandable.",1,1,1,1,0,0,597,83,9.61587214452889,5
VID-487,Computer Vision & Multimodal AI,Roboflow,"Performance Metrics Ultralytics YOLOv8 | MAP, F1 Score, Precision, IOU & Accuracy | Episode 25",http://www.youtube.com/watch?v=q7LwPoM7tSQ,9:18,45K+,Practical Computer Vision Evaluation,"Precision-Recall curves, calculating Area Under the Curve (AUC) for Mean Average Precision (mAP@50 and mAP@50-95), confusion matrices.",Evaluating object detection performance on drone aerial footage across classes with severe class imbalance.,A sports referee scorecard measuring both how many valid goals they spotted (Recall) and how many false alarms they called (Precision).,Benchmarking object detection models before production deployment.,"Crisp developer instruction, high-contrast visual cards, clear practical guidelines.",Explain mAP@50-95: averaging mAP across 10 IoU thresholds from 0.50 to 0.95 ensures that detections with sloppy bounding boxes are penalized.,558,45000.0,"Performance Metrics Ultralytics YOLOv8 | MAP, F1 Score, Precision, IOU & Accuracy | Episode 25 Practical Computer Vision Evaluation Precision-Recall curves, calculating Area Under the Curve (AUC) for Mean Average Precision (mAP@50 and mAP@50-95), confusion matrices. Evaluating object detection performance on drone aerial footage across classes with severe class imbalance. A sports referee scorecard measuring both how many valid goals they spotted (Recall) and how many false alarms they called (Precision). Benchmarking object detection models before production deployment. Explain mAP@50-95: averaging mAP across 10 IoU thresholds from 0.50 to 0.95 ensures that detections with sloppy bounding boxes are penalized.",1,1,1,1,0,0,719,99,10.714439990727769,3
VID-488,Computer Vision & Multimodal AI,Dr. Priyanto Hidayatullah,YOLO11 Architecture - Detailed Explanation,http://www.youtube.com/watch?v=L9Va7Y9UT8E,11:01,28K+,Neural Backbone & Feature Pyramid Deep Dive,"C3k2 modules, SPPF (Spatial Pyramid Pooling - Fast), multi-scale detection heads, parameter reduction formulas.",Running high-speed edge detection on low-power Jetson Nano hardware.,Refining an optical telescope with lighter composite lenses that capture sharper starlight with less glass weight.,"Industrial edge computer vision, drone search and rescue.","Structured engineering presentation, clear block diagrams, focused 11-minute runtime.",Diagram the C3k2 module: show how replacing standard bottleneck blocks with grouped convolutions cuts FLOPs while preserving feature expressivity.,661,28000.0,"YOLO11 Architecture - Detailed Explanation Neural Backbone & Feature Pyramid Deep Dive C3k2 modules, SPPF (Spatial Pyramid Pooling - Fast), multi-scale detection heads, parameter reduction formulas. Running high-speed edge detection on low-power Jetson Nano hardware. Refining an optical telescope with lighter composite lenses that capture sharper starlight with less glass weight. Industrial edge computer vision, drone search and rescue. Diagram the C3k2 module: show how replacing standard bottleneck blocks with grouped convolutions cuts FLOPs while preserving feature expressivity.",1,1,1,1,0,0,587,78,10.239995502805316,3
VID-489,Computer Vision & Multimodal AI,Hummingbird,YOLO11/YOLO10 and DeepSORT: Object Detection and Tracking (Concept and Python Code),http://www.youtube.com/watch?v=-O19-7CYNko,18:00,6.7K+,Object Tracking & Kalman Filter Integration,"Kalman filter trajectory prediction ellipses, Hungarian matching distance matrix, tracking IDs persisting through visual occlusions.",Tracking individual soccer players across an entire 90-minute match without swapping player IDs when players cross paths.,A basketball referee keeping mental track of jersey numbers even when players huddle in a tight scrum.,"Sports analytics, traffic flow intersection monitoring, retail customer footfall analytics.","Clear Python code implementation, live bounding box tracking visualizations, robust error handling.","Explain DeepSORT's appearance descriptors: using a lightweight CNN feature vector ensures that if a player is blocked from view for 2 seconds, their ID is restored upon reappearance.",1080,6700.0,"YOLO11/YOLO10 and DeepSORT: Object Detection and Tracking (Concept and Python Code) Object Tracking & Kalman Filter Integration Kalman filter trajectory prediction ellipses, Hungarian matching distance matrix, tracking IDs persisting through visual occlusions. Tracking individual soccer players across an entire 90-minute match without swapping player IDs when players cross paths. A basketball referee keeping mental track of jersey numbers even when players huddle in a tight scrum. Sports analytics, traffic flow intersection monitoring, retail customer footfall analytics. Explain DeepSORT's appearance descriptors: using a lightweight CNN feature vector ensures that if a player is blocked from view for 2 seconds, their ID is restored upon reappearance.",1,1,1,1,1,1,760,104,8.81001204797317,3
VID-490,Generative AI & Diffusion Models,1littlecoder,Stable Diffusion ControlNet Explained | Control Net Examples,http://www.youtube.com/watch?v=6yCaXLh7hz4,9:41,36K+,Hands-On Model Steering & Condition Ingestion,"WebUI interface, Canny edge detection inputs, depth maps, scribble inputs, side-by-side generated outputs matching original wireframes.",Turning a crude hand-drawn doodle of a sports car into a photorealistic polished advertising poster.,A colorist filling in black-and-white comic book outlines with photorealistic paint.,"Concept art generation, architectural client mockups, product design.","Energetic, clear developer tutorial, live image generation examples.",Show the raw conditioning input (e.g. scribble or edge map) directly alongside the final image to make the precision of ControlNet undeniable.,581,36000.0,"Stable Diffusion ControlNet Explained | Control Net Examples Hands-On Model Steering & Condition Ingestion WebUI interface, Canny edge detection inputs, depth maps, scribble inputs, side-by-side generated outputs matching original wireframes. Turning a crude hand-drawn doodle of a sports car into a photorealistic polished advertising poster. A colorist filling in black-and-white comic book outlines with photorealistic paint. Concept art generation, architectural client mockups, product design. Show the raw conditioning input (e.g. scribble or edge map) directly alongside the final image to make the precision of ControlNet undeniable.",1,1,1,1,0,0,641,86,10.491301994830229,5
VID-491,Generative AI & Diffusion Models,Sebastian Kamph,How to use ControlNet. ControlNet for Stable Diffusion Tutorial.,http://www.youtube.com/watch?v=WZg3e6B2yPQ,16:23,415K+,Applied Visual Effects Masterclass,"OpenPose bone skeletons, depth map gradients, preprocessor model downloads, weight sliders, guidance start/end steps.",Locking a human character's pose across 5 completely different fantasy outfits and backgrounds.,An animator manipulating a posable wooden mannequin on their desk to guide their drawing.,"Video game character concept art, fashion catalog mockups.","High production value, crisp audio, clear visual examples, highly engaging creator presence.",Demonstrate Guidance Start and End steps: showing how turning off ControlNet guidance at 70% allows the diffusion model to add organic fine details while preserving the pose.,983,415000.0,"How to use ControlNet. ControlNet for Stable Diffusion Tutorial. Applied Visual Effects Masterclass OpenPose bone skeletons, depth map gradients, preprocessor model downloads, weight sliders, guidance start/end steps. Locking a human character's pose across 5 completely different fantasy outfits and backgrounds. An animator manipulating a posable wooden mannequin on their desk to guide their drawing. Video game character concept art, fashion catalog mockups. Demonstrate Guidance Start and End steps: showing how turning off ControlNet guidance at 70% allows the diffusion model to add organic fine details while preserving the pose.",1,1,1,1,0,0,637,89,12.936036208848488,5
VID-492,Generative AI & Diffusion Models,Roboflow,Segment Anything Model (SAM) Breakdown | Computer Vision Breakthrough,http://www.youtube.com/watch?v=umurJ8GsuH0,6:54,14K+,Fast Foundational Breakdown,"Meta SA-1B dataset statistics, 1 billion masks, prompting with points, boxes, and free-form text, zero-shot transfer.",Segmenting underwater coral reefs and microscopic plant cells with zero specialized training data.,A Swiss Army knife for computer vision segmentation that works on any image format in the world.,"Universal computer vision preprocessing, autonomous robotics.","Fast, punchy, professional graphics, concise 7-minute overview.",Highlight the Data Engine loop: Meta used model-assisted human annotation to iteratively grow the SA-1B dataset to 11M images and 1B masks.,414,14000.0,"Segment Anything Model (SAM) Breakdown | Computer Vision Breakthrough Fast Foundational Breakdown Meta SA-1B dataset statistics, 1 billion masks, prompting with points, boxes, and free-form text, zero-shot transfer. Segmenting underwater coral reefs and microscopic plant cells with zero specialized training data. A Swiss Army knife for computer vision segmentation that works on any image format in the world. Universal computer vision preprocessing, autonomous robotics. Highlight the Data Engine loop: Meta used model-assisted human annotation to iteratively grow the SA-1B dataset to 11M images and 1B masks.",1,1,1,1,1,0,613,86,9.546884034617923,3
VID-493,Generative AI & Diffusion Models,What's AI by Louis-François Bouchard,What is Stable Diffusion? (Latent Diffusion Models Explained),http://www.youtube.com/watch?v=RGBNdD3Wn-g,6:40,94K+,Visual Conceptual Summary,"Dynamic animations of forward noise addition, reverse denoising U-Net, CLIP text guidance arrows, perceptual compression.",Generating a portrait of a cyberpunk cat in neon lighting from text.,"Sculpting an ice statue from a rough block of ice, using hot air to melt away the excess ice until the shape emerges.","Commercial art generation, visual marketing.","Vibrant visual graphics, engaging pacing, concise 6.5-minute explanation.",Keep the three-component formula crystal clear: 1) Autoencoder (VAE); 2) Denoising U-Net; 3) Text Encoder (CLIP).,400,94000.0,"What is Stable Diffusion? (Latent Diffusion Models Explained) Visual Conceptual Summary Dynamic animations of forward noise addition, reverse denoising U-Net, CLIP text guidance arrows, perceptual compression. Generating a portrait of a cyberpunk cat in neon lighting from text. Sculpting an ice statue from a rough block of ice, using hot air to melt away the excess ice until the shape emerges. Commercial art generation, visual marketing. Keep the three-component formula crystal clear: 1) Autoencoder (VAE); 2) Denoising U-Net; 3) Text Encoder (CLIP).",1,1,1,1,1,0,555,82,11.451060699493429,5
VID-494,Generative AI & Diffusion Models,Google Research,Text-to-image generation explained,http://www.youtube.com/watch?v=9YrYDqhJdPw,5:49,32K+,Official Research Overview,"Google Imagen and Parti architectures, large frozen language models (T5-XXL) paired with cascading diffusion models.",Rendering photorealistic images with accurate in-image typography and complex spatial relations.,A master translator describing a vivid mental scene to an elite oil painter.,"Enterprise generative media generation, advertising creative suites.","Google Research polish, clean animations, authoritative narration.",Highlight the power of large language models: scaling the text encoder (T5-XXL) improved image fidelity and text alignment more than scaling the diffusion model itself.,349,32000.0,"Text-to-image generation explained Official Research Overview Google Imagen and Parti architectures, large frozen language models (T5-XXL) paired with cascading diffusion models. Rendering photorealistic images with accurate in-image typography and complex spatial relations. A master translator describing a vivid mental scene to an elite oil painter. Enterprise generative media generation, advertising creative suites. Highlight the power of large language models: scaling the text encoder (T5-XXL) improved image fidelity and text alignment more than scaling the diffusion model itself.",1,1,1,1,0,0,590,77,10.373522431293592,5
VID-495,Generative AI & Diffusion Models,Fahd Mirza,Mixture-of-Depths - Make AI Models Faster By 50%,http://www.youtube.com/watch?v=fjXW4Q_jUdU,8:22,650+,Dynamic Compute Allocation & Token Routing,"Google DeepMind paper diagrams, routing tokens dynamically around transformer layers using top-k router gating.",Skipping heavy self-attention layers for easy punctuation tokens (like periods and commas) while focusing compute on rare technical words.,"A highway express toll lane where simple commuter cars bypass local city streets, saving the full road capacity for heavy cargo trucks.",Reducing LLM training FLOPs by 50% without degrading downstream benchmark accuracy.,"Clear developer audio, focused 8-minute presentation, direct paper figures.",The 'express toll lane' analogy intuitively explains why spending equal compute on every token is wasteful.,502,650.0,"Mixture-of-Depths - Make AI Models Faster By 50% Dynamic Compute Allocation & Token Routing Google DeepMind paper diagrams, routing tokens dynamically around transformer layers using top-k router gating. Skipping heavy self-attention layers for easy punctuation tokens (like periods and commas) while focusing compute on rare technical words. A highway express toll lane where simple commuter cars bypass local city streets, saving the full road capacity for heavy cargo trucks. Reducing LLM training FLOPs by 50% without degrading downstream benchmark accuracy. The 'express toll lane' analogy intuitively explains why spending equal compute on every token is wasteful.",1,1,1,1,0,0,670,96,6.478509642208569,1
VID-496,Agentic AI & Multi-Agent Systems,Telusko,Getting Structured Output in JSON format,http://www.youtube.com/watch?v=CllLqPwCjD4,9:15,14K+,Hands-On Python Developer Tutorial,"Python script connecting to LLM API, defining prompt instructions, parsing JSON strings into native Python dictionaries.","Converting user travel inquiries into clean JSON objects with fields for destination, dates, and budget.",A digital customs declaration form where every traveler must enter their data into standardized boxes.,"Backend API pipelines, automating form submissions.","Friendly, energetic Indian English educator style, clear screen recording, practical focus.",Demonstrate the validation step: always catch JSONDecodeError in Python to handle edge cases gracefully.,555,14000.0,"Getting Structured Output in JSON format Hands-On Python Developer Tutorial Python script connecting to LLM API, defining prompt instructions, parsing JSON strings into native Python dictionaries. Converting user travel inquiries into clean JSON objects with fields for destination, dates, and budget. A digital customs declaration form where every traveler must enter their data into standardized boxes. Backend API pipelines, automating form submissions. Demonstrate the validation step: always catch JSONDecodeError in Python to handle edge cases gracefully.",1,1,1,1,0,1,561,76,9.546884034617923,2
VID-497,Generative AI & Diffusion Models,IBM Technology,Predictive vs Generative AI: How They Work and When to Use Each,http://www.youtube.com/watch?v=phOhGqpXss4,11:59,61K+,Architectural Taxonomy & Decision Framework,Lightboard comparison dividing machine learning into discriminative prediction ($p(y|x)$) vs generative synthesis ($p(x)$).,Contrasting credit default risk scoring (predictive) with automated drafting of loan approval letters (generative).,A meteorologist predicting tomorrow's weather vs an author writing a fantasy novel about a snowstorm.,Enterprise generative AI strategy and risk governance.,"Pristine studio lightboard, clear neon markers on glass, authoritative corporate delivery.",Provide a clear decision matrix: use Predictive AI for numerical risk and classification; use Generative AI for unstructured synthesis and creativity.,719,61000.0,Predictive vs Generative AI: How They Work and When to Use Each Architectural Taxonomy & Decision Framework Lightboard comparison dividing machine learning into discriminative prediction ($p(y|x)$) vs generative synthesis ($p(x)$). Contrasting credit default risk scoring (predictive) with automated drafting of loan approval letters (generative). A meteorologist predicting tomorrow's weather vs an author writing a fantasy novel about a snowstorm. Enterprise generative AI strategy and risk governance. Provide a clear decision matrix: use Predictive AI for numerical risk and classification; use Generative AI for unstructured synthesis and creativity.,1,1,1,1,1,0,655,87,11.0186455364637,8
VID-498,Academic Lectures & Foundational Courses,DeepLearningAI,Multitask Learning (C3W2L08),http://www.youtube.com/watch?v=UdXfsAr4Gjw,13:00,82K+,Shared Representation & Joint Loss Optimization,"Neural network with shared trunk features splitting into multiple binary output heads, joint loss function $\sum_{j=1}^4 \mathcal{L}(y_j, \hat{y}_j)$.","Autonomous driving: detecting pedestrians, stop signs, traffic lights, and vehicles simultaneously in a single forward pass.","A student studying for an decathlon: running, jumping, and sprinting cross-train the same core muscle groups.","Perception backbones in autonomous vehicles (Tesla Autopilot, Waymo).","Clear blackboard diagrams, patient explanations of missing label handling.",Explain when multi-task learning beats separate networks: 1) shared lower-level features; 2) similar amounts of data for each task; 3) high model capacity.,780,82000.0,"Multitask Learning (C3W2L08) Shared Representation & Joint Loss Optimization Neural network with shared trunk features splitting into multiple binary output heads, joint loss function $\sum_{j=1}^4 \mathcal{L}(y_j, \hat{y}_j)$. Autonomous driving: detecting pedestrians, stop signs, traffic lights, and vehicles simultaneously in a single forward pass. A student studying for an decathlon: running, jumping, and sprinting cross-train the same core muscle groups. Perception backbones in autonomous vehicles (Tesla Autopilot, Waymo). Explain when multi-task learning beats separate networks: 1) shared lower-level features; 2) similar amounts of data for each task; 3) high model capacity.",1,1,1,1,0,0,688,90,11.31448672129398,4
VID-499,Natural Language Processing (NLP),Yannic Kilcher,DeBERTa: Decoding-enhanced BERT with Disentangled Attention (Machine Learning Paper Explained),http://www.youtube.com/watch?v=_c6A33Fg5Ns,45:14:00,23K+,Disentangled Attention & Enhanced Mask Decoding,"Disentangled attention matrices separating content and relative position into two independent vectors, Enhanced Mask Decoder diagrams.",Outperforming human baselines on SuperGLUE natural language understanding benchmark.,Describing an actor in a play by both who they are (content) and where they are standing on stage (relative position) independently.,High-accuracy sentence classification and legal document search.,"Deep academic paper analysis, clear blackboard notations, candid engineering insights.","Explain Disentangled Attention: attention between tokens depends on four components (content-to-content, content-to-position, position-to-content, and position-to-position).",162840,23000.0,"DeBERTa: Decoding-enhanced BERT with Disentangled Attention (Machine Learning Paper Explained) Disentangled Attention & Enhanced Mask Decoding Disentangled attention matrices separating content and relative position into two independent vectors, Enhanced Mask Decoder diagrams. Outperforming human baselines on SuperGLUE natural language understanding benchmark. Describing an actor in a play by both who they are (content) and where they are standing on stage (relative position) independently. High-accuracy sentence classification and legal document search. Explain Disentangled Attention: attention between tokens depends on four components (content-to-content, content-to-position, position-to-content, and position-to-position).",1,1,1,1,0,0,734,85,10.043292972227004,6
VID-500,Hardware Acceleration & AI Silicon,Lex Fridman,"Jim Keller: Moore's Law, Microprocessors, and First Principles | Lex Fridman Podcast #70",http://www.youtube.com/watch?v=Nb2tebYAaOA,1:34:44,738K+,Microprocessor Architecture & First-Principles Silicon Design,"Studio interview, discussion of transistor physics, instruction pipelines, branch predictors, RISC-V, and dedicated AI accelerators.","Designing Apple A4/A5 chips, AMD Zen architecture, and Tenstorrent AI processors.",Designing a microprocessor is like organizing a city with billions of people where everyone must receive their mail in one billionth of a second.,"AI hardware acceleration, semiconductor industry scaling laws.",Legendary microprocessor architect Jim Keller in deep philosophical and technical discussion; world-class podcast audio.,The 'city with billions of people delivering mail in a nanosecond' analogy captures the scale of modern silicon design for AI workloads.,5684,738000.0,"Jim Keller: Moore's Law, Microprocessors, and First Principles | Lex Fridman Podcast #70 Microprocessor Architecture & First-Principles Silicon Design Studio interview, discussion of transistor physics, instruction pipelines, branch predictors, RISC-V, and dedicated AI accelerators. Designing Apple A4/A5 chips, AMD Zen architecture, and Tenstorrent AI processors. Designing a microprocessor is like organizing a city with billions of people where everyone must receive their mail in one billionth of a second. AI hardware acceleration, semiconductor industry scaling laws. The 'city with billions of people delivering mail in a nanosecond' analogy captures the scale of modern silicon design for AI workloads.",1,1,1,1,0,0,711,98,13.51170045859524,1
